WARNING - 2026-02-03 08:11:53 --> [DEPRECATED] Creation of dynamic property Config\Torrent::$imageDir is deprecated in APPPATH/Config/Torrent.php on line 114.
 1 SYSTEMPATH/Config/Factories.php(236): Config\Torrent->__construct()
 2 SYSTEMPATH/Config/Factories.php(170): CodeIgniter\Config\Factories::createInstance('config', 'Config\\Torrent', [])
 3 SYSTEMPATH/Config/Factories.php(189): CodeIgniter\Config\Factories::__callStatic('config', [])
 4 SYSTEMPATH/Common.php(208): CodeIgniter\Config\Factories::get('config', 'Torrent')
 5 APPPATH/Controllers/BaseController.php(131): config('Torrent')
 6 SYSTEMPATH/CodeIgniter.php(904): App\Controllers\BaseController->initController(Object(CodeIgniter\HTTP\IncomingRequest), Object(CodeIgniter\HTTP\Response), Object(CodeIgniter\Log\Logger))
 7 SYSTEMPATH/CodeIgniter.php(498): CodeIgniter\CodeIgniter->createController()
 8 SYSTEMPATH/CodeIgniter.php(354): CodeIgniter\CodeIgniter->handleRequest(null, Object(Config\Cache), false)
 9 SYSTEMPATH/Boot.php(363): CodeIgniter\CodeIgniter->run()
10 SYSTEMPATH/Boot.php(68): CodeIgniter\Boot::runCodeIgniter(Object(CodeIgniter\CodeIgniter))
11 FCPATH/index.php(59): CodeIgniter\Boot::bootWeb(Object(Config\Paths))
WARNING - 2026-02-03 08:11:53 --> [DEPRECATED] Creation of dynamic property Config\Torrent::$catImageDir is deprecated in APPPATH/Config/Torrent.php on line 115.
 1 SYSTEMPATH/Config/Factories.php(236): Config\Torrent->__construct()
 2 SYSTEMPATH/Config/Factories.php(170): CodeIgniter\Config\Factories::createInstance('config', 'Config\\Torrent', [])
 3 SYSTEMPATH/Config/Factories.php(189): CodeIgniter\Config\Factories::__callStatic('config', [])
 4 SYSTEMPATH/Common.php(208): CodeIgniter\Config\Factories::get('config', 'Torrent')
 5 APPPATH/Controllers/BaseController.php(131): config('Torrent')
 6 SYSTEMPATH/CodeIgniter.php(904): App\Controllers\BaseController->initController(Object(CodeIgniter\HTTP\IncomingRequest), Object(CodeIgniter\HTTP\Response), Object(CodeIgniter\Log\Logger))
 7 SYSTEMPATH/CodeIgniter.php(498): CodeIgniter\CodeIgniter->createController()
 8 SYSTEMPATH/CodeIgniter.php(354): CodeIgniter\CodeIgniter->handleRequest(null, Object(Config\Cache), false)
 9 SYSTEMPATH/Boot.php(363): CodeIgniter\CodeIgniter->run()
10 SYSTEMPATH/Boot.php(68): CodeIgniter\Boot::runCodeIgniter(Object(CodeIgniter\CodeIgniter))
11 FCPATH/index.php(59): CodeIgniter\Boot::bootWeb(Object(Config\Paths))
DEBUG - 2026-02-03 08:11:53 --> Session: Class initialized using 'CodeIgniter\Session\Handlers\DatabaseHandler' driver.
WARNING - 2026-02-03 08:11:53 --> [DEPRECATED] Creation of dynamic property Config\Torrent::$imageDir is deprecated in APPPATH/Config/Torrent.php on line 114.
 1 APPPATH/Helpers/avatar_helper.php(11): Config\Torrent->__construct()
 2 FCPATH/themes/front/torrent_view.php(56): avatar('1.png', 70, 'img-rounded img-responsive border border-dark border-3')
 3 SYSTEMPATH/View/View.php(226): include('/srv/http/torr.ws/public/themes/front/torrent_view.php')
 4 SYSTEMPATH/View/View.php(229): CodeIgniter\View\View->{closure:CodeIgniter\View\View::render():223}()
 5 APPPATH/ThirdParty/templates/Themes.php(464): CodeIgniter\View\View->render('torrent_view')
 6 APPPATH/Controllers/TorrentController.php(143): Arifrh\Themes\Themes::render('torrent_view', [...])
 7 SYSTEMPATH/CodeIgniter.php(933): App\Controllers\TorrentController->TorrentView(49)
 8 SYSTEMPATH/CodeIgniter.php(507): CodeIgniter\CodeIgniter->runController(Object(App\Controllers\TorrentController))
 9 SYSTEMPATH/CodeIgniter.php(354): CodeIgniter\CodeIgniter->handleRequest(null, Object(Config\Cache), false)
10 SYSTEMPATH/Boot.php(363): CodeIgniter\CodeIgniter->run()
11 SYSTEMPATH/Boot.php(68): CodeIgniter\Boot::runCodeIgniter(Object(CodeIgniter\CodeIgniter))
12 FCPATH/index.php(59): CodeIgniter\Boot::bootWeb(Object(Config\Paths))
WARNING - 2026-02-03 08:11:53 --> [DEPRECATED] Creation of dynamic property Config\Torrent::$catImageDir is deprecated in APPPATH/Config/Torrent.php on line 115.
 1 APPPATH/Helpers/avatar_helper.php(11): Config\Torrent->__construct()
 2 FCPATH/themes/front/torrent_view.php(56): avatar('1.png', 70, 'img-rounded img-responsive border border-dark border-3')
 3 SYSTEMPATH/View/View.php(226): include('/srv/http/torr.ws/public/themes/front/torrent_view.php')
 4 SYSTEMPATH/View/View.php(229): CodeIgniter\View\View->{closure:CodeIgniter\View\View::render():223}()
 5 APPPATH/ThirdParty/templates/Themes.php(464): CodeIgniter\View\View->render('torrent_view')
 6 APPPATH/Controllers/TorrentController.php(143): Arifrh\Themes\Themes::render('torrent_view', [...])
 7 SYSTEMPATH/CodeIgniter.php(933): App\Controllers\TorrentController->TorrentView(49)
 8 SYSTEMPATH/CodeIgniter.php(507): CodeIgniter\CodeIgniter->runController(Object(App\Controllers\TorrentController))
 9 SYSTEMPATH/CodeIgniter.php(354): CodeIgniter\CodeIgniter->handleRequest(null, Object(Config\Cache), false)
10 SYSTEMPATH/Boot.php(363): CodeIgniter\CodeIgniter->run()
11 SYSTEMPATH/Boot.php(68): CodeIgniter\Boot::runCodeIgniter(Object(CodeIgniter\CodeIgniter))
12 FCPATH/index.php(59): CodeIgniter\Boot::bootWeb(Object(Config\Paths))
WARNING - 2026-02-03 08:11:53 --> [DEPRECATED] Creation of dynamic property Config\Torrent::$imageDir is deprecated in APPPATH/Config/Torrent.php on line 114.
 1 APPPATH/Helpers/avatar_helper.php(11): Config\Torrent->__construct()
 2 FCPATH/themes/front/widget/login.php(9): avatar('1.png', 200)
 3 FCPATH/themes/front/footer.php(4): include('/srv/http/torr.ws/public/themes/front/widget/login.php')
 4 SYSTEMPATH/View/View.php(226): include('/srv/http/torr.ws/public/themes/front/footer.php')
 5 SYSTEMPATH/View/View.php(229): CodeIgniter\View\View->{closure:CodeIgniter\View\View::render():223}()
 6 APPPATH/ThirdParty/templates/Themes.php(468): CodeIgniter\View\View->render('footer')
 7 APPPATH/Controllers/TorrentController.php(143): Arifrh\Themes\Themes::render('torrent_view', [...])
 8 SYSTEMPATH/CodeIgniter.php(933): App\Controllers\TorrentController->TorrentView(49)
 9 SYSTEMPATH/CodeIgniter.php(507): CodeIgniter\CodeIgniter->runController(Object(App\Controllers\TorrentController))
10 SYSTEMPATH/CodeIgniter.php(354): CodeIgniter\CodeIgniter->handleRequest(null, Object(Config\Cache), false)
11 SYSTEMPATH/Boot.php(363): CodeIgniter\CodeIgniter->run()
12 SYSTEMPATH/Boot.php(68): CodeIgniter\Boot::runCodeIgniter(Object(CodeIgniter\CodeIgniter))
13 FCPATH/index.php(59): CodeIgniter\Boot::bootWeb(Object(Config\Paths))
WARNING - 2026-02-03 08:11:53 --> [DEPRECATED] Creation of dynamic property Config\Torrent::$catImageDir is deprecated in APPPATH/Config/Torrent.php on line 115.
 1 APPPATH/Helpers/avatar_helper.php(11): Config\Torrent->__construct()
 2 FCPATH/themes/front/widget/login.php(9): avatar('1.png', 200)
 3 FCPATH/themes/front/footer.php(4): include('/srv/http/torr.ws/public/themes/front/widget/login.php')
 4 SYSTEMPATH/View/View.php(226): include('/srv/http/torr.ws/public/themes/front/footer.php')
 5 SYSTEMPATH/View/View.php(229): CodeIgniter\View\View->{closure:CodeIgniter\View\View::render():223}()
 6 APPPATH/ThirdParty/templates/Themes.php(468): CodeIgniter\View\View->render('footer')
 7 APPPATH/Controllers/TorrentController.php(143): Arifrh\Themes\Themes::render('torrent_view', [...])
 8 SYSTEMPATH/CodeIgniter.php(933): App\Controllers\TorrentController->TorrentView(49)
 9 SYSTEMPATH/CodeIgniter.php(507): CodeIgniter\CodeIgniter->runController(Object(App\Controllers\TorrentController))
10 SYSTEMPATH/CodeIgniter.php(354): CodeIgniter\CodeIgniter->handleRequest(null, Object(Config\Cache), false)
11 SYSTEMPATH/Boot.php(363): CodeIgniter\CodeIgniter->run()
12 SYSTEMPATH/Boot.php(68): CodeIgniter\Boot::runCodeIgniter(Object(CodeIgniter\CodeIgniter))
13 FCPATH/index.php(59): CodeIgniter\Boot::bootWeb(Object(Config\Paths))
WARNING - 2026-02-03 08:12:13 --> [DEPRECATED] Creation of dynamic property Config\Torrent::$imageDir is deprecated in APPPATH/Config/Torrent.php on line 114.
 1 SYSTEMPATH/Config/Factories.php(236): Config\Torrent->__construct()
 2 SYSTEMPATH/Config/Factories.php(170): CodeIgniter\Config\Factories::createInstance('config', 'Config\\Torrent', [])
 3 SYSTEMPATH/Config/Factories.php(189): CodeIgniter\Config\Factories::__callStatic('config', [])
 4 SYSTEMPATH/Common.php(208): CodeIgniter\Config\Factories::get('config', 'Torrent')
 5 APPPATH/Controllers/BaseController.php(131): config('Torrent')
 6 SYSTEMPATH/CodeIgniter.php(904): App\Controllers\BaseController->initController(Object(CodeIgniter\HTTP\IncomingRequest), Object(CodeIgniter\HTTP\Response), Object(CodeIgniter\Log\Logger))
 7 SYSTEMPATH/CodeIgniter.php(498): CodeIgniter\CodeIgniter->createController()
 8 SYSTEMPATH/CodeIgniter.php(354): CodeIgniter\CodeIgniter->handleRequest(null, Object(Config\Cache), false)
 9 SYSTEMPATH/Boot.php(363): CodeIgniter\CodeIgniter->run()
10 SYSTEMPATH/Boot.php(68): CodeIgniter\Boot::runCodeIgniter(Object(CodeIgniter\CodeIgniter))
11 FCPATH/index.php(59): CodeIgniter\Boot::bootWeb(Object(Config\Paths))
WARNING - 2026-02-03 08:12:13 --> [DEPRECATED] Creation of dynamic property Config\Torrent::$catImageDir is deprecated in APPPATH/Config/Torrent.php on line 115.
 1 SYSTEMPATH/Config/Factories.php(236): Config\Torrent->__construct()
 2 SYSTEMPATH/Config/Factories.php(170): CodeIgniter\Config\Factories::createInstance('config', 'Config\\Torrent', [])
 3 SYSTEMPATH/Config/Factories.php(189): CodeIgniter\Config\Factories::__callStatic('config', [])
 4 SYSTEMPATH/Common.php(208): CodeIgniter\Config\Factories::get('config', 'Torrent')
 5 APPPATH/Controllers/BaseController.php(131): config('Torrent')
 6 SYSTEMPATH/CodeIgniter.php(904): App\Controllers\BaseController->initController(Object(CodeIgniter\HTTP\IncomingRequest), Object(CodeIgniter\HTTP\Response), Object(CodeIgniter\Log\Logger))
 7 SYSTEMPATH/CodeIgniter.php(498): CodeIgniter\CodeIgniter->createController()
 8 SYSTEMPATH/CodeIgniter.php(354): CodeIgniter\CodeIgniter->handleRequest(null, Object(Config\Cache), false)
 9 SYSTEMPATH/Boot.php(363): CodeIgniter\CodeIgniter->run()
10 SYSTEMPATH/Boot.php(68): CodeIgniter\Boot::runCodeIgniter(Object(CodeIgniter\CodeIgniter))
11 FCPATH/index.php(59): CodeIgniter\Boot::bootWeb(Object(Config\Paths))
DEBUG - 2026-02-03 08:12:13 --> Session: Class initialized using 'CodeIgniter\Session\Handlers\DatabaseHandler' driver.
WARNING - 2026-02-03 08:12:14 --> [DEPRECATED] Creation of dynamic property Config\Torrent::$imageDir is deprecated in APPPATH/Config/Torrent.php on line 114.
 1 APPPATH/Helpers/avatar_helper.php(11): Config\Torrent->__construct()
 2 FCPATH/themes/front/widget/login.php(9): avatar('1.png', 200)
 3 FCPATH/themes/front/footer.php(4): include('/srv/http/torr.ws/public/themes/front/widget/login.php')
 4 SYSTEMPATH/View/View.php(226): include('/srv/http/torr.ws/public/themes/front/footer.php')
 5 SYSTEMPATH/View/View.php(229): CodeIgniter\View\View->{closure:CodeIgniter\View\View::render():223}()
 6 APPPATH/ThirdParty/templates/Themes.php(468): CodeIgniter\View\View->render('footer')
 7 APPPATH/Controllers/Home.php(51): Arifrh\Themes\Themes::render('home', [...])
 8 SYSTEMPATH/CodeIgniter.php(933): App\Controllers\Home->index()
 9 SYSTEMPATH/CodeIgniter.php(507): CodeIgniter\CodeIgniter->runController(Object(App\Controllers\Home))
10 SYSTEMPATH/CodeIgniter.php(354): CodeIgniter\CodeIgniter->handleRequest(null, Object(Config\Cache), false)
11 SYSTEMPATH/Boot.php(363): CodeIgniter\CodeIgniter->run()
12 SYSTEMPATH/Boot.php(68): CodeIgniter\Boot::runCodeIgniter(Object(CodeIgniter\CodeIgniter))
13 FCPATH/index.php(59): CodeIgniter\Boot::bootWeb(Object(Config\Paths))
WARNING - 2026-02-03 08:12:14 --> [DEPRECATED] Creation of dynamic property Config\Torrent::$catImageDir is deprecated in APPPATH/Config/Torrent.php on line 115.
 1 APPPATH/Helpers/avatar_helper.php(11): Config\Torrent->__construct()
 2 FCPATH/themes/front/widget/login.php(9): avatar('1.png', 200)
 3 FCPATH/themes/front/footer.php(4): include('/srv/http/torr.ws/public/themes/front/widget/login.php')
 4 SYSTEMPATH/View/View.php(226): include('/srv/http/torr.ws/public/themes/front/footer.php')
 5 SYSTEMPATH/View/View.php(229): CodeIgniter\View\View->{closure:CodeIgniter\View\View::render():223}()
 6 APPPATH/ThirdParty/templates/Themes.php(468): CodeIgniter\View\View->render('footer')
 7 APPPATH/Controllers/Home.php(51): Arifrh\Themes\Themes::render('home', [...])
 8 SYSTEMPATH/CodeIgniter.php(933): App\Controllers\Home->index()
 9 SYSTEMPATH/CodeIgniter.php(507): CodeIgniter\CodeIgniter->runController(Object(App\Controllers\Home))
10 SYSTEMPATH/CodeIgniter.php(354): CodeIgniter\CodeIgniter->handleRequest(null, Object(Config\Cache), false)
11 SYSTEMPATH/Boot.php(363): CodeIgniter\CodeIgniter->run()
12 SYSTEMPATH/Boot.php(68): CodeIgniter\Boot::runCodeIgniter(Object(CodeIgniter\CodeIgniter))
13 FCPATH/index.php(59): CodeIgniter\Boot::bootWeb(Object(Config\Paths))
WARNING - 2026-02-03 08:13:55 --> [DEPRECATED] Creation of dynamic property Config\Torrent::$imageDir is deprecated in APPPATH/Config/Torrent.php on line 114.
 1 SYSTEMPATH/Config/Factories.php(236): Config\Torrent->__construct()
 2 SYSTEMPATH/Config/Factories.php(170): CodeIgniter\Config\Factories::createInstance('config', 'Config\\Torrent', [])
 3 SYSTEMPATH/Config/Factories.php(189): CodeIgniter\Config\Factories::__callStatic('config', [])
 4 SYSTEMPATH/Common.php(208): CodeIgniter\Config\Factories::get('config', 'Torrent')
 5 APPPATH/Controllers/BaseController.php(131): config('Torrent')
 6 SYSTEMPATH/CodeIgniter.php(904): App\Controllers\BaseController->initController(Object(CodeIgniter\HTTP\IncomingRequest), Object(CodeIgniter\HTTP\Response), Object(CodeIgniter\Log\Logger))
 7 SYSTEMPATH/CodeIgniter.php(498): CodeIgniter\CodeIgniter->createController()
 8 SYSTEMPATH/CodeIgniter.php(354): CodeIgniter\CodeIgniter->handleRequest(null, Object(Config\Cache), false)
 9 SYSTEMPATH/Boot.php(363): CodeIgniter\CodeIgniter->run()
10 SYSTEMPATH/Boot.php(68): CodeIgniter\Boot::runCodeIgniter(Object(CodeIgniter\CodeIgniter))
11 FCPATH/index.php(59): CodeIgniter\Boot::bootWeb(Object(Config\Paths))
WARNING - 2026-02-03 08:13:55 --> [DEPRECATED] Creation of dynamic property Config\Torrent::$catImageDir is deprecated in APPPATH/Config/Torrent.php on line 115.
 1 SYSTEMPATH/Config/Factories.php(236): Config\Torrent->__construct()
 2 SYSTEMPATH/Config/Factories.php(170): CodeIgniter\Config\Factories::createInstance('config', 'Config\\Torrent', [])
 3 SYSTEMPATH/Config/Factories.php(189): CodeIgniter\Config\Factories::__callStatic('config', [])
 4 SYSTEMPATH/Common.php(208): CodeIgniter\Config\Factories::get('config', 'Torrent')
 5 APPPATH/Controllers/BaseController.php(131): config('Torrent')
 6 SYSTEMPATH/CodeIgniter.php(904): App\Controllers\BaseController->initController(Object(CodeIgniter\HTTP\IncomingRequest), Object(CodeIgniter\HTTP\Response), Object(CodeIgniter\Log\Logger))
 7 SYSTEMPATH/CodeIgniter.php(498): CodeIgniter\CodeIgniter->createController()
 8 SYSTEMPATH/CodeIgniter.php(354): CodeIgniter\CodeIgniter->handleRequest(null, Object(Config\Cache), false)
 9 SYSTEMPATH/Boot.php(363): CodeIgniter\CodeIgniter->run()
10 SYSTEMPATH/Boot.php(68): CodeIgniter\Boot::runCodeIgniter(Object(CodeIgniter\CodeIgniter))
11 FCPATH/index.php(59): CodeIgniter\Boot::bootWeb(Object(Config\Paths))
DEBUG - 2026-02-03 08:13:55 --> Session: Class initialized using 'CodeIgniter\Session\Handlers\DatabaseHandler' driver.
WARNING - 2026-02-03 08:13:55 --> [DEPRECATED] Creation of dynamic property Config\Torrent::$imageDir is deprecated in APPPATH/Config/Torrent.php on line 114.
 1 APPPATH/Helpers/avatar_helper.php(11): Config\Torrent->__construct()
 2 FCPATH/themes/front/widget/login.php(9): avatar('1.png', 200)
 3 FCPATH/themes/front/footer.php(4): include('/srv/http/torr.ws/public/themes/front/widget/login.php')
 4 SYSTEMPATH/View/View.php(226): include('/srv/http/torr.ws/public/themes/front/footer.php')
 5 SYSTEMPATH/View/View.php(229): CodeIgniter\View\View->{closure:CodeIgniter\View\View::render():223}()
 6 APPPATH/ThirdParty/templates/Themes.php(468): CodeIgniter\View\View->render('footer')
 7 APPPATH/Controllers/Home.php(51): Arifrh\Themes\Themes::render('home', [...])
 8 SYSTEMPATH/CodeIgniter.php(933): App\Controllers\Home->index()
 9 SYSTEMPATH/CodeIgniter.php(507): CodeIgniter\CodeIgniter->runController(Object(App\Controllers\Home))
10 SYSTEMPATH/CodeIgniter.php(354): CodeIgniter\CodeIgniter->handleRequest(null, Object(Config\Cache), false)
11 SYSTEMPATH/Boot.php(363): CodeIgniter\CodeIgniter->run()
12 SYSTEMPATH/Boot.php(68): CodeIgniter\Boot::runCodeIgniter(Object(CodeIgniter\CodeIgniter))
13 FCPATH/index.php(59): CodeIgniter\Boot::bootWeb(Object(Config\Paths))
WARNING - 2026-02-03 08:13:55 --> [DEPRECATED] Creation of dynamic property Config\Torrent::$catImageDir is deprecated in APPPATH/Config/Torrent.php on line 115.
 1 APPPATH/Helpers/avatar_helper.php(11): Config\Torrent->__construct()
 2 FCPATH/themes/front/widget/login.php(9): avatar('1.png', 200)
 3 FCPATH/themes/front/footer.php(4): include('/srv/http/torr.ws/public/themes/front/widget/login.php')
 4 SYSTEMPATH/View/View.php(226): include('/srv/http/torr.ws/public/themes/front/footer.php')
 5 SYSTEMPATH/View/View.php(229): CodeIgniter\View\View->{closure:CodeIgniter\View\View::render():223}()
 6 APPPATH/ThirdParty/templates/Themes.php(468): CodeIgniter\View\View->render('footer')
 7 APPPATH/Controllers/Home.php(51): Arifrh\Themes\Themes::render('home', [...])
 8 SYSTEMPATH/CodeIgniter.php(933): App\Controllers\Home->index()
 9 SYSTEMPATH/CodeIgniter.php(507): CodeIgniter\CodeIgniter->runController(Object(App\Controllers\Home))
10 SYSTEMPATH/CodeIgniter.php(354): CodeIgniter\CodeIgniter->handleRequest(null, Object(Config\Cache), false)
11 SYSTEMPATH/Boot.php(363): CodeIgniter\CodeIgniter->run()
12 SYSTEMPATH/Boot.php(68): CodeIgniter\Boot::runCodeIgniter(Object(CodeIgniter\CodeIgniter))
13 FCPATH/index.php(59): CodeIgniter\Boot::bootWeb(Object(Config\Paths))
WARNING - 2026-02-03 08:14:18 --> [DEPRECATED] Creation of dynamic property Config\Torrent::$imageDir is deprecated in APPPATH/Config/Torrent.php on line 114.
 1 SYSTEMPATH/Config/Factories.php(236): Config\Torrent->__construct()
 2 SYSTEMPATH/Config/Factories.php(170): CodeIgniter\Config\Factories::createInstance('config', 'Config\\Torrent', [])
 3 SYSTEMPATH/Config/Factories.php(189): CodeIgniter\Config\Factories::__callStatic('config', [])
 4 SYSTEMPATH/Common.php(208): CodeIgniter\Config\Factories::get('config', 'Torrent')
 5 APPPATH/Controllers/BaseController.php(131): config('Torrent')
 6 SYSTEMPATH/CodeIgniter.php(904): App\Controllers\BaseController->initController(Object(CodeIgniter\HTTP\IncomingRequest), Object(CodeIgniter\HTTP\Response), Object(CodeIgniter\Log\Logger))
 7 SYSTEMPATH/CodeIgniter.php(498): CodeIgniter\CodeIgniter->createController()
 8 SYSTEMPATH/CodeIgniter.php(354): CodeIgniter\CodeIgniter->handleRequest(null, Object(Config\Cache), false)
 9 SYSTEMPATH/Boot.php(363): CodeIgniter\CodeIgniter->run()
10 SYSTEMPATH/Boot.php(68): CodeIgniter\Boot::runCodeIgniter(Object(CodeIgniter\CodeIgniter))
11 FCPATH/index.php(59): CodeIgniter\Boot::bootWeb(Object(Config\Paths))
WARNING - 2026-02-03 08:14:18 --> [DEPRECATED] Creation of dynamic property Config\Torrent::$catImageDir is deprecated in APPPATH/Config/Torrent.php on line 115.
 1 SYSTEMPATH/Config/Factories.php(236): Config\Torrent->__construct()
 2 SYSTEMPATH/Config/Factories.php(170): CodeIgniter\Config\Factories::createInstance('config', 'Config\\Torrent', [])
 3 SYSTEMPATH/Config/Factories.php(189): CodeIgniter\Config\Factories::__callStatic('config', [])
 4 SYSTEMPATH/Common.php(208): CodeIgniter\Config\Factories::get('config', 'Torrent')
 5 APPPATH/Controllers/BaseController.php(131): config('Torrent')
 6 SYSTEMPATH/CodeIgniter.php(904): App\Controllers\BaseController->initController(Object(CodeIgniter\HTTP\IncomingRequest), Object(CodeIgniter\HTTP\Response), Object(CodeIgniter\Log\Logger))
 7 SYSTEMPATH/CodeIgniter.php(498): CodeIgniter\CodeIgniter->createController()
 8 SYSTEMPATH/CodeIgniter.php(354): CodeIgniter\CodeIgniter->handleRequest(null, Object(Config\Cache), false)
 9 SYSTEMPATH/Boot.php(363): CodeIgniter\CodeIgniter->run()
10 SYSTEMPATH/Boot.php(68): CodeIgniter\Boot::runCodeIgniter(Object(CodeIgniter\CodeIgniter))
11 FCPATH/index.php(59): CodeIgniter\Boot::bootWeb(Object(Config\Paths))
DEBUG - 2026-02-03 08:14:18 --> Session: Class initialized using 'CodeIgniter\Session\Handlers\DatabaseHandler' driver.
WARNING - 2026-02-03 08:14:18 --> [DEPRECATED] Creation of dynamic property Config\Torrent::$imageDir is deprecated in APPPATH/Config/Torrent.php on line 114.
 1 APPPATH/Helpers/avatar_helper.php(11): Config\Torrent->__construct()
 2 FCPATH/themes/front/widget/login.php(9): avatar('1.png', 200)
 3 FCPATH/themes/front/footer.php(4): include('/srv/http/torr.ws/public/themes/front/widget/login.php')
 4 SYSTEMPATH/View/View.php(226): include('/srv/http/torr.ws/public/themes/front/footer.php')
 5 SYSTEMPATH/View/View.php(229): CodeIgniter\View\View->{closure:CodeIgniter\View\View::render():223}()
 6 APPPATH/ThirdParty/templates/Themes.php(468): CodeIgniter\View\View->render('footer')
 7 APPPATH/Controllers/Home.php(51): Arifrh\Themes\Themes::render('home', [...])
 8 SYSTEMPATH/CodeIgniter.php(933): App\Controllers\Home->index()
 9 SYSTEMPATH/CodeIgniter.php(507): CodeIgniter\CodeIgniter->runController(Object(App\Controllers\Home))
10 SYSTEMPATH/CodeIgniter.php(354): CodeIgniter\CodeIgniter->handleRequest(null, Object(Config\Cache), false)
11 SYSTEMPATH/Boot.php(363): CodeIgniter\CodeIgniter->run()
12 SYSTEMPATH/Boot.php(68): CodeIgniter\Boot::runCodeIgniter(Object(CodeIgniter\CodeIgniter))
13 FCPATH/index.php(59): CodeIgniter\Boot::bootWeb(Object(Config\Paths))
WARNING - 2026-02-03 08:14:18 --> [DEPRECATED] Creation of dynamic property Config\Torrent::$catImageDir is deprecated in APPPATH/Config/Torrent.php on line 115.
 1 APPPATH/Helpers/avatar_helper.php(11): Config\Torrent->__construct()
 2 FCPATH/themes/front/widget/login.php(9): avatar('1.png', 200)
 3 FCPATH/themes/front/footer.php(4): include('/srv/http/torr.ws/public/themes/front/widget/login.php')
 4 SYSTEMPATH/View/View.php(226): include('/srv/http/torr.ws/public/themes/front/footer.php')
 5 SYSTEMPATH/View/View.php(229): CodeIgniter\View\View->{closure:CodeIgniter\View\View::render():223}()
 6 APPPATH/ThirdParty/templates/Themes.php(468): CodeIgniter\View\View->render('footer')
 7 APPPATH/Controllers/Home.php(51): Arifrh\Themes\Themes::render('home', [...])
 8 SYSTEMPATH/CodeIgniter.php(933): App\Controllers\Home->index()
 9 SYSTEMPATH/CodeIgniter.php(507): CodeIgniter\CodeIgniter->runController(Object(App\Controllers\Home))
10 SYSTEMPATH/CodeIgniter.php(354): CodeIgniter\CodeIgniter->handleRequest(null, Object(Config\Cache), false)
11 SYSTEMPATH/Boot.php(363): CodeIgniter\CodeIgniter->run()
12 SYSTEMPATH/Boot.php(68): CodeIgniter\Boot::runCodeIgniter(Object(CodeIgniter\CodeIgniter))
13 FCPATH/index.php(59): CodeIgniter\Boot::bootWeb(Object(Config\Paths))
WARNING - 2026-02-03 08:18:43 --> [DEPRECATED] Creation of dynamic property Config\Torrent::$imageDir is deprecated in APPPATH/Config/Torrent.php on line 114.
 1 SYSTEMPATH/Config/Factories.php(236): Config\Torrent->__construct()
 2 SYSTEMPATH/Config/Factories.php(170): CodeIgniter\Config\Factories::createInstance('config', 'Config\\Torrent', [])
 3 SYSTEMPATH/Config/Factories.php(189): CodeIgniter\Config\Factories::__callStatic('config', [])
 4 SYSTEMPATH/Common.php(208): CodeIgniter\Config\Factories::get('config', 'Torrent')
 5 APPPATH/Controllers/BaseController.php(131): config('Torrent')
 6 SYSTEMPATH/CodeIgniter.php(904): App\Controllers\BaseController->initController(Object(CodeIgniter\HTTP\IncomingRequest), Object(CodeIgniter\HTTP\Response), Object(CodeIgniter\Log\Logger))
 7 SYSTEMPATH/CodeIgniter.php(498): CodeIgniter\CodeIgniter->createController()
 8 SYSTEMPATH/CodeIgniter.php(354): CodeIgniter\CodeIgniter->handleRequest(null, Object(Config\Cache), false)
 9 SYSTEMPATH/Boot.php(363): CodeIgniter\CodeIgniter->run()
10 SYSTEMPATH/Boot.php(68): CodeIgniter\Boot::runCodeIgniter(Object(CodeIgniter\CodeIgniter))
11 FCPATH/index.php(59): CodeIgniter\Boot::bootWeb(Object(Config\Paths))
WARNING - 2026-02-03 08:18:43 --> [DEPRECATED] Creation of dynamic property Config\Torrent::$catImageDir is deprecated in APPPATH/Config/Torrent.php on line 115.
 1 SYSTEMPATH/Config/Factories.php(236): Config\Torrent->__construct()
 2 SYSTEMPATH/Config/Factories.php(170): CodeIgniter\Config\Factories::createInstance('config', 'Config\\Torrent', [])
 3 SYSTEMPATH/Config/Factories.php(189): CodeIgniter\Config\Factories::__callStatic('config', [])
 4 SYSTEMPATH/Common.php(208): CodeIgniter\Config\Factories::get('config', 'Torrent')
 5 APPPATH/Controllers/BaseController.php(131): config('Torrent')
 6 SYSTEMPATH/CodeIgniter.php(904): App\Controllers\BaseController->initController(Object(CodeIgniter\HTTP\IncomingRequest), Object(CodeIgniter\HTTP\Response), Object(CodeIgniter\Log\Logger))
 7 SYSTEMPATH/CodeIgniter.php(498): CodeIgniter\CodeIgniter->createController()
 8 SYSTEMPATH/CodeIgniter.php(354): CodeIgniter\CodeIgniter->handleRequest(null, Object(Config\Cache), false)
 9 SYSTEMPATH/Boot.php(363): CodeIgniter\CodeIgniter->run()
10 SYSTEMPATH/Boot.php(68): CodeIgniter\Boot::runCodeIgniter(Object(CodeIgniter\CodeIgniter))
11 FCPATH/index.php(59): CodeIgniter\Boot::bootWeb(Object(Config\Paths))
DEBUG - 2026-02-03 08:18:43 --> Session: Class initialized using 'CodeIgniter\Session\Handlers\DatabaseHandler' driver.
WARNING - 2026-02-03 08:18:43 --> [DEPRECATED] Creation of dynamic property Config\Torrent::$imageDir is deprecated in APPPATH/Config/Torrent.php on line 114.
 1 APPPATH/Helpers/avatar_helper.php(11): Config\Torrent->__construct()
 2 FCPATH/themes/front/widget/login.php(9): avatar('1.png', 200)
 3 FCPATH/themes/front/footer.php(4): include('/srv/http/torr.ws/public/themes/front/widget/login.php')
 4 SYSTEMPATH/View/View.php(226): include('/srv/http/torr.ws/public/themes/front/footer.php')
 5 SYSTEMPATH/View/View.php(229): CodeIgniter\View\View->{closure:CodeIgniter\View\View::render():223}()
 6 APPPATH/ThirdParty/templates/Themes.php(468): CodeIgniter\View\View->render('footer')
 7 APPPATH/Controllers/Home.php(51): Arifrh\Themes\Themes::render('home', [...])
 8 SYSTEMPATH/CodeIgniter.php(933): App\Controllers\Home->index()
 9 SYSTEMPATH/CodeIgniter.php(507): CodeIgniter\CodeIgniter->runController(Object(App\Controllers\Home))
10 SYSTEMPATH/CodeIgniter.php(354): CodeIgniter\CodeIgniter->handleRequest(null, Object(Config\Cache), false)
11 SYSTEMPATH/Boot.php(363): CodeIgniter\CodeIgniter->run()
12 SYSTEMPATH/Boot.php(68): CodeIgniter\Boot::runCodeIgniter(Object(CodeIgniter\CodeIgniter))
13 FCPATH/index.php(59): CodeIgniter\Boot::bootWeb(Object(Config\Paths))
WARNING - 2026-02-03 08:18:43 --> [DEPRECATED] Creation of dynamic property Config\Torrent::$catImageDir is deprecated in APPPATH/Config/Torrent.php on line 115.
 1 APPPATH/Helpers/avatar_helper.php(11): Config\Torrent->__construct()
 2 FCPATH/themes/front/widget/login.php(9): avatar('1.png', 200)
 3 FCPATH/themes/front/footer.php(4): include('/srv/http/torr.ws/public/themes/front/widget/login.php')
 4 SYSTEMPATH/View/View.php(226): include('/srv/http/torr.ws/public/themes/front/footer.php')
 5 SYSTEMPATH/View/View.php(229): CodeIgniter\View\View->{closure:CodeIgniter\View\View::render():223}()
 6 APPPATH/ThirdParty/templates/Themes.php(468): CodeIgniter\View\View->render('footer')
 7 APPPATH/Controllers/Home.php(51): Arifrh\Themes\Themes::render('home', [...])
 8 SYSTEMPATH/CodeIgniter.php(933): App\Controllers\Home->index()
 9 SYSTEMPATH/CodeIgniter.php(507): CodeIgniter\CodeIgniter->runController(Object(App\Controllers\Home))
10 SYSTEMPATH/CodeIgniter.php(354): CodeIgniter\CodeIgniter->handleRequest(null, Object(Config\Cache), false)
11 SYSTEMPATH/Boot.php(363): CodeIgniter\CodeIgniter->run()
12 SYSTEMPATH/Boot.php(68): CodeIgniter\Boot::runCodeIgniter(Object(CodeIgniter\CodeIgniter))
13 FCPATH/index.php(59): CodeIgniter\Boot::bootWeb(Object(Config\Paths))
WARNING - 2026-02-03 08:22:33 --> [DEPRECATED] Creation of dynamic property Config\Torrent::$imageDir is deprecated in APPPATH/Config/Torrent.php on line 114.
 1 SYSTEMPATH/Config/Factories.php(236): Config\Torrent->__construct()
 2 SYSTEMPATH/Config/Factories.php(170): CodeIgniter\Config\Factories::createInstance('config', 'Config\\Torrent', [])
 3 SYSTEMPATH/Config/Factories.php(189): CodeIgniter\Config\Factories::__callStatic('config', [])
 4 SYSTEMPATH/Common.php(208): CodeIgniter\Config\Factories::get('config', 'Torrent')
 5 APPPATH/Controllers/AdminController.php(105): config('Torrent')
 6 SYSTEMPATH/CodeIgniter.php(904): App\Controllers\AdminController->initController(Object(CodeIgniter\HTTP\IncomingRequest), Object(CodeIgniter\HTTP\Response), Object(CodeIgniter\Log\Logger))
 7 SYSTEMPATH/CodeIgniter.php(498): CodeIgniter\CodeIgniter->createController()
 8 SYSTEMPATH/CodeIgniter.php(354): CodeIgniter\CodeIgniter->handleRequest(null, Object(Config\Cache), false)
 9 SYSTEMPATH/Boot.php(363): CodeIgniter\CodeIgniter->run()
10 SYSTEMPATH/Boot.php(68): CodeIgniter\Boot::runCodeIgniter(Object(CodeIgniter\CodeIgniter))
11 FCPATH/index.php(59): CodeIgniter\Boot::bootWeb(Object(Config\Paths))
WARNING - 2026-02-03 08:22:33 --> [DEPRECATED] Creation of dynamic property Config\Torrent::$catImageDir is deprecated in APPPATH/Config/Torrent.php on line 115.
 1 SYSTEMPATH/Config/Factories.php(236): Config\Torrent->__construct()
 2 SYSTEMPATH/Config/Factories.php(170): CodeIgniter\Config\Factories::createInstance('config', 'Config\\Torrent', [])
 3 SYSTEMPATH/Config/Factories.php(189): CodeIgniter\Config\Factories::__callStatic('config', [])
 4 SYSTEMPATH/Common.php(208): CodeIgniter\Config\Factories::get('config', 'Torrent')
 5 APPPATH/Controllers/AdminController.php(105): config('Torrent')
 6 SYSTEMPATH/CodeIgniter.php(904): App\Controllers\AdminController->initController(Object(CodeIgniter\HTTP\IncomingRequest), Object(CodeIgniter\HTTP\Response), Object(CodeIgniter\Log\Logger))
 7 SYSTEMPATH/CodeIgniter.php(498): CodeIgniter\CodeIgniter->createController()
 8 SYSTEMPATH/CodeIgniter.php(354): CodeIgniter\CodeIgniter->handleRequest(null, Object(Config\Cache), false)
 9 SYSTEMPATH/Boot.php(363): CodeIgniter\CodeIgniter->run()
10 SYSTEMPATH/Boot.php(68): CodeIgniter\Boot::runCodeIgniter(Object(CodeIgniter\CodeIgniter))
11 FCPATH/index.php(59): CodeIgniter\Boot::bootWeb(Object(Config\Paths))
DEBUG - 2026-02-03 08:22:33 --> Session: Class initialized using 'CodeIgniter\Session\Handlers\DatabaseHandler' driver.
WARNING - 2026-02-03 08:22:39 --> [DEPRECATED] Creation of dynamic property Config\Torrent::$imageDir is deprecated in APPPATH/Config/Torrent.php on line 114.
 1 SYSTEMPATH/Config/Factories.php(236): Config\Torrent->__construct()
 2 SYSTEMPATH/Config/Factories.php(170): CodeIgniter\Config\Factories::createInstance('config', 'Config\\Torrent', [])
 3 SYSTEMPATH/Config/Factories.php(189): CodeIgniter\Config\Factories::__callStatic('config', [])
 4 SYSTEMPATH/Common.php(208): CodeIgniter\Config\Factories::get('config', 'Torrent')
 5 APPPATH/Controllers/AdminController.php(105): config('Torrent')
 6 SYSTEMPATH/CodeIgniter.php(904): App\Controllers\AdminController->initController(Object(CodeIgniter\HTTP\IncomingRequest), Object(CodeIgniter\HTTP\Response), Object(CodeIgniter\Log\Logger))
 7 SYSTEMPATH/CodeIgniter.php(498): CodeIgniter\CodeIgniter->createController()
 8 SYSTEMPATH/CodeIgniter.php(354): CodeIgniter\CodeIgniter->handleRequest(null, Object(Config\Cache), false)
 9 SYSTEMPATH/Boot.php(363): CodeIgniter\CodeIgniter->run()
10 SYSTEMPATH/Boot.php(68): CodeIgniter\Boot::runCodeIgniter(Object(CodeIgniter\CodeIgniter))
11 FCPATH/index.php(59): CodeIgniter\Boot::bootWeb(Object(Config\Paths))
WARNING - 2026-02-03 08:22:39 --> [DEPRECATED] Creation of dynamic property Config\Torrent::$catImageDir is deprecated in APPPATH/Config/Torrent.php on line 115.
 1 SYSTEMPATH/Config/Factories.php(236): Config\Torrent->__construct()
 2 SYSTEMPATH/Config/Factories.php(170): CodeIgniter\Config\Factories::createInstance('config', 'Config\\Torrent', [])
 3 SYSTEMPATH/Config/Factories.php(189): CodeIgniter\Config\Factories::__callStatic('config', [])
 4 SYSTEMPATH/Common.php(208): CodeIgniter\Config\Factories::get('config', 'Torrent')
 5 APPPATH/Controllers/AdminController.php(105): config('Torrent')
 6 SYSTEMPATH/CodeIgniter.php(904): App\Controllers\AdminController->initController(Object(CodeIgniter\HTTP\IncomingRequest), Object(CodeIgniter\HTTP\Response), Object(CodeIgniter\Log\Logger))
 7 SYSTEMPATH/CodeIgniter.php(498): CodeIgniter\CodeIgniter->createController()
 8 SYSTEMPATH/CodeIgniter.php(354): CodeIgniter\CodeIgniter->handleRequest(null, Object(Config\Cache), false)
 9 SYSTEMPATH/Boot.php(363): CodeIgniter\CodeIgniter->run()
10 SYSTEMPATH/Boot.php(68): CodeIgniter\Boot::runCodeIgniter(Object(CodeIgniter\CodeIgniter))
11 FCPATH/index.php(59): CodeIgniter\Boot::bootWeb(Object(Config\Paths))
DEBUG - 2026-02-03 08:22:39 --> Session: Class initialized using 'CodeIgniter\Session\Handlers\DatabaseHandler' driver.
WARNING - 2026-02-03 08:22:42 --> [DEPRECATED] Creation of dynamic property Config\Torrent::$imageDir is deprecated in APPPATH/Config/Torrent.php on line 114.
 1 SYSTEMPATH/Config/Factories.php(236): Config\Torrent->__construct()
 2 SYSTEMPATH/Config/Factories.php(170): CodeIgniter\Config\Factories::createInstance('config', 'Config\\Torrent', [])
 3 SYSTEMPATH/Config/Factories.php(189): CodeIgniter\Config\Factories::__callStatic('config', [])
 4 SYSTEMPATH/Common.php(208): CodeIgniter\Config\Factories::get('config', 'Torrent')
 5 APPPATH/Controllers/AdminController.php(105): config('Torrent')
 6 SYSTEMPATH/CodeIgniter.php(904): App\Controllers\AdminController->initController(Object(CodeIgniter\HTTP\IncomingRequest), Object(CodeIgniter\HTTP\Response), Object(CodeIgniter\Log\Logger))
 7 SYSTEMPATH/CodeIgniter.php(498): CodeIgniter\CodeIgniter->createController()
 8 SYSTEMPATH/CodeIgniter.php(354): CodeIgniter\CodeIgniter->handleRequest(null, Object(Config\Cache), false)
 9 SYSTEMPATH/Boot.php(363): CodeIgniter\CodeIgniter->run()
10 SYSTEMPATH/Boot.php(68): CodeIgniter\Boot::runCodeIgniter(Object(CodeIgniter\CodeIgniter))
11 FCPATH/index.php(59): CodeIgniter\Boot::bootWeb(Object(Config\Paths))
WARNING - 2026-02-03 08:22:42 --> [DEPRECATED] Creation of dynamic property Config\Torrent::$catImageDir is deprecated in APPPATH/Config/Torrent.php on line 115.
 1 SYSTEMPATH/Config/Factories.php(236): Config\Torrent->__construct()
 2 SYSTEMPATH/Config/Factories.php(170): CodeIgniter\Config\Factories::createInstance('config', 'Config\\Torrent', [])
 3 SYSTEMPATH/Config/Factories.php(189): CodeIgniter\Config\Factories::__callStatic('config', [])
 4 SYSTEMPATH/Common.php(208): CodeIgniter\Config\Factories::get('config', 'Torrent')
 5 APPPATH/Controllers/AdminController.php(105): config('Torrent')
 6 SYSTEMPATH/CodeIgniter.php(904): App\Controllers\AdminController->initController(Object(CodeIgniter\HTTP\IncomingRequest), Object(CodeIgniter\HTTP\Response), Object(CodeIgniter\Log\Logger))
 7 SYSTEMPATH/CodeIgniter.php(498): CodeIgniter\CodeIgniter->createController()
 8 SYSTEMPATH/CodeIgniter.php(354): CodeIgniter\CodeIgniter->handleRequest(null, Object(Config\Cache), false)
 9 SYSTEMPATH/Boot.php(363): CodeIgniter\CodeIgniter->run()
10 SYSTEMPATH/Boot.php(68): CodeIgniter\Boot::runCodeIgniter(Object(CodeIgniter\CodeIgniter))
11 FCPATH/index.php(59): CodeIgniter\Boot::bootWeb(Object(Config\Paths))
DEBUG - 2026-02-03 08:22:42 --> Session: Class initialized using 'CodeIgniter\Session\Handlers\DatabaseHandler' driver.
WARNING - 2026-02-03 08:22:42 --> [DEPRECATED] Creation of dynamic property App\Controllers\Admin\CategoryController::$Cat is deprecated in APPPATH/Controllers/Admin/CategoryController.php on line 83.
 1 SYSTEMPATH/CodeIgniter.php(933): App\Controllers\Admin\CategoryController->CatEditShow(1)
 2 SYSTEMPATH/CodeIgniter.php(507): CodeIgniter\CodeIgniter->runController(Object(App\Controllers\Admin\CategoryController))
 3 SYSTEMPATH/CodeIgniter.php(354): CodeIgniter\CodeIgniter->handleRequest(null, Object(Config\Cache), false)
 4 SYSTEMPATH/Boot.php(363): CodeIgniter\CodeIgniter->run()
 5 SYSTEMPATH/Boot.php(68): CodeIgniter\Boot::runCodeIgniter(Object(CodeIgniter\CodeIgniter))
 6 FCPATH/index.php(59): CodeIgniter\Boot::bootWeb(Object(Config\Paths))
WARNING - 2026-02-03 08:23:30 --> [DEPRECATED] Creation of dynamic property Config\Torrent::$imageDir is deprecated in APPPATH/Config/Torrent.php on line 114.
 1 SYSTEMPATH/Config/Factories.php(236): Config\Torrent->__construct()
 2 SYSTEMPATH/Config/Factories.php(170): CodeIgniter\Config\Factories::createInstance('config', 'Config\\Torrent', [])
 3 SYSTEMPATH/Config/Factories.php(189): CodeIgniter\Config\Factories::__callStatic('config', [])
 4 SYSTEMPATH/Common.php(208): CodeIgniter\Config\Factories::get('config', 'Torrent')
 5 APPPATH/Controllers/AdminController.php(105): config('Torrent')
 6 SYSTEMPATH/CodeIgniter.php(904): App\Controllers\AdminController->initController(Object(CodeIgniter\HTTP\IncomingRequest), Object(CodeIgniter\HTTP\Response), Object(CodeIgniter\Log\Logger))
 7 SYSTEMPATH/CodeIgniter.php(498): CodeIgniter\CodeIgniter->createController()
 8 SYSTEMPATH/CodeIgniter.php(354): CodeIgniter\CodeIgniter->handleRequest(null, Object(Config\Cache), false)
 9 SYSTEMPATH/Boot.php(363): CodeIgniter\CodeIgniter->run()
10 SYSTEMPATH/Boot.php(68): CodeIgniter\Boot::runCodeIgniter(Object(CodeIgniter\CodeIgniter))
11 FCPATH/index.php(59): CodeIgniter\Boot::bootWeb(Object(Config\Paths))
WARNING - 2026-02-03 08:23:30 --> [DEPRECATED] Creation of dynamic property Config\Torrent::$catImageDir is deprecated in APPPATH/Config/Torrent.php on line 115.
 1 SYSTEMPATH/Config/Factories.php(236): Config\Torrent->__construct()
 2 SYSTEMPATH/Config/Factories.php(170): CodeIgniter\Config\Factories::createInstance('config', 'Config\\Torrent', [])
 3 SYSTEMPATH/Config/Factories.php(189): CodeIgniter\Config\Factories::__callStatic('config', [])
 4 SYSTEMPATH/Common.php(208): CodeIgniter\Config\Factories::get('config', 'Torrent')
 5 APPPATH/Controllers/AdminController.php(105): config('Torrent')
 6 SYSTEMPATH/CodeIgniter.php(904): App\Controllers\AdminController->initController(Object(CodeIgniter\HTTP\IncomingRequest), Object(CodeIgniter\HTTP\Response), Object(CodeIgniter\Log\Logger))
 7 SYSTEMPATH/CodeIgniter.php(498): CodeIgniter\CodeIgniter->createController()
 8 SYSTEMPATH/CodeIgniter.php(354): CodeIgniter\CodeIgniter->handleRequest(null, Object(Config\Cache), false)
 9 SYSTEMPATH/Boot.php(363): CodeIgniter\CodeIgniter->run()
10 SYSTEMPATH/Boot.php(68): CodeIgniter\Boot::runCodeIgniter(Object(CodeIgniter\CodeIgniter))
11 FCPATH/index.php(59): CodeIgniter\Boot::bootWeb(Object(Config\Paths))
DEBUG - 2026-02-03 08:23:30 --> Session: Class initialized using 'CodeIgniter\Session\Handlers\DatabaseHandler' driver.
WARNING - 2026-02-03 08:23:30 --> [DEPRECATED] Creation of dynamic property App\Controllers\Admin\CategoryController::$Cat is deprecated in APPPATH/Controllers/Admin/CategoryController.php on line 83.
 1 SYSTEMPATH/CodeIgniter.php(933): App\Controllers\Admin\CategoryController->CatEditShow(1)
 2 SYSTEMPATH/CodeIgniter.php(507): CodeIgniter\CodeIgniter->runController(Object(App\Controllers\Admin\CategoryController))
 3 SYSTEMPATH/CodeIgniter.php(354): CodeIgniter\CodeIgniter->handleRequest(null, Object(Config\Cache), false)
 4 SYSTEMPATH/Boot.php(363): CodeIgniter\CodeIgniter->run()
 5 SYSTEMPATH/Boot.php(68): CodeIgniter\Boot::runCodeIgniter(Object(CodeIgniter\CodeIgniter))
 6 FCPATH/index.php(59): CodeIgniter\Boot::bootWeb(Object(Config\Paths))
WARNING - 2026-02-03 08:23:59 --> [DEPRECATED] Creation of dynamic property Config\Torrent::$imageDir is deprecated in APPPATH/Config/Torrent.php on line 114.
 1 SYSTEMPATH/Config/Factories.php(236): Config\Torrent->__construct()
 2 SYSTEMPATH/Config/Factories.php(170): CodeIgniter\Config\Factories::createInstance('config', 'Config\\Torrent', [])
 3 SYSTEMPATH/Config/Factories.php(189): CodeIgniter\Config\Factories::__callStatic('config', [])
 4 SYSTEMPATH/Common.php(208): CodeIgniter\Config\Factories::get('config', 'Torrent')
 5 APPPATH/Controllers/AdminController.php(105): config('Torrent')
 6 SYSTEMPATH/CodeIgniter.php(904): App\Controllers\AdminController->initController(Object(CodeIgniter\HTTP\IncomingRequest), Object(CodeIgniter\HTTP\Response), Object(CodeIgniter\Log\Logger))
 7 SYSTEMPATH/CodeIgniter.php(498): CodeIgniter\CodeIgniter->createController()
 8 SYSTEMPATH/CodeIgniter.php(354): CodeIgniter\CodeIgniter->handleRequest(null, Object(Config\Cache), false)
 9 SYSTEMPATH/Boot.php(363): CodeIgniter\CodeIgniter->run()
10 SYSTEMPATH/Boot.php(68): CodeIgniter\Boot::runCodeIgniter(Object(CodeIgniter\CodeIgniter))
11 FCPATH/index.php(59): CodeIgniter\Boot::bootWeb(Object(Config\Paths))
WARNING - 2026-02-03 08:23:59 --> [DEPRECATED] Creation of dynamic property Config\Torrent::$catImageDir is deprecated in APPPATH/Config/Torrent.php on line 115.
 1 SYSTEMPATH/Config/Factories.php(236): Config\Torrent->__construct()
 2 SYSTEMPATH/Config/Factories.php(170): CodeIgniter\Config\Factories::createInstance('config', 'Config\\Torrent', [])
 3 SYSTEMPATH/Config/Factories.php(189): CodeIgniter\Config\Factories::__callStatic('config', [])
 4 SYSTEMPATH/Common.php(208): CodeIgniter\Config\Factories::get('config', 'Torrent')
 5 APPPATH/Controllers/AdminController.php(105): config('Torrent')
 6 SYSTEMPATH/CodeIgniter.php(904): App\Controllers\AdminController->initController(Object(CodeIgniter\HTTP\IncomingRequest), Object(CodeIgniter\HTTP\Response), Object(CodeIgniter\Log\Logger))
 7 SYSTEMPATH/CodeIgniter.php(498): CodeIgniter\CodeIgniter->createController()
 8 SYSTEMPATH/CodeIgniter.php(354): CodeIgniter\CodeIgniter->handleRequest(null, Object(Config\Cache), false)
 9 SYSTEMPATH/Boot.php(363): CodeIgniter\CodeIgniter->run()
10 SYSTEMPATH/Boot.php(68): CodeIgniter\Boot::runCodeIgniter(Object(CodeIgniter\CodeIgniter))
11 FCPATH/index.php(59): CodeIgniter\Boot::bootWeb(Object(Config\Paths))
DEBUG - 2026-02-03 08:23:59 --> Session: Class initialized using 'CodeIgniter\Session\Handlers\DatabaseHandler' driver.
WARNING - 2026-02-03 08:23:59 --> [DEPRECATED] Creation of dynamic property App\Controllers\Admin\CategoryController::$Cat is deprecated in APPPATH/Controllers/Admin/CategoryController.php on line 83.
 1 SYSTEMPATH/CodeIgniter.php(933): App\Controllers\Admin\CategoryController->CatEditShow(1)
 2 SYSTEMPATH/CodeIgniter.php(507): CodeIgniter\CodeIgniter->runController(Object(App\Controllers\Admin\CategoryController))
 3 SYSTEMPATH/CodeIgniter.php(354): CodeIgniter\CodeIgniter->handleRequest(null, Object(Config\Cache), false)
 4 SYSTEMPATH/Boot.php(363): CodeIgniter\CodeIgniter->run()
 5 SYSTEMPATH/Boot.php(68): CodeIgniter\Boot::runCodeIgniter(Object(CodeIgniter\CodeIgniter))
 6 FCPATH/index.php(59): CodeIgniter\Boot::bootWeb(Object(Config\Paths))
WARNING - 2026-02-03 08:24:22 --> [DEPRECATED] Creation of dynamic property Config\Torrent::$imageDir is deprecated in APPPATH/Config/Torrent.php on line 114.
 1 SYSTEMPATH/Config/Factories.php(236): Config\Torrent->__construct()
 2 SYSTEMPATH/Config/Factories.php(170): CodeIgniter\Config\Factories::createInstance('config', 'Config\\Torrent', [])
 3 SYSTEMPATH/Config/Factories.php(189): CodeIgniter\Config\Factories::__callStatic('config', [])
 4 SYSTEMPATH/Common.php(208): CodeIgniter\Config\Factories::get('config', 'Torrent')
 5 APPPATH/Controllers/AdminController.php(105): config('Torrent')
 6 SYSTEMPATH/CodeIgniter.php(904): App\Controllers\AdminController->initController(Object(CodeIgniter\HTTP\IncomingRequest), Object(CodeIgniter\HTTP\Response), Object(CodeIgniter\Log\Logger))
 7 SYSTEMPATH/CodeIgniter.php(498): CodeIgniter\CodeIgniter->createController()
 8 SYSTEMPATH/CodeIgniter.php(354): CodeIgniter\CodeIgniter->handleRequest(null, Object(Config\Cache), false)
 9 SYSTEMPATH/Boot.php(363): CodeIgniter\CodeIgniter->run()
10 SYSTEMPATH/Boot.php(68): CodeIgniter\Boot::runCodeIgniter(Object(CodeIgniter\CodeIgniter))
11 FCPATH/index.php(59): CodeIgniter\Boot::bootWeb(Object(Config\Paths))
WARNING - 2026-02-03 08:24:22 --> [DEPRECATED] Creation of dynamic property Config\Torrent::$catImageDir is deprecated in APPPATH/Config/Torrent.php on line 115.
 1 SYSTEMPATH/Config/Factories.php(236): Config\Torrent->__construct()
 2 SYSTEMPATH/Config/Factories.php(170): CodeIgniter\Config\Factories::createInstance('config', 'Config\\Torrent', [])
 3 SYSTEMPATH/Config/Factories.php(189): CodeIgniter\Config\Factories::__callStatic('config', [])
 4 SYSTEMPATH/Common.php(208): CodeIgniter\Config\Factories::get('config', 'Torrent')
 5 APPPATH/Controllers/AdminController.php(105): config('Torrent')
 6 SYSTEMPATH/CodeIgniter.php(904): App\Controllers\AdminController->initController(Object(CodeIgniter\HTTP\IncomingRequest), Object(CodeIgniter\HTTP\Response), Object(CodeIgniter\Log\Logger))
 7 SYSTEMPATH/CodeIgniter.php(498): CodeIgniter\CodeIgniter->createController()
 8 SYSTEMPATH/CodeIgniter.php(354): CodeIgniter\CodeIgniter->handleRequest(null, Object(Config\Cache), false)
 9 SYSTEMPATH/Boot.php(363): CodeIgniter\CodeIgniter->run()
10 SYSTEMPATH/Boot.php(68): CodeIgniter\Boot::runCodeIgniter(Object(CodeIgniter\CodeIgniter))
11 FCPATH/index.php(59): CodeIgniter\Boot::bootWeb(Object(Config\Paths))
DEBUG - 2026-02-03 08:24:23 --> Session: Class initialized using 'CodeIgniter\Session\Handlers\DatabaseHandler' driver.
WARNING - 2026-02-03 08:24:23 --> [DEPRECATED] Creation of dynamic property App\Controllers\Admin\CategoryController::$Cat is deprecated in APPPATH/Controllers/Admin/CategoryController.php on line 83.
 1 SYSTEMPATH/CodeIgniter.php(933): App\Controllers\Admin\CategoryController->CatEditShow(1)
 2 SYSTEMPATH/CodeIgniter.php(507): CodeIgniter\CodeIgniter->runController(Object(App\Controllers\Admin\CategoryController))
 3 SYSTEMPATH/CodeIgniter.php(354): CodeIgniter\CodeIgniter->handleRequest(null, Object(Config\Cache), false)
 4 SYSTEMPATH/Boot.php(363): CodeIgniter\CodeIgniter->run()
 5 SYSTEMPATH/Boot.php(68): CodeIgniter\Boot::runCodeIgniter(Object(CodeIgniter\CodeIgniter))
 6 FCPATH/index.php(59): CodeIgniter\Boot::bootWeb(Object(Config\Paths))
WARNING - 2026-02-03 08:27:56 --> [DEPRECATED] Creation of dynamic property Config\Torrent::$imageDir is deprecated in APPPATH/Config/Torrent.php on line 114.
 1 SYSTEMPATH/Config/Factories.php(236): Config\Torrent->__construct()
 2 SYSTEMPATH/Config/Factories.php(170): CodeIgniter\Config\Factories::createInstance('config', 'Config\\Torrent', [])
 3 SYSTEMPATH/Config/Factories.php(189): CodeIgniter\Config\Factories::__callStatic('config', [])
 4 SYSTEMPATH/Common.php(208): CodeIgniter\Config\Factories::get('config', 'Torrent')
 5 APPPATH/Controllers/AdminController.php(105): config('Torrent')
 6 SYSTEMPATH/CodeIgniter.php(904): App\Controllers\AdminController->initController(Object(CodeIgniter\HTTP\IncomingRequest), Object(CodeIgniter\HTTP\Response), Object(CodeIgniter\Log\Logger))
 7 SYSTEMPATH/CodeIgniter.php(498): CodeIgniter\CodeIgniter->createController()
 8 SYSTEMPATH/CodeIgniter.php(354): CodeIgniter\CodeIgniter->handleRequest(null, Object(Config\Cache), false)
 9 SYSTEMPATH/Boot.php(363): CodeIgniter\CodeIgniter->run()
10 SYSTEMPATH/Boot.php(68): CodeIgniter\Boot::runCodeIgniter(Object(CodeIgniter\CodeIgniter))
11 FCPATH/index.php(59): CodeIgniter\Boot::bootWeb(Object(Config\Paths))
WARNING - 2026-02-03 08:27:56 --> [DEPRECATED] Creation of dynamic property Config\Torrent::$catImageDir is deprecated in APPPATH/Config/Torrent.php on line 115.
 1 SYSTEMPATH/Config/Factories.php(236): Config\Torrent->__construct()
 2 SYSTEMPATH/Config/Factories.php(170): CodeIgniter\Config\Factories::createInstance('config', 'Config\\Torrent', [])
 3 SYSTEMPATH/Config/Factories.php(189): CodeIgniter\Config\Factories::__callStatic('config', [])
 4 SYSTEMPATH/Common.php(208): CodeIgniter\Config\Factories::get('config', 'Torrent')
 5 APPPATH/Controllers/AdminController.php(105): config('Torrent')
 6 SYSTEMPATH/CodeIgniter.php(904): App\Controllers\AdminController->initController(Object(CodeIgniter\HTTP\IncomingRequest), Object(CodeIgniter\HTTP\Response), Object(CodeIgniter\Log\Logger))
 7 SYSTEMPATH/CodeIgniter.php(498): CodeIgniter\CodeIgniter->createController()
 8 SYSTEMPATH/CodeIgniter.php(354): CodeIgniter\CodeIgniter->handleRequest(null, Object(Config\Cache), false)
 9 SYSTEMPATH/Boot.php(363): CodeIgniter\CodeIgniter->run()
10 SYSTEMPATH/Boot.php(68): CodeIgniter\Boot::runCodeIgniter(Object(CodeIgniter\CodeIgniter))
11 FCPATH/index.php(59): CodeIgniter\Boot::bootWeb(Object(Config\Paths))
DEBUG - 2026-02-03 08:27:56 --> Session: Class initialized using 'CodeIgniter\Session\Handlers\DatabaseHandler' driver.
WARNING - 2026-02-03 08:27:56 --> [DEPRECATED] Creation of dynamic property App\Controllers\Admin\CategoryController::$Cat is deprecated in APPPATH/Controllers/Admin/CategoryController.php on line 83.
 1 SYSTEMPATH/CodeIgniter.php(933): App\Controllers\Admin\CategoryController->CatEditShow(1)
 2 SYSTEMPATH/CodeIgniter.php(507): CodeIgniter\CodeIgniter->runController(Object(App\Controllers\Admin\CategoryController))
 3 SYSTEMPATH/CodeIgniter.php(354): CodeIgniter\CodeIgniter->handleRequest(null, Object(Config\Cache), false)
 4 SYSTEMPATH/Boot.php(363): CodeIgniter\CodeIgniter->run()
 5 SYSTEMPATH/Boot.php(68): CodeIgniter\Boot::runCodeIgniter(Object(CodeIgniter\CodeIgniter))
 6 FCPATH/index.php(59): CodeIgniter\Boot::bootWeb(Object(Config\Paths))
WARNING - 2026-02-03 08:30:13 --> [DEPRECATED] Creation of dynamic property Config\Torrent::$imageDir is deprecated in APPPATH/Config/Torrent.php on line 114.
 1 SYSTEMPATH/Config/Factories.php(236): Config\Torrent->__construct()
 2 SYSTEMPATH/Config/Factories.php(170): CodeIgniter\Config\Factories::createInstance('config', 'Config\\Torrent', [])
 3 SYSTEMPATH/Config/Factories.php(189): CodeIgniter\Config\Factories::__callStatic('config', [])
 4 SYSTEMPATH/Common.php(208): CodeIgniter\Config\Factories::get('config', 'Torrent')
 5 APPPATH/Controllers/AdminController.php(105): config('Torrent')
 6 SYSTEMPATH/CodeIgniter.php(904): App\Controllers\AdminController->initController(Object(CodeIgniter\HTTP\IncomingRequest), Object(CodeIgniter\HTTP\Response), Object(CodeIgniter\Log\Logger))
 7 SYSTEMPATH/CodeIgniter.php(498): CodeIgniter\CodeIgniter->createController()
 8 SYSTEMPATH/CodeIgniter.php(354): CodeIgniter\CodeIgniter->handleRequest(null, Object(Config\Cache), false)
 9 SYSTEMPATH/Boot.php(363): CodeIgniter\CodeIgniter->run()
10 SYSTEMPATH/Boot.php(68): CodeIgniter\Boot::runCodeIgniter(Object(CodeIgniter\CodeIgniter))
11 FCPATH/index.php(59): CodeIgniter\Boot::bootWeb(Object(Config\Paths))
WARNING - 2026-02-03 08:30:13 --> [DEPRECATED] Creation of dynamic property Config\Torrent::$catImageDir is deprecated in APPPATH/Config/Torrent.php on line 115.
 1 SYSTEMPATH/Config/Factories.php(236): Config\Torrent->__construct()
 2 SYSTEMPATH/Config/Factories.php(170): CodeIgniter\Config\Factories::createInstance('config', 'Config\\Torrent', [])
 3 SYSTEMPATH/Config/Factories.php(189): CodeIgniter\Config\Factories::__callStatic('config', [])
 4 SYSTEMPATH/Common.php(208): CodeIgniter\Config\Factories::get('config', 'Torrent')
 5 APPPATH/Controllers/AdminController.php(105): config('Torrent')
 6 SYSTEMPATH/CodeIgniter.php(904): App\Controllers\AdminController->initController(Object(CodeIgniter\HTTP\IncomingRequest), Object(CodeIgniter\HTTP\Response), Object(CodeIgniter\Log\Logger))
 7 SYSTEMPATH/CodeIgniter.php(498): CodeIgniter\CodeIgniter->createController()
 8 SYSTEMPATH/CodeIgniter.php(354): CodeIgniter\CodeIgniter->handleRequest(null, Object(Config\Cache), false)
 9 SYSTEMPATH/Boot.php(363): CodeIgniter\CodeIgniter->run()
10 SYSTEMPATH/Boot.php(68): CodeIgniter\Boot::runCodeIgniter(Object(CodeIgniter\CodeIgniter))
11 FCPATH/index.php(59): CodeIgniter\Boot::bootWeb(Object(Config\Paths))
DEBUG - 2026-02-03 08:30:13 --> Session: Class initialized using 'CodeIgniter\Session\Handlers\DatabaseHandler' driver.
WARNING - 2026-02-03 08:30:13 --> [DEPRECATED] Creation of dynamic property App\Controllers\Admin\CategoryController::$Cat is deprecated in APPPATH/Controllers/Admin/CategoryController.php on line 83.
 1 SYSTEMPATH/CodeIgniter.php(933): App\Controllers\Admin\CategoryController->CatEditShow(1)
 2 SYSTEMPATH/CodeIgniter.php(507): CodeIgniter\CodeIgniter->runController(Object(App\Controllers\Admin\CategoryController))
 3 SYSTEMPATH/CodeIgniter.php(354): CodeIgniter\CodeIgniter->handleRequest(null, Object(Config\Cache), false)
 4 SYSTEMPATH/Boot.php(363): CodeIgniter\CodeIgniter->run()
 5 SYSTEMPATH/Boot.php(68): CodeIgniter\Boot::runCodeIgniter(Object(CodeIgniter\CodeIgniter))
 6 FCPATH/index.php(59): CodeIgniter\Boot::bootWeb(Object(Config\Paths))
WARNING - 2026-02-03 08:32:28 --> [DEPRECATED] Creation of dynamic property Config\Torrent::$imageDir is deprecated in APPPATH/Config/Torrent.php on line 114.
 1 SYSTEMPATH/Config/Factories.php(236): Config\Torrent->__construct()
 2 SYSTEMPATH/Config/Factories.php(170): CodeIgniter\Config\Factories::createInstance('config', 'Config\\Torrent', [])
 3 SYSTEMPATH/Config/Factories.php(189): CodeIgniter\Config\Factories::__callStatic('config', [])
 4 SYSTEMPATH/Common.php(208): CodeIgniter\Config\Factories::get('config', 'Torrent')
 5 APPPATH/Controllers/AdminController.php(105): config('Torrent')
 6 SYSTEMPATH/CodeIgniter.php(904): App\Controllers\AdminController->initController(Object(CodeIgniter\HTTP\IncomingRequest), Object(CodeIgniter\HTTP\Response), Object(CodeIgniter\Log\Logger))
 7 SYSTEMPATH/CodeIgniter.php(498): CodeIgniter\CodeIgniter->createController()
 8 SYSTEMPATH/CodeIgniter.php(354): CodeIgniter\CodeIgniter->handleRequest(null, Object(Config\Cache), false)
 9 SYSTEMPATH/Boot.php(363): CodeIgniter\CodeIgniter->run()
10 SYSTEMPATH/Boot.php(68): CodeIgniter\Boot::runCodeIgniter(Object(CodeIgniter\CodeIgniter))
11 FCPATH/index.php(59): CodeIgniter\Boot::bootWeb(Object(Config\Paths))
WARNING - 2026-02-03 08:32:28 --> [DEPRECATED] Creation of dynamic property Config\Torrent::$catImageDir is deprecated in APPPATH/Config/Torrent.php on line 115.
 1 SYSTEMPATH/Config/Factories.php(236): Config\Torrent->__construct()
 2 SYSTEMPATH/Config/Factories.php(170): CodeIgniter\Config\Factories::createInstance('config', 'Config\\Torrent', [])
 3 SYSTEMPATH/Config/Factories.php(189): CodeIgniter\Config\Factories::__callStatic('config', [])
 4 SYSTEMPATH/Common.php(208): CodeIgniter\Config\Factories::get('config', 'Torrent')
 5 APPPATH/Controllers/AdminController.php(105): config('Torrent')
 6 SYSTEMPATH/CodeIgniter.php(904): App\Controllers\AdminController->initController(Object(CodeIgniter\HTTP\IncomingRequest), Object(CodeIgniter\HTTP\Response), Object(CodeIgniter\Log\Logger))
 7 SYSTEMPATH/CodeIgniter.php(498): CodeIgniter\CodeIgniter->createController()
 8 SYSTEMPATH/CodeIgniter.php(354): CodeIgniter\CodeIgniter->handleRequest(null, Object(Config\Cache), false)
 9 SYSTEMPATH/Boot.php(363): CodeIgniter\CodeIgniter->run()
10 SYSTEMPATH/Boot.php(68): CodeIgniter\Boot::runCodeIgniter(Object(CodeIgniter\CodeIgniter))
11 FCPATH/index.php(59): CodeIgniter\Boot::bootWeb(Object(Config\Paths))
DEBUG - 2026-02-03 08:32:28 --> Session: Class initialized using 'CodeIgniter\Session\Handlers\DatabaseHandler' driver.
WARNING - 2026-02-03 08:32:28 --> [DEPRECATED] Creation of dynamic property App\Controllers\Admin\CategoryController::$Cat is deprecated in APPPATH/Controllers/Admin/CategoryController.php on line 83.
 1 SYSTEMPATH/CodeIgniter.php(933): App\Controllers\Admin\CategoryController->CatEditShow(1)
 2 SYSTEMPATH/CodeIgniter.php(507): CodeIgniter\CodeIgniter->runController(Object(App\Controllers\Admin\CategoryController))
 3 SYSTEMPATH/CodeIgniter.php(354): CodeIgniter\CodeIgniter->handleRequest(null, Object(Config\Cache), false)
 4 SYSTEMPATH/Boot.php(363): CodeIgniter\CodeIgniter->run()
 5 SYSTEMPATH/Boot.php(68): CodeIgniter\Boot::runCodeIgniter(Object(CodeIgniter\CodeIgniter))
 6 FCPATH/index.php(59): CodeIgniter\Boot::bootWeb(Object(Config\Paths))
WARNING - 2026-02-03 08:34:15 --> [DEPRECATED] Creation of dynamic property Config\Torrent::$imageDir is deprecated in APPPATH/Config/Torrent.php on line 114.
 1 SYSTEMPATH/Config/Factories.php(236): Config\Torrent->__construct()
 2 SYSTEMPATH/Config/Factories.php(170): CodeIgniter\Config\Factories::createInstance('config', 'Config\\Torrent', [])
 3 SYSTEMPATH/Config/Factories.php(189): CodeIgniter\Config\Factories::__callStatic('config', [])
 4 SYSTEMPATH/Common.php(208): CodeIgniter\Config\Factories::get('config', 'Torrent')
 5 APPPATH/Controllers/AdminController.php(105): config('Torrent')
 6 SYSTEMPATH/CodeIgniter.php(904): App\Controllers\AdminController->initController(Object(CodeIgniter\HTTP\IncomingRequest), Object(CodeIgniter\HTTP\Response), Object(CodeIgniter\Log\Logger))
 7 SYSTEMPATH/CodeIgniter.php(498): CodeIgniter\CodeIgniter->createController()
 8 SYSTEMPATH/CodeIgniter.php(354): CodeIgniter\CodeIgniter->handleRequest(null, Object(Config\Cache), false)
 9 SYSTEMPATH/Boot.php(363): CodeIgniter\CodeIgniter->run()
10 SYSTEMPATH/Boot.php(68): CodeIgniter\Boot::runCodeIgniter(Object(CodeIgniter\CodeIgniter))
11 FCPATH/index.php(59): CodeIgniter\Boot::bootWeb(Object(Config\Paths))
WARNING - 2026-02-03 08:34:15 --> [DEPRECATED] Creation of dynamic property Config\Torrent::$catImageDir is deprecated in APPPATH/Config/Torrent.php on line 115.
 1 SYSTEMPATH/Config/Factories.php(236): Config\Torrent->__construct()
 2 SYSTEMPATH/Config/Factories.php(170): CodeIgniter\Config\Factories::createInstance('config', 'Config\\Torrent', [])
 3 SYSTEMPATH/Config/Factories.php(189): CodeIgniter\Config\Factories::__callStatic('config', [])
 4 SYSTEMPATH/Common.php(208): CodeIgniter\Config\Factories::get('config', 'Torrent')
 5 APPPATH/Controllers/AdminController.php(105): config('Torrent')
 6 SYSTEMPATH/CodeIgniter.php(904): App\Controllers\AdminController->initController(Object(CodeIgniter\HTTP\IncomingRequest), Object(CodeIgniter\HTTP\Response), Object(CodeIgniter\Log\Logger))
 7 SYSTEMPATH/CodeIgniter.php(498): CodeIgniter\CodeIgniter->createController()
 8 SYSTEMPATH/CodeIgniter.php(354): CodeIgniter\CodeIgniter->handleRequest(null, Object(Config\Cache), false)
 9 SYSTEMPATH/Boot.php(363): CodeIgniter\CodeIgniter->run()
10 SYSTEMPATH/Boot.php(68): CodeIgniter\Boot::runCodeIgniter(Object(CodeIgniter\CodeIgniter))
11 FCPATH/index.php(59): CodeIgniter\Boot::bootWeb(Object(Config\Paths))
DEBUG - 2026-02-03 08:34:15 --> Session: Class initialized using 'CodeIgniter\Session\Handlers\DatabaseHandler' driver.
WARNING - 2026-02-03 08:34:15 --> [DEPRECATED] Creation of dynamic property App\Controllers\Admin\CategoryController::$Cat is deprecated in APPPATH/Controllers/Admin/CategoryController.php on line 83.
 1 SYSTEMPATH/CodeIgniter.php(933): App\Controllers\Admin\CategoryController->CatEditShow(1)
 2 SYSTEMPATH/CodeIgniter.php(507): CodeIgniter\CodeIgniter->runController(Object(App\Controllers\Admin\CategoryController))
 3 SYSTEMPATH/CodeIgniter.php(354): CodeIgniter\CodeIgniter->handleRequest(null, Object(Config\Cache), false)
 4 SYSTEMPATH/Boot.php(363): CodeIgniter\CodeIgniter->run()
 5 SYSTEMPATH/Boot.php(68): CodeIgniter\Boot::runCodeIgniter(Object(CodeIgniter\CodeIgniter))
 6 FCPATH/index.php(59): CodeIgniter\Boot::bootWeb(Object(Config\Paths))
WARNING - 2026-02-03 08:34:47 --> [DEPRECATED] Creation of dynamic property Config\Torrent::$imageDir is deprecated in APPPATH/Config/Torrent.php on line 114.
 1 SYSTEMPATH/Config/Factories.php(236): Config\Torrent->__construct()
 2 SYSTEMPATH/Config/Factories.php(170): CodeIgniter\Config\Factories::createInstance('config', 'Config\\Torrent', [])
 3 SYSTEMPATH/Config/Factories.php(189): CodeIgniter\Config\Factories::__callStatic('config', [])
 4 SYSTEMPATH/Common.php(208): CodeIgniter\Config\Factories::get('config', 'Torrent')
 5 APPPATH/Controllers/AdminController.php(105): config('Torrent')
 6 SYSTEMPATH/CodeIgniter.php(904): App\Controllers\AdminController->initController(Object(CodeIgniter\HTTP\IncomingRequest), Object(CodeIgniter\HTTP\Response), Object(CodeIgniter\Log\Logger))
 7 SYSTEMPATH/CodeIgniter.php(498): CodeIgniter\CodeIgniter->createController()
 8 SYSTEMPATH/CodeIgniter.php(354): CodeIgniter\CodeIgniter->handleRequest(null, Object(Config\Cache), false)
 9 SYSTEMPATH/Boot.php(363): CodeIgniter\CodeIgniter->run()
10 SYSTEMPATH/Boot.php(68): CodeIgniter\Boot::runCodeIgniter(Object(CodeIgniter\CodeIgniter))
11 FCPATH/index.php(59): CodeIgniter\Boot::bootWeb(Object(Config\Paths))
WARNING - 2026-02-03 08:34:47 --> [DEPRECATED] Creation of dynamic property Config\Torrent::$catImageDir is deprecated in APPPATH/Config/Torrent.php on line 115.
 1 SYSTEMPATH/Config/Factories.php(236): Config\Torrent->__construct()
 2 SYSTEMPATH/Config/Factories.php(170): CodeIgniter\Config\Factories::createInstance('config', 'Config\\Torrent', [])
 3 SYSTEMPATH/Config/Factories.php(189): CodeIgniter\Config\Factories::__callStatic('config', [])
 4 SYSTEMPATH/Common.php(208): CodeIgniter\Config\Factories::get('config', 'Torrent')
 5 APPPATH/Controllers/AdminController.php(105): config('Torrent')
 6 SYSTEMPATH/CodeIgniter.php(904): App\Controllers\AdminController->initController(Object(CodeIgniter\HTTP\IncomingRequest), Object(CodeIgniter\HTTP\Response), Object(CodeIgniter\Log\Logger))
 7 SYSTEMPATH/CodeIgniter.php(498): CodeIgniter\CodeIgniter->createController()
 8 SYSTEMPATH/CodeIgniter.php(354): CodeIgniter\CodeIgniter->handleRequest(null, Object(Config\Cache), false)
 9 SYSTEMPATH/Boot.php(363): CodeIgniter\CodeIgniter->run()
10 SYSTEMPATH/Boot.php(68): CodeIgniter\Boot::runCodeIgniter(Object(CodeIgniter\CodeIgniter))
11 FCPATH/index.php(59): CodeIgniter\Boot::bootWeb(Object(Config\Paths))
DEBUG - 2026-02-03 08:34:47 --> Session: Class initialized using 'CodeIgniter\Session\Handlers\DatabaseHandler' driver.
WARNING - 2026-02-03 08:34:47 --> [DEPRECATED] Creation of dynamic property App\Controllers\Admin\CategoryController::$Cat is deprecated in APPPATH/Controllers/Admin/CategoryController.php on line 83.
 1 SYSTEMPATH/CodeIgniter.php(933): App\Controllers\Admin\CategoryController->CatEditShow(1)
 2 SYSTEMPATH/CodeIgniter.php(507): CodeIgniter\CodeIgniter->runController(Object(App\Controllers\Admin\CategoryController))
 3 SYSTEMPATH/CodeIgniter.php(354): CodeIgniter\CodeIgniter->handleRequest(null, Object(Config\Cache), false)
 4 SYSTEMPATH/Boot.php(363): CodeIgniter\CodeIgniter->run()
 5 SYSTEMPATH/Boot.php(68): CodeIgniter\Boot::runCodeIgniter(Object(CodeIgniter\CodeIgniter))
 6 FCPATH/index.php(59): CodeIgniter\Boot::bootWeb(Object(Config\Paths))
WARNING - 2026-02-03 08:37:19 --> [DEPRECATED] Creation of dynamic property Config\Torrent::$imageDir is deprecated in APPPATH/Config/Torrent.php on line 114.
 1 SYSTEMPATH/Config/Factories.php(236): Config\Torrent->__construct()
 2 SYSTEMPATH/Config/Factories.php(170): CodeIgniter\Config\Factories::createInstance('config', 'Config\\Torrent', [])
 3 SYSTEMPATH/Config/Factories.php(189): CodeIgniter\Config\Factories::__callStatic('config', [])
 4 SYSTEMPATH/Common.php(208): CodeIgniter\Config\Factories::get('config', 'Torrent')
 5 APPPATH/Controllers/AdminController.php(105): config('Torrent')
 6 SYSTEMPATH/CodeIgniter.php(904): App\Controllers\AdminController->initController(Object(CodeIgniter\HTTP\IncomingRequest), Object(CodeIgniter\HTTP\Response), Object(CodeIgniter\Log\Logger))
 7 SYSTEMPATH/CodeIgniter.php(498): CodeIgniter\CodeIgniter->createController()
 8 SYSTEMPATH/CodeIgniter.php(354): CodeIgniter\CodeIgniter->handleRequest(null, Object(Config\Cache), false)
 9 SYSTEMPATH/Boot.php(363): CodeIgniter\CodeIgniter->run()
10 SYSTEMPATH/Boot.php(68): CodeIgniter\Boot::runCodeIgniter(Object(CodeIgniter\CodeIgniter))
11 FCPATH/index.php(59): CodeIgniter\Boot::bootWeb(Object(Config\Paths))
WARNING - 2026-02-03 08:37:19 --> [DEPRECATED] Creation of dynamic property Config\Torrent::$catImageDir is deprecated in APPPATH/Config/Torrent.php on line 115.
 1 SYSTEMPATH/Config/Factories.php(236): Config\Torrent->__construct()
 2 SYSTEMPATH/Config/Factories.php(170): CodeIgniter\Config\Factories::createInstance('config', 'Config\\Torrent', [])
 3 SYSTEMPATH/Config/Factories.php(189): CodeIgniter\Config\Factories::__callStatic('config', [])
 4 SYSTEMPATH/Common.php(208): CodeIgniter\Config\Factories::get('config', 'Torrent')
 5 APPPATH/Controllers/AdminController.php(105): config('Torrent')
 6 SYSTEMPATH/CodeIgniter.php(904): App\Controllers\AdminController->initController(Object(CodeIgniter\HTTP\IncomingRequest), Object(CodeIgniter\HTTP\Response), Object(CodeIgniter\Log\Logger))
 7 SYSTEMPATH/CodeIgniter.php(498): CodeIgniter\CodeIgniter->createController()
 8 SYSTEMPATH/CodeIgniter.php(354): CodeIgniter\CodeIgniter->handleRequest(null, Object(Config\Cache), false)
 9 SYSTEMPATH/Boot.php(363): CodeIgniter\CodeIgniter->run()
10 SYSTEMPATH/Boot.php(68): CodeIgniter\Boot::runCodeIgniter(Object(CodeIgniter\CodeIgniter))
11 FCPATH/index.php(59): CodeIgniter\Boot::bootWeb(Object(Config\Paths))
DEBUG - 2026-02-03 08:37:19 --> Session: Class initialized using 'CodeIgniter\Session\Handlers\DatabaseHandler' driver.
WARNING - 2026-02-03 08:37:19 --> [DEPRECATED] Creation of dynamic property App\Controllers\Admin\CategoryController::$Cat is deprecated in APPPATH/Controllers/Admin/CategoryController.php on line 83.
 1 SYSTEMPATH/CodeIgniter.php(933): App\Controllers\Admin\CategoryController->CatEditShow(1)
 2 SYSTEMPATH/CodeIgniter.php(507): CodeIgniter\CodeIgniter->runController(Object(App\Controllers\Admin\CategoryController))
 3 SYSTEMPATH/CodeIgniter.php(354): CodeIgniter\CodeIgniter->handleRequest(null, Object(Config\Cache), false)
 4 SYSTEMPATH/Boot.php(363): CodeIgniter\CodeIgniter->run()
 5 SYSTEMPATH/Boot.php(68): CodeIgniter\Boot::runCodeIgniter(Object(CodeIgniter\CodeIgniter))
 6 FCPATH/index.php(59): CodeIgniter\Boot::bootWeb(Object(Config\Paths))
WARNING - 2026-02-03 08:39:01 --> [DEPRECATED] Creation of dynamic property Config\Torrent::$imageDir is deprecated in APPPATH/Config/Torrent.php on line 114.
 1 SYSTEMPATH/Config/Factories.php(236): Config\Torrent->__construct()
 2 SYSTEMPATH/Config/Factories.php(170): CodeIgniter\Config\Factories::createInstance('config', 'Config\\Torrent', [])
 3 SYSTEMPATH/Config/Factories.php(189): CodeIgniter\Config\Factories::__callStatic('config', [])
 4 SYSTEMPATH/Common.php(208): CodeIgniter\Config\Factories::get('config', 'Torrent')
 5 APPPATH/Controllers/AdminController.php(105): config('Torrent')
 6 SYSTEMPATH/CodeIgniter.php(904): App\Controllers\AdminController->initController(Object(CodeIgniter\HTTP\IncomingRequest), Object(CodeIgniter\HTTP\Response), Object(CodeIgniter\Log\Logger))
 7 SYSTEMPATH/CodeIgniter.php(498): CodeIgniter\CodeIgniter->createController()
 8 SYSTEMPATH/CodeIgniter.php(354): CodeIgniter\CodeIgniter->handleRequest(null, Object(Config\Cache), false)
 9 SYSTEMPATH/Boot.php(363): CodeIgniter\CodeIgniter->run()
10 SYSTEMPATH/Boot.php(68): CodeIgniter\Boot::runCodeIgniter(Object(CodeIgniter\CodeIgniter))
11 FCPATH/index.php(59): CodeIgniter\Boot::bootWeb(Object(Config\Paths))
WARNING - 2026-02-03 08:39:01 --> [DEPRECATED] Creation of dynamic property Config\Torrent::$catImageDir is deprecated in APPPATH/Config/Torrent.php on line 115.
 1 SYSTEMPATH/Config/Factories.php(236): Config\Torrent->__construct()
 2 SYSTEMPATH/Config/Factories.php(170): CodeIgniter\Config\Factories::createInstance('config', 'Config\\Torrent', [])
 3 SYSTEMPATH/Config/Factories.php(189): CodeIgniter\Config\Factories::__callStatic('config', [])
 4 SYSTEMPATH/Common.php(208): CodeIgniter\Config\Factories::get('config', 'Torrent')
 5 APPPATH/Controllers/AdminController.php(105): config('Torrent')
 6 SYSTEMPATH/CodeIgniter.php(904): App\Controllers\AdminController->initController(Object(CodeIgniter\HTTP\IncomingRequest), Object(CodeIgniter\HTTP\Response), Object(CodeIgniter\Log\Logger))
 7 SYSTEMPATH/CodeIgniter.php(498): CodeIgniter\CodeIgniter->createController()
 8 SYSTEMPATH/CodeIgniter.php(354): CodeIgniter\CodeIgniter->handleRequest(null, Object(Config\Cache), false)
 9 SYSTEMPATH/Boot.php(363): CodeIgniter\CodeIgniter->run()
10 SYSTEMPATH/Boot.php(68): CodeIgniter\Boot::runCodeIgniter(Object(CodeIgniter\CodeIgniter))
11 FCPATH/index.php(59): CodeIgniter\Boot::bootWeb(Object(Config\Paths))
DEBUG - 2026-02-03 08:39:01 --> Session: Class initialized using 'CodeIgniter\Session\Handlers\DatabaseHandler' driver.
WARNING - 2026-02-03 08:39:01 --> [DEPRECATED] Creation of dynamic property App\Controllers\Admin\CategoryController::$Cat is deprecated in APPPATH/Controllers/Admin/CategoryController.php on line 83.
 1 SYSTEMPATH/CodeIgniter.php(933): App\Controllers\Admin\CategoryController->CatEditShow(1)
 2 SYSTEMPATH/CodeIgniter.php(507): CodeIgniter\CodeIgniter->runController(Object(App\Controllers\Admin\CategoryController))
 3 SYSTEMPATH/CodeIgniter.php(354): CodeIgniter\CodeIgniter->handleRequest(null, Object(Config\Cache), false)
 4 SYSTEMPATH/Boot.php(363): CodeIgniter\CodeIgniter->run()
 5 SYSTEMPATH/Boot.php(68): CodeIgniter\Boot::runCodeIgniter(Object(CodeIgniter\CodeIgniter))
 6 FCPATH/index.php(59): CodeIgniter\Boot::bootWeb(Object(Config\Paths))
WARNING - 2026-02-03 08:44:31 --> [DEPRECATED] Creation of dynamic property Config\Torrent::$imageDir is deprecated in APPPATH/Config/Torrent.php on line 114.
 1 SYSTEMPATH/Config/Factories.php(236): Config\Torrent->__construct()
 2 SYSTEMPATH/Config/Factories.php(170): CodeIgniter\Config\Factories::createInstance('config', 'Config\\Torrent', [])
 3 SYSTEMPATH/Config/Factories.php(189): CodeIgniter\Config\Factories::__callStatic('config', [])
 4 SYSTEMPATH/Common.php(208): CodeIgniter\Config\Factories::get('config', 'Torrent')
 5 APPPATH/Controllers/AdminController.php(105): config('Torrent')
 6 SYSTEMPATH/CodeIgniter.php(904): App\Controllers\AdminController->initController(Object(CodeIgniter\HTTP\IncomingRequest), Object(CodeIgniter\HTTP\Response), Object(CodeIgniter\Log\Logger))
 7 SYSTEMPATH/CodeIgniter.php(498): CodeIgniter\CodeIgniter->createController()
 8 SYSTEMPATH/CodeIgniter.php(354): CodeIgniter\CodeIgniter->handleRequest(null, Object(Config\Cache), false)
 9 SYSTEMPATH/Boot.php(363): CodeIgniter\CodeIgniter->run()
10 SYSTEMPATH/Boot.php(68): CodeIgniter\Boot::runCodeIgniter(Object(CodeIgniter\CodeIgniter))
11 FCPATH/index.php(59): CodeIgniter\Boot::bootWeb(Object(Config\Paths))
WARNING - 2026-02-03 08:44:31 --> [DEPRECATED] Creation of dynamic property Config\Torrent::$catImageDir is deprecated in APPPATH/Config/Torrent.php on line 115.
 1 SYSTEMPATH/Config/Factories.php(236): Config\Torrent->__construct()
 2 SYSTEMPATH/Config/Factories.php(170): CodeIgniter\Config\Factories::createInstance('config', 'Config\\Torrent', [])
 3 SYSTEMPATH/Config/Factories.php(189): CodeIgniter\Config\Factories::__callStatic('config', [])
 4 SYSTEMPATH/Common.php(208): CodeIgniter\Config\Factories::get('config', 'Torrent')
 5 APPPATH/Controllers/AdminController.php(105): config('Torrent')
 6 SYSTEMPATH/CodeIgniter.php(904): App\Controllers\AdminController->initController(Object(CodeIgniter\HTTP\IncomingRequest), Object(CodeIgniter\HTTP\Response), Object(CodeIgniter\Log\Logger))
 7 SYSTEMPATH/CodeIgniter.php(498): CodeIgniter\CodeIgniter->createController()
 8 SYSTEMPATH/CodeIgniter.php(354): CodeIgniter\CodeIgniter->handleRequest(null, Object(Config\Cache), false)
 9 SYSTEMPATH/Boot.php(363): CodeIgniter\CodeIgniter->run()
10 SYSTEMPATH/Boot.php(68): CodeIgniter\Boot::runCodeIgniter(Object(CodeIgniter\CodeIgniter))
11 FCPATH/index.php(59): CodeIgniter\Boot::bootWeb(Object(Config\Paths))
DEBUG - 2026-02-03 08:44:31 --> Session: Class initialized using 'CodeIgniter\Session\Handlers\DatabaseHandler' driver.
WARNING - 2026-02-03 08:44:31 --> [DEPRECATED] Creation of dynamic property App\Controllers\Admin\CategoryController::$Cat is deprecated in APPPATH/Controllers/Admin/CategoryController.php on line 83.
 1 SYSTEMPATH/CodeIgniter.php(933): App\Controllers\Admin\CategoryController->CatEditShow(1)
 2 SYSTEMPATH/CodeIgniter.php(507): CodeIgniter\CodeIgniter->runController(Object(App\Controllers\Admin\CategoryController))
 3 SYSTEMPATH/CodeIgniter.php(354): CodeIgniter\CodeIgniter->handleRequest(null, Object(Config\Cache), false)
 4 SYSTEMPATH/Boot.php(363): CodeIgniter\CodeIgniter->run()
 5 SYSTEMPATH/Boot.php(68): CodeIgniter\Boot::runCodeIgniter(Object(CodeIgniter\CodeIgniter))
 6 FCPATH/index.php(59): CodeIgniter\Boot::bootWeb(Object(Config\Paths))
WARNING - 2026-02-03 08:45:26 --> [DEPRECATED] Creation of dynamic property Config\Torrent::$imageDir is deprecated in APPPATH/Config/Torrent.php on line 114.
 1 SYSTEMPATH/Config/Factories.php(236): Config\Torrent->__construct()
 2 SYSTEMPATH/Config/Factories.php(170): CodeIgniter\Config\Factories::createInstance('config', 'Config\\Torrent', [])
 3 SYSTEMPATH/Config/Factories.php(189): CodeIgniter\Config\Factories::__callStatic('config', [])
 4 SYSTEMPATH/Common.php(208): CodeIgniter\Config\Factories::get('config', 'Torrent')
 5 APPPATH/Controllers/AdminController.php(105): config('Torrent')
 6 SYSTEMPATH/CodeIgniter.php(904): App\Controllers\AdminController->initController(Object(CodeIgniter\HTTP\IncomingRequest), Object(CodeIgniter\HTTP\Response), Object(CodeIgniter\Log\Logger))
 7 SYSTEMPATH/CodeIgniter.php(498): CodeIgniter\CodeIgniter->createController()
 8 SYSTEMPATH/CodeIgniter.php(354): CodeIgniter\CodeIgniter->handleRequest(null, Object(Config\Cache), false)
 9 SYSTEMPATH/Boot.php(363): CodeIgniter\CodeIgniter->run()
10 SYSTEMPATH/Boot.php(68): CodeIgniter\Boot::runCodeIgniter(Object(CodeIgniter\CodeIgniter))
11 FCPATH/index.php(59): CodeIgniter\Boot::bootWeb(Object(Config\Paths))
WARNING - 2026-02-03 08:45:26 --> [DEPRECATED] Creation of dynamic property Config\Torrent::$catImageDir is deprecated in APPPATH/Config/Torrent.php on line 115.
 1 SYSTEMPATH/Config/Factories.php(236): Config\Torrent->__construct()
 2 SYSTEMPATH/Config/Factories.php(170): CodeIgniter\Config\Factories::createInstance('config', 'Config\\Torrent', [])
 3 SYSTEMPATH/Config/Factories.php(189): CodeIgniter\Config\Factories::__callStatic('config', [])
 4 SYSTEMPATH/Common.php(208): CodeIgniter\Config\Factories::get('config', 'Torrent')
 5 APPPATH/Controllers/AdminController.php(105): config('Torrent')
 6 SYSTEMPATH/CodeIgniter.php(904): App\Controllers\AdminController->initController(Object(CodeIgniter\HTTP\IncomingRequest), Object(CodeIgniter\HTTP\Response), Object(CodeIgniter\Log\Logger))
 7 SYSTEMPATH/CodeIgniter.php(498): CodeIgniter\CodeIgniter->createController()
 8 SYSTEMPATH/CodeIgniter.php(354): CodeIgniter\CodeIgniter->handleRequest(null, Object(Config\Cache), false)
 9 SYSTEMPATH/Boot.php(363): CodeIgniter\CodeIgniter->run()
10 SYSTEMPATH/Boot.php(68): CodeIgniter\Boot::runCodeIgniter(Object(CodeIgniter\CodeIgniter))
11 FCPATH/index.php(59): CodeIgniter\Boot::bootWeb(Object(Config\Paths))
DEBUG - 2026-02-03 08:45:26 --> Session: Class initialized using 'CodeIgniter\Session\Handlers\DatabaseHandler' driver.
WARNING - 2026-02-03 08:45:26 --> [DEPRECATED] Creation of dynamic property App\Controllers\Admin\CategoryController::$Cat is deprecated in APPPATH/Controllers/Admin/CategoryController.php on line 83.
 1 SYSTEMPATH/CodeIgniter.php(933): App\Controllers\Admin\CategoryController->CatEditShow(1)
 2 SYSTEMPATH/CodeIgniter.php(507): CodeIgniter\CodeIgniter->runController(Object(App\Controllers\Admin\CategoryController))
 3 SYSTEMPATH/CodeIgniter.php(354): CodeIgniter\CodeIgniter->handleRequest(null, Object(Config\Cache), false)
 4 SYSTEMPATH/Boot.php(363): CodeIgniter\CodeIgniter->run()
 5 SYSTEMPATH/Boot.php(68): CodeIgniter\Boot::runCodeIgniter(Object(CodeIgniter\CodeIgniter))
 6 FCPATH/index.php(59): CodeIgniter\Boot::bootWeb(Object(Config\Paths))
WARNING - 2026-02-03 08:46:56 --> [DEPRECATED] Creation of dynamic property Config\Torrent::$imageDir is deprecated in APPPATH/Config/Torrent.php on line 114.
 1 SYSTEMPATH/Config/Factories.php(236): Config\Torrent->__construct()
 2 SYSTEMPATH/Config/Factories.php(170): CodeIgniter\Config\Factories::createInstance('config', 'Config\\Torrent', [])
 3 SYSTEMPATH/Config/Factories.php(189): CodeIgniter\Config\Factories::__callStatic('config', [])
 4 SYSTEMPATH/Common.php(208): CodeIgniter\Config\Factories::get('config', 'Torrent')
 5 APPPATH/Controllers/AdminController.php(105): config('Torrent')
 6 SYSTEMPATH/CodeIgniter.php(904): App\Controllers\AdminController->initController(Object(CodeIgniter\HTTP\IncomingRequest), Object(CodeIgniter\HTTP\Response), Object(CodeIgniter\Log\Logger))
 7 SYSTEMPATH/CodeIgniter.php(498): CodeIgniter\CodeIgniter->createController()
 8 SYSTEMPATH/CodeIgniter.php(354): CodeIgniter\CodeIgniter->handleRequest(null, Object(Config\Cache), false)
 9 SYSTEMPATH/Boot.php(363): CodeIgniter\CodeIgniter->run()
10 SYSTEMPATH/Boot.php(68): CodeIgniter\Boot::runCodeIgniter(Object(CodeIgniter\CodeIgniter))
11 FCPATH/index.php(59): CodeIgniter\Boot::bootWeb(Object(Config\Paths))
WARNING - 2026-02-03 08:46:56 --> [DEPRECATED] Creation of dynamic property Config\Torrent::$catImageDir is deprecated in APPPATH/Config/Torrent.php on line 115.
 1 SYSTEMPATH/Config/Factories.php(236): Config\Torrent->__construct()
 2 SYSTEMPATH/Config/Factories.php(170): CodeIgniter\Config\Factories::createInstance('config', 'Config\\Torrent', [])
 3 SYSTEMPATH/Config/Factories.php(189): CodeIgniter\Config\Factories::__callStatic('config', [])
 4 SYSTEMPATH/Common.php(208): CodeIgniter\Config\Factories::get('config', 'Torrent')
 5 APPPATH/Controllers/AdminController.php(105): config('Torrent')
 6 SYSTEMPATH/CodeIgniter.php(904): App\Controllers\AdminController->initController(Object(CodeIgniter\HTTP\IncomingRequest), Object(CodeIgniter\HTTP\Response), Object(CodeIgniter\Log\Logger))
 7 SYSTEMPATH/CodeIgniter.php(498): CodeIgniter\CodeIgniter->createController()
 8 SYSTEMPATH/CodeIgniter.php(354): CodeIgniter\CodeIgniter->handleRequest(null, Object(Config\Cache), false)
 9 SYSTEMPATH/Boot.php(363): CodeIgniter\CodeIgniter->run()
10 SYSTEMPATH/Boot.php(68): CodeIgniter\Boot::runCodeIgniter(Object(CodeIgniter\CodeIgniter))
11 FCPATH/index.php(59): CodeIgniter\Boot::bootWeb(Object(Config\Paths))
DEBUG - 2026-02-03 08:46:56 --> Session: Class initialized using 'CodeIgniter\Session\Handlers\DatabaseHandler' driver.
WARNING - 2026-02-03 08:46:56 --> [DEPRECATED] Creation of dynamic property App\Controllers\Admin\CategoryController::$Cat is deprecated in APPPATH/Controllers/Admin/CategoryController.php on line 83.
 1 SYSTEMPATH/CodeIgniter.php(933): App\Controllers\Admin\CategoryController->CatEditShow(1)
 2 SYSTEMPATH/CodeIgniter.php(507): CodeIgniter\CodeIgniter->runController(Object(App\Controllers\Admin\CategoryController))
 3 SYSTEMPATH/CodeIgniter.php(354): CodeIgniter\CodeIgniter->handleRequest(null, Object(Config\Cache), false)
 4 SYSTEMPATH/Boot.php(363): CodeIgniter\CodeIgniter->run()
 5 SYSTEMPATH/Boot.php(68): CodeIgniter\Boot::runCodeIgniter(Object(CodeIgniter\CodeIgniter))
 6 FCPATH/index.php(59): CodeIgniter\Boot::bootWeb(Object(Config\Paths))
WARNING - 2026-02-03 08:47:35 --> [DEPRECATED] Creation of dynamic property Config\Torrent::$imageDir is deprecated in APPPATH/Config/Torrent.php on line 114.
 1 SYSTEMPATH/Config/Factories.php(236): Config\Torrent->__construct()
 2 SYSTEMPATH/Config/Factories.php(170): CodeIgniter\Config\Factories::createInstance('config', 'Config\\Torrent', [])
 3 SYSTEMPATH/Config/Factories.php(189): CodeIgniter\Config\Factories::__callStatic('config', [])
 4 SYSTEMPATH/Common.php(208): CodeIgniter\Config\Factories::get('config', 'Torrent')
 5 APPPATH/Controllers/AdminController.php(105): config('Torrent')
 6 SYSTEMPATH/CodeIgniter.php(904): App\Controllers\AdminController->initController(Object(CodeIgniter\HTTP\IncomingRequest), Object(CodeIgniter\HTTP\Response), Object(CodeIgniter\Log\Logger))
 7 SYSTEMPATH/CodeIgniter.php(498): CodeIgniter\CodeIgniter->createController()
 8 SYSTEMPATH/CodeIgniter.php(354): CodeIgniter\CodeIgniter->handleRequest(null, Object(Config\Cache), false)
 9 SYSTEMPATH/Boot.php(363): CodeIgniter\CodeIgniter->run()
10 SYSTEMPATH/Boot.php(68): CodeIgniter\Boot::runCodeIgniter(Object(CodeIgniter\CodeIgniter))
11 FCPATH/index.php(59): CodeIgniter\Boot::bootWeb(Object(Config\Paths))
WARNING - 2026-02-03 08:47:35 --> [DEPRECATED] Creation of dynamic property Config\Torrent::$catImageDir is deprecated in APPPATH/Config/Torrent.php on line 115.
 1 SYSTEMPATH/Config/Factories.php(236): Config\Torrent->__construct()
 2 SYSTEMPATH/Config/Factories.php(170): CodeIgniter\Config\Factories::createInstance('config', 'Config\\Torrent', [])
 3 SYSTEMPATH/Config/Factories.php(189): CodeIgniter\Config\Factories::__callStatic('config', [])
 4 SYSTEMPATH/Common.php(208): CodeIgniter\Config\Factories::get('config', 'Torrent')
 5 APPPATH/Controllers/AdminController.php(105): config('Torrent')
 6 SYSTEMPATH/CodeIgniter.php(904): App\Controllers\AdminController->initController(Object(CodeIgniter\HTTP\IncomingRequest), Object(CodeIgniter\HTTP\Response), Object(CodeIgniter\Log\Logger))
 7 SYSTEMPATH/CodeIgniter.php(498): CodeIgniter\CodeIgniter->createController()
 8 SYSTEMPATH/CodeIgniter.php(354): CodeIgniter\CodeIgniter->handleRequest(null, Object(Config\Cache), false)
 9 SYSTEMPATH/Boot.php(363): CodeIgniter\CodeIgniter->run()
10 SYSTEMPATH/Boot.php(68): CodeIgniter\Boot::runCodeIgniter(Object(CodeIgniter\CodeIgniter))
11 FCPATH/index.php(59): CodeIgniter\Boot::bootWeb(Object(Config\Paths))
DEBUG - 2026-02-03 08:47:35 --> Session: Class initialized using 'CodeIgniter\Session\Handlers\DatabaseHandler' driver.
WARNING - 2026-02-03 08:47:35 --> [DEPRECATED] Creation of dynamic property App\Controllers\Admin\CategoryController::$Cat is deprecated in APPPATH/Controllers/Admin/CategoryController.php on line 83.
 1 SYSTEMPATH/CodeIgniter.php(933): App\Controllers\Admin\CategoryController->CatEditShow(1)
 2 SYSTEMPATH/CodeIgniter.php(507): CodeIgniter\CodeIgniter->runController(Object(App\Controllers\Admin\CategoryController))
 3 SYSTEMPATH/CodeIgniter.php(354): CodeIgniter\CodeIgniter->handleRequest(null, Object(Config\Cache), false)
 4 SYSTEMPATH/Boot.php(363): CodeIgniter\CodeIgniter->run()
 5 SYSTEMPATH/Boot.php(68): CodeIgniter\Boot::runCodeIgniter(Object(CodeIgniter\CodeIgniter))
 6 FCPATH/index.php(59): CodeIgniter\Boot::bootWeb(Object(Config\Paths))
WARNING - 2026-02-03 08:50:12 --> [DEPRECATED] Creation of dynamic property Config\Torrent::$imageDir is deprecated in APPPATH/Config/Torrent.php on line 114.
 1 SYSTEMPATH/Config/Factories.php(236): Config\Torrent->__construct()
 2 SYSTEMPATH/Config/Factories.php(170): CodeIgniter\Config\Factories::createInstance('config', 'Config\\Torrent', [])
 3 SYSTEMPATH/Config/Factories.php(189): CodeIgniter\Config\Factories::__callStatic('config', [])
 4 SYSTEMPATH/Common.php(208): CodeIgniter\Config\Factories::get('config', 'Torrent')
 5 APPPATH/Controllers/AdminController.php(105): config('Torrent')
 6 SYSTEMPATH/CodeIgniter.php(904): App\Controllers\AdminController->initController(Object(CodeIgniter\HTTP\IncomingRequest), Object(CodeIgniter\HTTP\Response), Object(CodeIgniter\Log\Logger))
 7 SYSTEMPATH/CodeIgniter.php(498): CodeIgniter\CodeIgniter->createController()
 8 SYSTEMPATH/CodeIgniter.php(354): CodeIgniter\CodeIgniter->handleRequest(null, Object(Config\Cache), false)
 9 SYSTEMPATH/Boot.php(363): CodeIgniter\CodeIgniter->run()
10 SYSTEMPATH/Boot.php(68): CodeIgniter\Boot::runCodeIgniter(Object(CodeIgniter\CodeIgniter))
11 FCPATH/index.php(59): CodeIgniter\Boot::bootWeb(Object(Config\Paths))
WARNING - 2026-02-03 08:50:12 --> [DEPRECATED] Creation of dynamic property Config\Torrent::$catImageDir is deprecated in APPPATH/Config/Torrent.php on line 115.
 1 SYSTEMPATH/Config/Factories.php(236): Config\Torrent->__construct()
 2 SYSTEMPATH/Config/Factories.php(170): CodeIgniter\Config\Factories::createInstance('config', 'Config\\Torrent', [])
 3 SYSTEMPATH/Config/Factories.php(189): CodeIgniter\Config\Factories::__callStatic('config', [])
 4 SYSTEMPATH/Common.php(208): CodeIgniter\Config\Factories::get('config', 'Torrent')
 5 APPPATH/Controllers/AdminController.php(105): config('Torrent')
 6 SYSTEMPATH/CodeIgniter.php(904): App\Controllers\AdminController->initController(Object(CodeIgniter\HTTP\IncomingRequest), Object(CodeIgniter\HTTP\Response), Object(CodeIgniter\Log\Logger))
 7 SYSTEMPATH/CodeIgniter.php(498): CodeIgniter\CodeIgniter->createController()
 8 SYSTEMPATH/CodeIgniter.php(354): CodeIgniter\CodeIgniter->handleRequest(null, Object(Config\Cache), false)
 9 SYSTEMPATH/Boot.php(363): CodeIgniter\CodeIgniter->run()
10 SYSTEMPATH/Boot.php(68): CodeIgniter\Boot::runCodeIgniter(Object(CodeIgniter\CodeIgniter))
11 FCPATH/index.php(59): CodeIgniter\Boot::bootWeb(Object(Config\Paths))
DEBUG - 2026-02-03 08:50:12 --> Session: Class initialized using 'CodeIgniter\Session\Handlers\DatabaseHandler' driver.
WARNING - 2026-02-03 08:50:12 --> [DEPRECATED] Creation of dynamic property App\Controllers\Admin\CategoryController::$Cat is deprecated in APPPATH/Controllers/Admin/CategoryController.php on line 83.
 1 SYSTEMPATH/CodeIgniter.php(933): App\Controllers\Admin\CategoryController->CatEditShow(1)
 2 SYSTEMPATH/CodeIgniter.php(507): CodeIgniter\CodeIgniter->runController(Object(App\Controllers\Admin\CategoryController))
 3 SYSTEMPATH/CodeIgniter.php(354): CodeIgniter\CodeIgniter->handleRequest(null, Object(Config\Cache), false)
 4 SYSTEMPATH/Boot.php(363): CodeIgniter\CodeIgniter->run()
 5 SYSTEMPATH/Boot.php(68): CodeIgniter\Boot::runCodeIgniter(Object(CodeIgniter\CodeIgniter))
 6 FCPATH/index.php(59): CodeIgniter\Boot::bootWeb(Object(Config\Paths))
WARNING - 2026-02-03 08:50:59 --> [DEPRECATED] Creation of dynamic property Config\Torrent::$imageDir is deprecated in APPPATH/Config/Torrent.php on line 114.
 1 SYSTEMPATH/Config/Factories.php(236): Config\Torrent->__construct()
 2 SYSTEMPATH/Config/Factories.php(170): CodeIgniter\Config\Factories::createInstance('config', 'Config\\Torrent', [])
 3 SYSTEMPATH/Config/Factories.php(189): CodeIgniter\Config\Factories::__callStatic('config', [])
 4 SYSTEMPATH/Common.php(208): CodeIgniter\Config\Factories::get('config', 'Torrent')
 5 APPPATH/Controllers/AdminController.php(105): config('Torrent')
 6 SYSTEMPATH/CodeIgniter.php(904): App\Controllers\AdminController->initController(Object(CodeIgniter\HTTP\IncomingRequest), Object(CodeIgniter\HTTP\Response), Object(CodeIgniter\Log\Logger))
 7 SYSTEMPATH/CodeIgniter.php(498): CodeIgniter\CodeIgniter->createController()
 8 SYSTEMPATH/CodeIgniter.php(354): CodeIgniter\CodeIgniter->handleRequest(null, Object(Config\Cache), false)
 9 SYSTEMPATH/Boot.php(363): CodeIgniter\CodeIgniter->run()
10 SYSTEMPATH/Boot.php(68): CodeIgniter\Boot::runCodeIgniter(Object(CodeIgniter\CodeIgniter))
11 FCPATH/index.php(59): CodeIgniter\Boot::bootWeb(Object(Config\Paths))
WARNING - 2026-02-03 08:50:59 --> [DEPRECATED] Creation of dynamic property Config\Torrent::$catImageDir is deprecated in APPPATH/Config/Torrent.php on line 115.
 1 SYSTEMPATH/Config/Factories.php(236): Config\Torrent->__construct()
 2 SYSTEMPATH/Config/Factories.php(170): CodeIgniter\Config\Factories::createInstance('config', 'Config\\Torrent', [])
 3 SYSTEMPATH/Config/Factories.php(189): CodeIgniter\Config\Factories::__callStatic('config', [])
 4 SYSTEMPATH/Common.php(208): CodeIgniter\Config\Factories::get('config', 'Torrent')
 5 APPPATH/Controllers/AdminController.php(105): config('Torrent')
 6 SYSTEMPATH/CodeIgniter.php(904): App\Controllers\AdminController->initController(Object(CodeIgniter\HTTP\IncomingRequest), Object(CodeIgniter\HTTP\Response), Object(CodeIgniter\Log\Logger))
 7 SYSTEMPATH/CodeIgniter.php(498): CodeIgniter\CodeIgniter->createController()
 8 SYSTEMPATH/CodeIgniter.php(354): CodeIgniter\CodeIgniter->handleRequest(null, Object(Config\Cache), false)
 9 SYSTEMPATH/Boot.php(363): CodeIgniter\CodeIgniter->run()
10 SYSTEMPATH/Boot.php(68): CodeIgniter\Boot::runCodeIgniter(Object(CodeIgniter\CodeIgniter))
11 FCPATH/index.php(59): CodeIgniter\Boot::bootWeb(Object(Config\Paths))
DEBUG - 2026-02-03 08:50:59 --> Session: Class initialized using 'CodeIgniter\Session\Handlers\DatabaseHandler' driver.
WARNING - 2026-02-03 08:50:59 --> [DEPRECATED] Creation of dynamic property App\Controllers\Admin\CategoryController::$Cat is deprecated in APPPATH/Controllers/Admin/CategoryController.php on line 83.
 1 SYSTEMPATH/CodeIgniter.php(933): App\Controllers\Admin\CategoryController->CatEditShow(1)
 2 SYSTEMPATH/CodeIgniter.php(507): CodeIgniter\CodeIgniter->runController(Object(App\Controllers\Admin\CategoryController))
 3 SYSTEMPATH/CodeIgniter.php(354): CodeIgniter\CodeIgniter->handleRequest(null, Object(Config\Cache), false)
 4 SYSTEMPATH/Boot.php(363): CodeIgniter\CodeIgniter->run()
 5 SYSTEMPATH/Boot.php(68): CodeIgniter\Boot::runCodeIgniter(Object(CodeIgniter\CodeIgniter))
 6 FCPATH/index.php(59): CodeIgniter\Boot::bootWeb(Object(Config\Paths))
WARNING - 2026-02-03 08:51:50 --> [DEPRECATED] Creation of dynamic property Config\Torrent::$imageDir is deprecated in APPPATH/Config/Torrent.php on line 114.
 1 SYSTEMPATH/Config/Factories.php(236): Config\Torrent->__construct()
 2 SYSTEMPATH/Config/Factories.php(170): CodeIgniter\Config\Factories::createInstance('config', 'Config\\Torrent', [])
 3 SYSTEMPATH/Config/Factories.php(189): CodeIgniter\Config\Factories::__callStatic('config', [])
 4 SYSTEMPATH/Common.php(208): CodeIgniter\Config\Factories::get('config', 'Torrent')
 5 APPPATH/Controllers/AdminController.php(105): config('Torrent')
 6 SYSTEMPATH/CodeIgniter.php(904): App\Controllers\AdminController->initController(Object(CodeIgniter\HTTP\IncomingRequest), Object(CodeIgniter\HTTP\Response), Object(CodeIgniter\Log\Logger))
 7 SYSTEMPATH/CodeIgniter.php(498): CodeIgniter\CodeIgniter->createController()
 8 SYSTEMPATH/CodeIgniter.php(354): CodeIgniter\CodeIgniter->handleRequest(null, Object(Config\Cache), false)
 9 SYSTEMPATH/Boot.php(363): CodeIgniter\CodeIgniter->run()
10 SYSTEMPATH/Boot.php(68): CodeIgniter\Boot::runCodeIgniter(Object(CodeIgniter\CodeIgniter))
11 FCPATH/index.php(59): CodeIgniter\Boot::bootWeb(Object(Config\Paths))
WARNING - 2026-02-03 08:51:50 --> [DEPRECATED] Creation of dynamic property Config\Torrent::$catImageDir is deprecated in APPPATH/Config/Torrent.php on line 115.
 1 SYSTEMPATH/Config/Factories.php(236): Config\Torrent->__construct()
 2 SYSTEMPATH/Config/Factories.php(170): CodeIgniter\Config\Factories::createInstance('config', 'Config\\Torrent', [])
 3 SYSTEMPATH/Config/Factories.php(189): CodeIgniter\Config\Factories::__callStatic('config', [])
 4 SYSTEMPATH/Common.php(208): CodeIgniter\Config\Factories::get('config', 'Torrent')
 5 APPPATH/Controllers/AdminController.php(105): config('Torrent')
 6 SYSTEMPATH/CodeIgniter.php(904): App\Controllers\AdminController->initController(Object(CodeIgniter\HTTP\IncomingRequest), Object(CodeIgniter\HTTP\Response), Object(CodeIgniter\Log\Logger))
 7 SYSTEMPATH/CodeIgniter.php(498): CodeIgniter\CodeIgniter->createController()
 8 SYSTEMPATH/CodeIgniter.php(354): CodeIgniter\CodeIgniter->handleRequest(null, Object(Config\Cache), false)
 9 SYSTEMPATH/Boot.php(363): CodeIgniter\CodeIgniter->run()
10 SYSTEMPATH/Boot.php(68): CodeIgniter\Boot::runCodeIgniter(Object(CodeIgniter\CodeIgniter))
11 FCPATH/index.php(59): CodeIgniter\Boot::bootWeb(Object(Config\Paths))
DEBUG - 2026-02-03 08:51:50 --> Session: Class initialized using 'CodeIgniter\Session\Handlers\DatabaseHandler' driver.
WARNING - 2026-02-03 08:51:50 --> [DEPRECATED] Creation of dynamic property App\Controllers\Admin\CategoryController::$Cat is deprecated in APPPATH/Controllers/Admin/CategoryController.php on line 83.
 1 SYSTEMPATH/CodeIgniter.php(933): App\Controllers\Admin\CategoryController->CatEditShow(1)
 2 SYSTEMPATH/CodeIgniter.php(507): CodeIgniter\CodeIgniter->runController(Object(App\Controllers\Admin\CategoryController))
 3 SYSTEMPATH/CodeIgniter.php(354): CodeIgniter\CodeIgniter->handleRequest(null, Object(Config\Cache), false)
 4 SYSTEMPATH/Boot.php(363): CodeIgniter\CodeIgniter->run()
 5 SYSTEMPATH/Boot.php(68): CodeIgniter\Boot::runCodeIgniter(Object(CodeIgniter\CodeIgniter))
 6 FCPATH/index.php(59): CodeIgniter\Boot::bootWeb(Object(Config\Paths))
WARNING - 2026-02-03 08:52:24 --> [DEPRECATED] Creation of dynamic property Config\Torrent::$imageDir is deprecated in APPPATH/Config/Torrent.php on line 114.
 1 SYSTEMPATH/Config/Factories.php(236): Config\Torrent->__construct()
 2 SYSTEMPATH/Config/Factories.php(170): CodeIgniter\Config\Factories::createInstance('config', 'Config\\Torrent', [])
 3 SYSTEMPATH/Config/Factories.php(189): CodeIgniter\Config\Factories::__callStatic('config', [])
 4 SYSTEMPATH/Common.php(208): CodeIgniter\Config\Factories::get('config', 'Torrent')
 5 APPPATH/Controllers/AdminController.php(105): config('Torrent')
 6 SYSTEMPATH/CodeIgniter.php(904): App\Controllers\AdminController->initController(Object(CodeIgniter\HTTP\IncomingRequest), Object(CodeIgniter\HTTP\Response), Object(CodeIgniter\Log\Logger))
 7 SYSTEMPATH/CodeIgniter.php(498): CodeIgniter\CodeIgniter->createController()
 8 SYSTEMPATH/CodeIgniter.php(354): CodeIgniter\CodeIgniter->handleRequest(null, Object(Config\Cache), false)
 9 SYSTEMPATH/Boot.php(363): CodeIgniter\CodeIgniter->run()
10 SYSTEMPATH/Boot.php(68): CodeIgniter\Boot::runCodeIgniter(Object(CodeIgniter\CodeIgniter))
11 FCPATH/index.php(59): CodeIgniter\Boot::bootWeb(Object(Config\Paths))
WARNING - 2026-02-03 08:52:24 --> [DEPRECATED] Creation of dynamic property Config\Torrent::$catImageDir is deprecated in APPPATH/Config/Torrent.php on line 115.
 1 SYSTEMPATH/Config/Factories.php(236): Config\Torrent->__construct()
 2 SYSTEMPATH/Config/Factories.php(170): CodeIgniter\Config\Factories::createInstance('config', 'Config\\Torrent', [])
 3 SYSTEMPATH/Config/Factories.php(189): CodeIgniter\Config\Factories::__callStatic('config', [])
 4 SYSTEMPATH/Common.php(208): CodeIgniter\Config\Factories::get('config', 'Torrent')
 5 APPPATH/Controllers/AdminController.php(105): config('Torrent')
 6 SYSTEMPATH/CodeIgniter.php(904): App\Controllers\AdminController->initController(Object(CodeIgniter\HTTP\IncomingRequest), Object(CodeIgniter\HTTP\Response), Object(CodeIgniter\Log\Logger))
 7 SYSTEMPATH/CodeIgniter.php(498): CodeIgniter\CodeIgniter->createController()
 8 SYSTEMPATH/CodeIgniter.php(354): CodeIgniter\CodeIgniter->handleRequest(null, Object(Config\Cache), false)
 9 SYSTEMPATH/Boot.php(363): CodeIgniter\CodeIgniter->run()
10 SYSTEMPATH/Boot.php(68): CodeIgniter\Boot::runCodeIgniter(Object(CodeIgniter\CodeIgniter))
11 FCPATH/index.php(59): CodeIgniter\Boot::bootWeb(Object(Config\Paths))
DEBUG - 2026-02-03 08:52:25 --> Session: Class initialized using 'CodeIgniter\Session\Handlers\DatabaseHandler' driver.
WARNING - 2026-02-03 08:52:25 --> [DEPRECATED] Creation of dynamic property App\Controllers\Admin\CategoryController::$Cat is deprecated in APPPATH/Controllers/Admin/CategoryController.php on line 83.
 1 SYSTEMPATH/CodeIgniter.php(933): App\Controllers\Admin\CategoryController->CatEditShow(1)
 2 SYSTEMPATH/CodeIgniter.php(507): CodeIgniter\CodeIgniter->runController(Object(App\Controllers\Admin\CategoryController))
 3 SYSTEMPATH/CodeIgniter.php(354): CodeIgniter\CodeIgniter->handleRequest(null, Object(Config\Cache), false)
 4 SYSTEMPATH/Boot.php(363): CodeIgniter\CodeIgniter->run()
 5 SYSTEMPATH/Boot.php(68): CodeIgniter\Boot::runCodeIgniter(Object(CodeIgniter\CodeIgniter))
 6 FCPATH/index.php(59): CodeIgniter\Boot::bootWeb(Object(Config\Paths))
WARNING - 2026-02-03 08:52:54 --> [DEPRECATED] Creation of dynamic property Config\Torrent::$imageDir is deprecated in APPPATH/Config/Torrent.php on line 114.
 1 SYSTEMPATH/Config/Factories.php(236): Config\Torrent->__construct()
 2 SYSTEMPATH/Config/Factories.php(170): CodeIgniter\Config\Factories::createInstance('config', 'Config\\Torrent', [])
 3 SYSTEMPATH/Config/Factories.php(189): CodeIgniter\Config\Factories::__callStatic('config', [])
 4 SYSTEMPATH/Common.php(208): CodeIgniter\Config\Factories::get('config', 'Torrent')
 5 APPPATH/Controllers/AdminController.php(105): config('Torrent')
 6 SYSTEMPATH/CodeIgniter.php(904): App\Controllers\AdminController->initController(Object(CodeIgniter\HTTP\IncomingRequest), Object(CodeIgniter\HTTP\Response), Object(CodeIgniter\Log\Logger))
 7 SYSTEMPATH/CodeIgniter.php(498): CodeIgniter\CodeIgniter->createController()
 8 SYSTEMPATH/CodeIgniter.php(354): CodeIgniter\CodeIgniter->handleRequest(null, Object(Config\Cache), false)
 9 SYSTEMPATH/Boot.php(363): CodeIgniter\CodeIgniter->run()
10 SYSTEMPATH/Boot.php(68): CodeIgniter\Boot::runCodeIgniter(Object(CodeIgniter\CodeIgniter))
11 FCPATH/index.php(59): CodeIgniter\Boot::bootWeb(Object(Config\Paths))
WARNING - 2026-02-03 08:52:54 --> [DEPRECATED] Creation of dynamic property Config\Torrent::$catImageDir is deprecated in APPPATH/Config/Torrent.php on line 115.
 1 SYSTEMPATH/Config/Factories.php(236): Config\Torrent->__construct()
 2 SYSTEMPATH/Config/Factories.php(170): CodeIgniter\Config\Factories::createInstance('config', 'Config\\Torrent', [])
 3 SYSTEMPATH/Config/Factories.php(189): CodeIgniter\Config\Factories::__callStatic('config', [])
 4 SYSTEMPATH/Common.php(208): CodeIgniter\Config\Factories::get('config', 'Torrent')
 5 APPPATH/Controllers/AdminController.php(105): config('Torrent')
 6 SYSTEMPATH/CodeIgniter.php(904): App\Controllers\AdminController->initController(Object(CodeIgniter\HTTP\IncomingRequest), Object(CodeIgniter\HTTP\Response), Object(CodeIgniter\Log\Logger))
 7 SYSTEMPATH/CodeIgniter.php(498): CodeIgniter\CodeIgniter->createController()
 8 SYSTEMPATH/CodeIgniter.php(354): CodeIgniter\CodeIgniter->handleRequest(null, Object(Config\Cache), false)
 9 SYSTEMPATH/Boot.php(363): CodeIgniter\CodeIgniter->run()
10 SYSTEMPATH/Boot.php(68): CodeIgniter\Boot::runCodeIgniter(Object(CodeIgniter\CodeIgniter))
11 FCPATH/index.php(59): CodeIgniter\Boot::bootWeb(Object(Config\Paths))
DEBUG - 2026-02-03 08:52:54 --> Session: Class initialized using 'CodeIgniter\Session\Handlers\DatabaseHandler' driver.
WARNING - 2026-02-03 08:52:57 --> [DEPRECATED] Creation of dynamic property Config\Torrent::$imageDir is deprecated in APPPATH/Config/Torrent.php on line 114.
 1 SYSTEMPATH/Config/Factories.php(236): Config\Torrent->__construct()
 2 SYSTEMPATH/Config/Factories.php(170): CodeIgniter\Config\Factories::createInstance('config', 'Config\\Torrent', [])
 3 SYSTEMPATH/Config/Factories.php(189): CodeIgniter\Config\Factories::__callStatic('config', [])
 4 SYSTEMPATH/Common.php(208): CodeIgniter\Config\Factories::get('config', 'Torrent')
 5 APPPATH/Controllers/AdminController.php(105): config('Torrent')
 6 SYSTEMPATH/CodeIgniter.php(904): App\Controllers\AdminController->initController(Object(CodeIgniter\HTTP\IncomingRequest), Object(CodeIgniter\HTTP\Response), Object(CodeIgniter\Log\Logger))
 7 SYSTEMPATH/CodeIgniter.php(498): CodeIgniter\CodeIgniter->createController()
 8 SYSTEMPATH/CodeIgniter.php(354): CodeIgniter\CodeIgniter->handleRequest(null, Object(Config\Cache), false)
 9 SYSTEMPATH/Boot.php(363): CodeIgniter\CodeIgniter->run()
10 SYSTEMPATH/Boot.php(68): CodeIgniter\Boot::runCodeIgniter(Object(CodeIgniter\CodeIgniter))
11 FCPATH/index.php(59): CodeIgniter\Boot::bootWeb(Object(Config\Paths))
WARNING - 2026-02-03 08:52:57 --> [DEPRECATED] Creation of dynamic property Config\Torrent::$catImageDir is deprecated in APPPATH/Config/Torrent.php on line 115.
 1 SYSTEMPATH/Config/Factories.php(236): Config\Torrent->__construct()
 2 SYSTEMPATH/Config/Factories.php(170): CodeIgniter\Config\Factories::createInstance('config', 'Config\\Torrent', [])
 3 SYSTEMPATH/Config/Factories.php(189): CodeIgniter\Config\Factories::__callStatic('config', [])
 4 SYSTEMPATH/Common.php(208): CodeIgniter\Config\Factories::get('config', 'Torrent')
 5 APPPATH/Controllers/AdminController.php(105): config('Torrent')
 6 SYSTEMPATH/CodeIgniter.php(904): App\Controllers\AdminController->initController(Object(CodeIgniter\HTTP\IncomingRequest), Object(CodeIgniter\HTTP\Response), Object(CodeIgniter\Log\Logger))
 7 SYSTEMPATH/CodeIgniter.php(498): CodeIgniter\CodeIgniter->createController()
 8 SYSTEMPATH/CodeIgniter.php(354): CodeIgniter\CodeIgniter->handleRequest(null, Object(Config\Cache), false)
 9 SYSTEMPATH/Boot.php(363): CodeIgniter\CodeIgniter->run()
10 SYSTEMPATH/Boot.php(68): CodeIgniter\Boot::runCodeIgniter(Object(CodeIgniter\CodeIgniter))
11 FCPATH/index.php(59): CodeIgniter\Boot::bootWeb(Object(Config\Paths))
DEBUG - 2026-02-03 08:52:57 --> Session: Class initialized using 'CodeIgniter\Session\Handlers\DatabaseHandler' driver.
WARNING - 2026-02-03 08:52:57 --> [DEPRECATED] Creation of dynamic property App\Controllers\Admin\CategoryController::$Cat is deprecated in APPPATH/Controllers/Admin/CategoryController.php on line 83.
 1 SYSTEMPATH/CodeIgniter.php(933): App\Controllers\Admin\CategoryController->CatEditShow(2)
 2 SYSTEMPATH/CodeIgniter.php(507): CodeIgniter\CodeIgniter->runController(Object(App\Controllers\Admin\CategoryController))
 3 SYSTEMPATH/CodeIgniter.php(354): CodeIgniter\CodeIgniter->handleRequest(null, Object(Config\Cache), false)
 4 SYSTEMPATH/Boot.php(363): CodeIgniter\CodeIgniter->run()
 5 SYSTEMPATH/Boot.php(68): CodeIgniter\Boot::runCodeIgniter(Object(CodeIgniter\CodeIgniter))
 6 FCPATH/index.php(59): CodeIgniter\Boot::bootWeb(Object(Config\Paths))
WARNING - 2026-02-03 08:53:06 --> [DEPRECATED] Creation of dynamic property Config\Torrent::$imageDir is deprecated in APPPATH/Config/Torrent.php on line 114.
 1 SYSTEMPATH/Config/Factories.php(236): Config\Torrent->__construct()
 2 SYSTEMPATH/Config/Factories.php(170): CodeIgniter\Config\Factories::createInstance('config', 'Config\\Torrent', [])
 3 SYSTEMPATH/Config/Factories.php(189): CodeIgniter\Config\Factories::__callStatic('config', [])
 4 SYSTEMPATH/Common.php(208): CodeIgniter\Config\Factories::get('config', 'Torrent')
 5 APPPATH/Controllers/AdminController.php(105): config('Torrent')
 6 SYSTEMPATH/CodeIgniter.php(904): App\Controllers\AdminController->initController(Object(CodeIgniter\HTTP\IncomingRequest), Object(CodeIgniter\HTTP\Response), Object(CodeIgniter\Log\Logger))
 7 SYSTEMPATH/CodeIgniter.php(498): CodeIgniter\CodeIgniter->createController()
 8 SYSTEMPATH/CodeIgniter.php(354): CodeIgniter\CodeIgniter->handleRequest(null, Object(Config\Cache), false)
 9 SYSTEMPATH/Boot.php(363): CodeIgniter\CodeIgniter->run()
10 SYSTEMPATH/Boot.php(68): CodeIgniter\Boot::runCodeIgniter(Object(CodeIgniter\CodeIgniter))
11 FCPATH/index.php(59): CodeIgniter\Boot::bootWeb(Object(Config\Paths))
WARNING - 2026-02-03 08:53:06 --> [DEPRECATED] Creation of dynamic property Config\Torrent::$catImageDir is deprecated in APPPATH/Config/Torrent.php on line 115.
 1 SYSTEMPATH/Config/Factories.php(236): Config\Torrent->__construct()
 2 SYSTEMPATH/Config/Factories.php(170): CodeIgniter\Config\Factories::createInstance('config', 'Config\\Torrent', [])
 3 SYSTEMPATH/Config/Factories.php(189): CodeIgniter\Config\Factories::__callStatic('config', [])
 4 SYSTEMPATH/Common.php(208): CodeIgniter\Config\Factories::get('config', 'Torrent')
 5 APPPATH/Controllers/AdminController.php(105): config('Torrent')
 6 SYSTEMPATH/CodeIgniter.php(904): App\Controllers\AdminController->initController(Object(CodeIgniter\HTTP\IncomingRequest), Object(CodeIgniter\HTTP\Response), Object(CodeIgniter\Log\Logger))
 7 SYSTEMPATH/CodeIgniter.php(498): CodeIgniter\CodeIgniter->createController()
 8 SYSTEMPATH/CodeIgniter.php(354): CodeIgniter\CodeIgniter->handleRequest(null, Object(Config\Cache), false)
 9 SYSTEMPATH/Boot.php(363): CodeIgniter\CodeIgniter->run()
10 SYSTEMPATH/Boot.php(68): CodeIgniter\Boot::runCodeIgniter(Object(CodeIgniter\CodeIgniter))
11 FCPATH/index.php(59): CodeIgniter\Boot::bootWeb(Object(Config\Paths))
DEBUG - 2026-02-03 08:53:06 --> Session: Class initialized using 'CodeIgniter\Session\Handlers\DatabaseHandler' driver.
WARNING - 2026-02-03 08:53:06 --> [DEPRECATED] Creation of dynamic property App\Controllers\Admin\CategoryController::$oldCat is deprecated in APPPATH/Controllers/Admin/CategoryController.php on line 113.
 1 SYSTEMPATH/CodeIgniter.php(933): App\Controllers\Admin\CategoryController->CatEditAction(2)
 2 SYSTEMPATH/CodeIgniter.php(507): CodeIgniter\CodeIgniter->runController(Object(App\Controllers\Admin\CategoryController))
 3 SYSTEMPATH/CodeIgniter.php(354): CodeIgniter\CodeIgniter->handleRequest(null, Object(Config\Cache), false)
 4 SYSTEMPATH/Boot.php(363): CodeIgniter\CodeIgniter->run()
 5 SYSTEMPATH/Boot.php(68): CodeIgniter\Boot::runCodeIgniter(Object(CodeIgniter\CodeIgniter))
 6 FCPATH/index.php(59): CodeIgniter\Boot::bootWeb(Object(Config\Paths))
WARNING - 2026-02-03 08:53:06 --> [DEPRECATED] Creation of dynamic property App\Controllers\Admin\CategoryController::$catData is deprecated in APPPATH/Controllers/Admin/CategoryController.php on line 114.
 1 SYSTEMPATH/CodeIgniter.php(933): App\Controllers\Admin\CategoryController->CatEditAction(2)
 2 SYSTEMPATH/CodeIgniter.php(507): CodeIgniter\CodeIgniter->runController(Object(App\Controllers\Admin\CategoryController))
 3 SYSTEMPATH/CodeIgniter.php(354): CodeIgniter\CodeIgniter->handleRequest(null, Object(Config\Cache), false)
 4 SYSTEMPATH/Boot.php(363): CodeIgniter\CodeIgniter->run()
 5 SYSTEMPATH/Boot.php(68): CodeIgniter\Boot::runCodeIgniter(Object(CodeIgniter\CodeIgniter))
 6 FCPATH/index.php(59): CodeIgniter\Boot::bootWeb(Object(Config\Paths))
WARNING - 2026-02-03 08:53:06 --> [DEPRECATED] Creation of dynamic property App\Controllers\Admin\CategoryController::$newCatData is deprecated in APPPATH/Controllers/Admin/CategoryController.php on line 116.
 1 SYSTEMPATH/CodeIgniter.php(933): App\Controllers\Admin\CategoryController->CatEditAction(2)
 2 SYSTEMPATH/CodeIgniter.php(507): CodeIgniter\CodeIgniter->runController(Object(App\Controllers\Admin\CategoryController))
 3 SYSTEMPATH/CodeIgniter.php(354): CodeIgniter\CodeIgniter->handleRequest(null, Object(Config\Cache), false)
 4 SYSTEMPATH/Boot.php(363): CodeIgniter\CodeIgniter->run()
 5 SYSTEMPATH/Boot.php(68): CodeIgniter\Boot::runCodeIgniter(Object(CodeIgniter\CodeIgniter))
 6 FCPATH/index.php(59): CodeIgniter\Boot::bootWeb(Object(Config\Paths))
WARNING - 2026-02-03 08:53:06 --> [DEPRECATED] Creation of dynamic property Config\Torrent::$imageDir is deprecated in APPPATH/Config/Torrent.php on line 114.
 1 SYSTEMPATH/Config/Factories.php(236): Config\Torrent->__construct()
 2 SYSTEMPATH/Config/Factories.php(170): CodeIgniter\Config\Factories::createInstance('config', 'Config\\Torrent', [])
 3 SYSTEMPATH/Config/Factories.php(189): CodeIgniter\Config\Factories::__callStatic('config', [])
 4 SYSTEMPATH/Common.php(208): CodeIgniter\Config\Factories::get('config', 'Torrent')
 5 APPPATH/Controllers/AdminController.php(105): config('Torrent')
 6 SYSTEMPATH/CodeIgniter.php(904): App\Controllers\AdminController->initController(Object(CodeIgniter\HTTP\IncomingRequest), Object(CodeIgniter\HTTP\Response), Object(CodeIgniter\Log\Logger))
 7 SYSTEMPATH/CodeIgniter.php(498): CodeIgniter\CodeIgniter->createController()
 8 SYSTEMPATH/CodeIgniter.php(354): CodeIgniter\CodeIgniter->handleRequest(null, Object(Config\Cache), false)
 9 SYSTEMPATH/Boot.php(363): CodeIgniter\CodeIgniter->run()
10 SYSTEMPATH/Boot.php(68): CodeIgniter\Boot::runCodeIgniter(Object(CodeIgniter\CodeIgniter))
11 FCPATH/index.php(59): CodeIgniter\Boot::bootWeb(Object(Config\Paths))
WARNING - 2026-02-03 08:53:06 --> [DEPRECATED] Creation of dynamic property Config\Torrent::$catImageDir is deprecated in APPPATH/Config/Torrent.php on line 115.
 1 SYSTEMPATH/Config/Factories.php(236): Config\Torrent->__construct()
 2 SYSTEMPATH/Config/Factories.php(170): CodeIgniter\Config\Factories::createInstance('config', 'Config\\Torrent', [])
 3 SYSTEMPATH/Config/Factories.php(189): CodeIgniter\Config\Factories::__callStatic('config', [])
 4 SYSTEMPATH/Common.php(208): CodeIgniter\Config\Factories::get('config', 'Torrent')
 5 APPPATH/Controllers/AdminController.php(105): config('Torrent')
 6 SYSTEMPATH/CodeIgniter.php(904): App\Controllers\AdminController->initController(Object(CodeIgniter\HTTP\IncomingRequest), Object(CodeIgniter\HTTP\Response), Object(CodeIgniter\Log\Logger))
 7 SYSTEMPATH/CodeIgniter.php(498): CodeIgniter\CodeIgniter->createController()
 8 SYSTEMPATH/CodeIgniter.php(354): CodeIgniter\CodeIgniter->handleRequest(null, Object(Config\Cache), false)
 9 SYSTEMPATH/Boot.php(363): CodeIgniter\CodeIgniter->run()
10 SYSTEMPATH/Boot.php(68): CodeIgniter\Boot::runCodeIgniter(Object(CodeIgniter\CodeIgniter))
11 FCPATH/index.php(59): CodeIgniter\Boot::bootWeb(Object(Config\Paths))
DEBUG - 2026-02-03 08:53:06 --> Session: Class initialized using 'CodeIgniter\Session\Handlers\DatabaseHandler' driver.
WARNING - 2026-02-03 08:53:06 --> [DEPRECATED] Creation of dynamic property App\Controllers\Admin\CategoryController::$Cat is deprecated in APPPATH/Controllers/Admin/CategoryController.php on line 83.
 1 SYSTEMPATH/CodeIgniter.php(933): App\Controllers\Admin\CategoryController->CatEditShow(2)
 2 SYSTEMPATH/CodeIgniter.php(507): CodeIgniter\CodeIgniter->runController(Object(App\Controllers\Admin\CategoryController))
 3 SYSTEMPATH/CodeIgniter.php(354): CodeIgniter\CodeIgniter->handleRequest(null, Object(Config\Cache), false)
 4 SYSTEMPATH/Boot.php(363): CodeIgniter\CodeIgniter->run()
 5 SYSTEMPATH/Boot.php(68): CodeIgniter\Boot::runCodeIgniter(Object(CodeIgniter\CodeIgniter))
 6 FCPATH/index.php(59): CodeIgniter\Boot::bootWeb(Object(Config\Paths))
WARNING - 2026-02-03 08:53:08 --> [DEPRECATED] Creation of dynamic property Config\Torrent::$imageDir is deprecated in APPPATH/Config/Torrent.php on line 114.
 1 SYSTEMPATH/Config/Factories.php(236): Config\Torrent->__construct()
 2 SYSTEMPATH/Config/Factories.php(170): CodeIgniter\Config\Factories::createInstance('config', 'Config\\Torrent', [])
 3 SYSTEMPATH/Config/Factories.php(189): CodeIgniter\Config\Factories::__callStatic('config', [])
 4 SYSTEMPATH/Common.php(208): CodeIgniter\Config\Factories::get('config', 'Torrent')
 5 APPPATH/Controllers/BaseController.php(131): config('Torrent')
 6 SYSTEMPATH/CodeIgniter.php(904): App\Controllers\BaseController->initController(Object(CodeIgniter\HTTP\IncomingRequest), Object(CodeIgniter\HTTP\Response), Object(CodeIgniter\Log\Logger))
 7 SYSTEMPATH/CodeIgniter.php(498): CodeIgniter\CodeIgniter->createController()
 8 SYSTEMPATH/CodeIgniter.php(354): CodeIgniter\CodeIgniter->handleRequest(null, Object(Config\Cache), false)
 9 SYSTEMPATH/Boot.php(363): CodeIgniter\CodeIgniter->run()
10 SYSTEMPATH/Boot.php(68): CodeIgniter\Boot::runCodeIgniter(Object(CodeIgniter\CodeIgniter))
11 FCPATH/index.php(59): CodeIgniter\Boot::bootWeb(Object(Config\Paths))
WARNING - 2026-02-03 08:53:08 --> [DEPRECATED] Creation of dynamic property Config\Torrent::$catImageDir is deprecated in APPPATH/Config/Torrent.php on line 115.
 1 SYSTEMPATH/Config/Factories.php(236): Config\Torrent->__construct()
 2 SYSTEMPATH/Config/Factories.php(170): CodeIgniter\Config\Factories::createInstance('config', 'Config\\Torrent', [])
 3 SYSTEMPATH/Config/Factories.php(189): CodeIgniter\Config\Factories::__callStatic('config', [])
 4 SYSTEMPATH/Common.php(208): CodeIgniter\Config\Factories::get('config', 'Torrent')
 5 APPPATH/Controllers/BaseController.php(131): config('Torrent')
 6 SYSTEMPATH/CodeIgniter.php(904): App\Controllers\BaseController->initController(Object(CodeIgniter\HTTP\IncomingRequest), Object(CodeIgniter\HTTP\Response), Object(CodeIgniter\Log\Logger))
 7 SYSTEMPATH/CodeIgniter.php(498): CodeIgniter\CodeIgniter->createController()
 8 SYSTEMPATH/CodeIgniter.php(354): CodeIgniter\CodeIgniter->handleRequest(null, Object(Config\Cache), false)
 9 SYSTEMPATH/Boot.php(363): CodeIgniter\CodeIgniter->run()
10 SYSTEMPATH/Boot.php(68): CodeIgniter\Boot::runCodeIgniter(Object(CodeIgniter\CodeIgniter))
11 FCPATH/index.php(59): CodeIgniter\Boot::bootWeb(Object(Config\Paths))
DEBUG - 2026-02-03 08:53:08 --> Session: Class initialized using 'CodeIgniter\Session\Handlers\DatabaseHandler' driver.
WARNING - 2026-02-03 08:53:09 --> [DEPRECATED] Creation of dynamic property Config\Torrent::$imageDir is deprecated in APPPATH/Config/Torrent.php on line 114.
 1 APPPATH/Helpers/avatar_helper.php(11): Config\Torrent->__construct()
 2 FCPATH/themes/front/widget/login.php(9): avatar('1.png', 200)
 3 FCPATH/themes/front/footer.php(4): include('/srv/http/torr.ws/public/themes/front/widget/login.php')
 4 SYSTEMPATH/View/View.php(226): include('/srv/http/torr.ws/public/themes/front/footer.php')
 5 SYSTEMPATH/View/View.php(229): CodeIgniter\View\View->{closure:CodeIgniter\View\View::render():223}()
 6 APPPATH/ThirdParty/templates/Themes.php(468): CodeIgniter\View\View->render('footer')
 7 APPPATH/Controllers/Home.php(51): Arifrh\Themes\Themes::render('home', [...])
 8 SYSTEMPATH/CodeIgniter.php(933): App\Controllers\Home->index()
 9 SYSTEMPATH/CodeIgniter.php(507): CodeIgniter\CodeIgniter->runController(Object(App\Controllers\Home))
10 SYSTEMPATH/CodeIgniter.php(354): CodeIgniter\CodeIgniter->handleRequest(null, Object(Config\Cache), false)
11 SYSTEMPATH/Boot.php(363): CodeIgniter\CodeIgniter->run()
12 SYSTEMPATH/Boot.php(68): CodeIgniter\Boot::runCodeIgniter(Object(CodeIgniter\CodeIgniter))
13 FCPATH/index.php(59): CodeIgniter\Boot::bootWeb(Object(Config\Paths))
WARNING - 2026-02-03 08:53:09 --> [DEPRECATED] Creation of dynamic property Config\Torrent::$catImageDir is deprecated in APPPATH/Config/Torrent.php on line 115.
 1 APPPATH/Helpers/avatar_helper.php(11): Config\Torrent->__construct()
 2 FCPATH/themes/front/widget/login.php(9): avatar('1.png', 200)
 3 FCPATH/themes/front/footer.php(4): include('/srv/http/torr.ws/public/themes/front/widget/login.php')
 4 SYSTEMPATH/View/View.php(226): include('/srv/http/torr.ws/public/themes/front/footer.php')
 5 SYSTEMPATH/View/View.php(229): CodeIgniter\View\View->{closure:CodeIgniter\View\View::render():223}()
 6 APPPATH/ThirdParty/templates/Themes.php(468): CodeIgniter\View\View->render('footer')
 7 APPPATH/Controllers/Home.php(51): Arifrh\Themes\Themes::render('home', [...])
 8 SYSTEMPATH/CodeIgniter.php(933): App\Controllers\Home->index()
 9 SYSTEMPATH/CodeIgniter.php(507): CodeIgniter\CodeIgniter->runController(Object(App\Controllers\Home))
10 SYSTEMPATH/CodeIgniter.php(354): CodeIgniter\CodeIgniter->handleRequest(null, Object(Config\Cache), false)
11 SYSTEMPATH/Boot.php(363): CodeIgniter\CodeIgniter->run()
12 SYSTEMPATH/Boot.php(68): CodeIgniter\Boot::runCodeIgniter(Object(CodeIgniter\CodeIgniter))
13 FCPATH/index.php(59): CodeIgniter\Boot::bootWeb(Object(Config\Paths))
WARNING - 2026-02-03 08:53:19 --> [DEPRECATED] Creation of dynamic property Config\Torrent::$imageDir is deprecated in APPPATH/Config/Torrent.php on line 114.
 1 SYSTEMPATH/Config/Factories.php(236): Config\Torrent->__construct()
 2 SYSTEMPATH/Config/Factories.php(170): CodeIgniter\Config\Factories::createInstance('config', 'Config\\Torrent', [])
 3 SYSTEMPATH/Config/Factories.php(189): CodeIgniter\Config\Factories::__callStatic('config', [])
 4 SYSTEMPATH/Common.php(208): CodeIgniter\Config\Factories::get('config', 'Torrent')
 5 APPPATH/Controllers/AdminController.php(105): config('Torrent')
 6 SYSTEMPATH/CodeIgniter.php(904): App\Controllers\AdminController->initController(Object(CodeIgniter\HTTP\IncomingRequest), Object(CodeIgniter\HTTP\Response), Object(CodeIgniter\Log\Logger))
 7 SYSTEMPATH/CodeIgniter.php(498): CodeIgniter\CodeIgniter->createController()
 8 SYSTEMPATH/CodeIgniter.php(354): CodeIgniter\CodeIgniter->handleRequest(null, Object(Config\Cache), false)
 9 SYSTEMPATH/Boot.php(363): CodeIgniter\CodeIgniter->run()
10 SYSTEMPATH/Boot.php(68): CodeIgniter\Boot::runCodeIgniter(Object(CodeIgniter\CodeIgniter))
11 FCPATH/index.php(59): CodeIgniter\Boot::bootWeb(Object(Config\Paths))
WARNING - 2026-02-03 08:53:19 --> [DEPRECATED] Creation of dynamic property Config\Torrent::$catImageDir is deprecated in APPPATH/Config/Torrent.php on line 115.
 1 SYSTEMPATH/Config/Factories.php(236): Config\Torrent->__construct()
 2 SYSTEMPATH/Config/Factories.php(170): CodeIgniter\Config\Factories::createInstance('config', 'Config\\Torrent', [])
 3 SYSTEMPATH/Config/Factories.php(189): CodeIgniter\Config\Factories::__callStatic('config', [])
 4 SYSTEMPATH/Common.php(208): CodeIgniter\Config\Factories::get('config', 'Torrent')
 5 APPPATH/Controllers/AdminController.php(105): config('Torrent')
 6 SYSTEMPATH/CodeIgniter.php(904): App\Controllers\AdminController->initController(Object(CodeIgniter\HTTP\IncomingRequest), Object(CodeIgniter\HTTP\Response), Object(CodeIgniter\Log\Logger))
 7 SYSTEMPATH/CodeIgniter.php(498): CodeIgniter\CodeIgniter->createController()
 8 SYSTEMPATH/CodeIgniter.php(354): CodeIgniter\CodeIgniter->handleRequest(null, Object(Config\Cache), false)
 9 SYSTEMPATH/Boot.php(363): CodeIgniter\CodeIgniter->run()
10 SYSTEMPATH/Boot.php(68): CodeIgniter\Boot::runCodeIgniter(Object(CodeIgniter\CodeIgniter))
11 FCPATH/index.php(59): CodeIgniter\Boot::bootWeb(Object(Config\Paths))
DEBUG - 2026-02-03 08:53:19 --> Session: Class initialized using 'CodeIgniter\Session\Handlers\DatabaseHandler' driver.
WARNING - 2026-02-03 08:53:29 --> [DEPRECATED] Creation of dynamic property Config\Torrent::$imageDir is deprecated in APPPATH/Config/Torrent.php on line 114.
 1 SYSTEMPATH/Config/Factories.php(236): Config\Torrent->__construct()
 2 SYSTEMPATH/Config/Factories.php(170): CodeIgniter\Config\Factories::createInstance('config', 'Config\\Torrent', [])
 3 SYSTEMPATH/Config/Factories.php(189): CodeIgniter\Config\Factories::__callStatic('config', [])
 4 SYSTEMPATH/Common.php(208): CodeIgniter\Config\Factories::get('config', 'Torrent')
 5 APPPATH/Controllers/AdminController.php(105): config('Torrent')
 6 SYSTEMPATH/CodeIgniter.php(904): App\Controllers\AdminController->initController(Object(CodeIgniter\HTTP\IncomingRequest), Object(CodeIgniter\HTTP\Response), Object(CodeIgniter\Log\Logger))
 7 SYSTEMPATH/CodeIgniter.php(498): CodeIgniter\CodeIgniter->createController()
 8 SYSTEMPATH/CodeIgniter.php(354): CodeIgniter\CodeIgniter->handleRequest(null, Object(Config\Cache), false)
 9 SYSTEMPATH/Boot.php(363): CodeIgniter\CodeIgniter->run()
10 SYSTEMPATH/Boot.php(68): CodeIgniter\Boot::runCodeIgniter(Object(CodeIgniter\CodeIgniter))
11 FCPATH/index.php(59): CodeIgniter\Boot::bootWeb(Object(Config\Paths))
WARNING - 2026-02-03 08:53:29 --> [DEPRECATED] Creation of dynamic property Config\Torrent::$catImageDir is deprecated in APPPATH/Config/Torrent.php on line 115.
 1 SYSTEMPATH/Config/Factories.php(236): Config\Torrent->__construct()
 2 SYSTEMPATH/Config/Factories.php(170): CodeIgniter\Config\Factories::createInstance('config', 'Config\\Torrent', [])
 3 SYSTEMPATH/Config/Factories.php(189): CodeIgniter\Config\Factories::__callStatic('config', [])
 4 SYSTEMPATH/Common.php(208): CodeIgniter\Config\Factories::get('config', 'Torrent')
 5 APPPATH/Controllers/AdminController.php(105): config('Torrent')
 6 SYSTEMPATH/CodeIgniter.php(904): App\Controllers\AdminController->initController(Object(CodeIgniter\HTTP\IncomingRequest), Object(CodeIgniter\HTTP\Response), Object(CodeIgniter\Log\Logger))
 7 SYSTEMPATH/CodeIgniter.php(498): CodeIgniter\CodeIgniter->createController()
 8 SYSTEMPATH/CodeIgniter.php(354): CodeIgniter\CodeIgniter->handleRequest(null, Object(Config\Cache), false)
 9 SYSTEMPATH/Boot.php(363): CodeIgniter\CodeIgniter->run()
10 SYSTEMPATH/Boot.php(68): CodeIgniter\Boot::runCodeIgniter(Object(CodeIgniter\CodeIgniter))
11 FCPATH/index.php(59): CodeIgniter\Boot::bootWeb(Object(Config\Paths))
DEBUG - 2026-02-03 08:53:29 --> Session: Class initialized using 'CodeIgniter\Session\Handlers\DatabaseHandler' driver.
WARNING - 2026-02-03 08:53:29 --> [DEPRECATED] Creation of dynamic property App\Controllers\Admin\CategoryController::$Cat is deprecated in APPPATH/Controllers/Admin/CategoryController.php on line 83.
 1 SYSTEMPATH/CodeIgniter.php(933): App\Controllers\Admin\CategoryController->CatEditShow(11)
 2 SYSTEMPATH/CodeIgniter.php(507): CodeIgniter\CodeIgniter->runController(Object(App\Controllers\Admin\CategoryController))
 3 SYSTEMPATH/CodeIgniter.php(354): CodeIgniter\CodeIgniter->handleRequest(null, Object(Config\Cache), false)
 4 SYSTEMPATH/Boot.php(363): CodeIgniter\CodeIgniter->run()
 5 SYSTEMPATH/Boot.php(68): CodeIgniter\Boot::runCodeIgniter(Object(CodeIgniter\CodeIgniter))
 6 FCPATH/index.php(59): CodeIgniter\Boot::bootWeb(Object(Config\Paths))
WARNING - 2026-02-03 08:53:32 --> [DEPRECATED] Creation of dynamic property Config\Torrent::$imageDir is deprecated in APPPATH/Config/Torrent.php on line 114.
 1 SYSTEMPATH/Config/Factories.php(236): Config\Torrent->__construct()
 2 SYSTEMPATH/Config/Factories.php(170): CodeIgniter\Config\Factories::createInstance('config', 'Config\\Torrent', [])
 3 SYSTEMPATH/Config/Factories.php(189): CodeIgniter\Config\Factories::__callStatic('config', [])
 4 SYSTEMPATH/Common.php(208): CodeIgniter\Config\Factories::get('config', 'Torrent')
 5 APPPATH/Controllers/AdminController.php(105): config('Torrent')
 6 SYSTEMPATH/CodeIgniter.php(904): App\Controllers\AdminController->initController(Object(CodeIgniter\HTTP\IncomingRequest), Object(CodeIgniter\HTTP\Response), Object(CodeIgniter\Log\Logger))
 7 SYSTEMPATH/CodeIgniter.php(498): CodeIgniter\CodeIgniter->createController()
 8 SYSTEMPATH/CodeIgniter.php(354): CodeIgniter\CodeIgniter->handleRequest(null, Object(Config\Cache), false)
 9 SYSTEMPATH/Boot.php(363): CodeIgniter\CodeIgniter->run()
10 SYSTEMPATH/Boot.php(68): CodeIgniter\Boot::runCodeIgniter(Object(CodeIgniter\CodeIgniter))
11 FCPATH/index.php(59): CodeIgniter\Boot::bootWeb(Object(Config\Paths))
WARNING - 2026-02-03 08:53:32 --> [DEPRECATED] Creation of dynamic property Config\Torrent::$catImageDir is deprecated in APPPATH/Config/Torrent.php on line 115.
 1 SYSTEMPATH/Config/Factories.php(236): Config\Torrent->__construct()
 2 SYSTEMPATH/Config/Factories.php(170): CodeIgniter\Config\Factories::createInstance('config', 'Config\\Torrent', [])
 3 SYSTEMPATH/Config/Factories.php(189): CodeIgniter\Config\Factories::__callStatic('config', [])
 4 SYSTEMPATH/Common.php(208): CodeIgniter\Config\Factories::get('config', 'Torrent')
 5 APPPATH/Controllers/AdminController.php(105): config('Torrent')
 6 SYSTEMPATH/CodeIgniter.php(904): App\Controllers\AdminController->initController(Object(CodeIgniter\HTTP\IncomingRequest), Object(CodeIgniter\HTTP\Response), Object(CodeIgniter\Log\Logger))
 7 SYSTEMPATH/CodeIgniter.php(498): CodeIgniter\CodeIgniter->createController()
 8 SYSTEMPATH/CodeIgniter.php(354): CodeIgniter\CodeIgniter->handleRequest(null, Object(Config\Cache), false)
 9 SYSTEMPATH/Boot.php(363): CodeIgniter\CodeIgniter->run()
10 SYSTEMPATH/Boot.php(68): CodeIgniter\Boot::runCodeIgniter(Object(CodeIgniter\CodeIgniter))
11 FCPATH/index.php(59): CodeIgniter\Boot::bootWeb(Object(Config\Paths))
DEBUG - 2026-02-03 08:53:32 --> Session: Class initialized using 'CodeIgniter\Session\Handlers\DatabaseHandler' driver.
WARNING - 2026-02-03 08:53:32 --> [DEPRECATED] Creation of dynamic property App\Controllers\Admin\CategoryController::$oldCat is deprecated in APPPATH/Controllers/Admin/CategoryController.php on line 113.
 1 SYSTEMPATH/CodeIgniter.php(933): App\Controllers\Admin\CategoryController->CatEditAction(11)
 2 SYSTEMPATH/CodeIgniter.php(507): CodeIgniter\CodeIgniter->runController(Object(App\Controllers\Admin\CategoryController))
 3 SYSTEMPATH/CodeIgniter.php(354): CodeIgniter\CodeIgniter->handleRequest(null, Object(Config\Cache), false)
 4 SYSTEMPATH/Boot.php(363): CodeIgniter\CodeIgniter->run()
 5 SYSTEMPATH/Boot.php(68): CodeIgniter\Boot::runCodeIgniter(Object(CodeIgniter\CodeIgniter))
 6 FCPATH/index.php(59): CodeIgniter\Boot::bootWeb(Object(Config\Paths))
WARNING - 2026-02-03 08:53:32 --> [DEPRECATED] Creation of dynamic property App\Controllers\Admin\CategoryController::$catData is deprecated in APPPATH/Controllers/Admin/CategoryController.php on line 114.
 1 SYSTEMPATH/CodeIgniter.php(933): App\Controllers\Admin\CategoryController->CatEditAction(11)
 2 SYSTEMPATH/CodeIgniter.php(507): CodeIgniter\CodeIgniter->runController(Object(App\Controllers\Admin\CategoryController))
 3 SYSTEMPATH/CodeIgniter.php(354): CodeIgniter\CodeIgniter->handleRequest(null, Object(Config\Cache), false)
 4 SYSTEMPATH/Boot.php(363): CodeIgniter\CodeIgniter->run()
 5 SYSTEMPATH/Boot.php(68): CodeIgniter\Boot::runCodeIgniter(Object(CodeIgniter\CodeIgniter))
 6 FCPATH/index.php(59): CodeIgniter\Boot::bootWeb(Object(Config\Paths))
WARNING - 2026-02-03 08:53:32 --> [DEPRECATED] Creation of dynamic property App\Controllers\Admin\CategoryController::$newCatData is deprecated in APPPATH/Controllers/Admin/CategoryController.php on line 116.
 1 SYSTEMPATH/CodeIgniter.php(933): App\Controllers\Admin\CategoryController->CatEditAction(11)
 2 SYSTEMPATH/CodeIgniter.php(507): CodeIgniter\CodeIgniter->runController(Object(App\Controllers\Admin\CategoryController))
 3 SYSTEMPATH/CodeIgniter.php(354): CodeIgniter\CodeIgniter->handleRequest(null, Object(Config\Cache), false)
 4 SYSTEMPATH/Boot.php(363): CodeIgniter\CodeIgniter->run()
 5 SYSTEMPATH/Boot.php(68): CodeIgniter\Boot::runCodeIgniter(Object(CodeIgniter\CodeIgniter))
 6 FCPATH/index.php(59): CodeIgniter\Boot::bootWeb(Object(Config\Paths))
WARNING - 2026-02-03 08:53:32 --> [DEPRECATED] Creation of dynamic property Config\Torrent::$imageDir is deprecated in APPPATH/Config/Torrent.php on line 114.
 1 SYSTEMPATH/Config/Factories.php(236): Config\Torrent->__construct()
 2 SYSTEMPATH/Config/Factories.php(170): CodeIgniter\Config\Factories::createInstance('config', 'Config\\Torrent', [])
 3 SYSTEMPATH/Config/Factories.php(189): CodeIgniter\Config\Factories::__callStatic('config', [])
 4 SYSTEMPATH/Common.php(208): CodeIgniter\Config\Factories::get('config', 'Torrent')
 5 APPPATH/Controllers/AdminController.php(105): config('Torrent')
 6 SYSTEMPATH/CodeIgniter.php(904): App\Controllers\AdminController->initController(Object(CodeIgniter\HTTP\IncomingRequest), Object(CodeIgniter\HTTP\Response), Object(CodeIgniter\Log\Logger))
 7 SYSTEMPATH/CodeIgniter.php(498): CodeIgniter\CodeIgniter->createController()
 8 SYSTEMPATH/CodeIgniter.php(354): CodeIgniter\CodeIgniter->handleRequest(null, Object(Config\Cache), false)
 9 SYSTEMPATH/Boot.php(363): CodeIgniter\CodeIgniter->run()
10 SYSTEMPATH/Boot.php(68): CodeIgniter\Boot::runCodeIgniter(Object(CodeIgniter\CodeIgniter))
11 FCPATH/index.php(59): CodeIgniter\Boot::bootWeb(Object(Config\Paths))
WARNING - 2026-02-03 08:53:32 --> [DEPRECATED] Creation of dynamic property Config\Torrent::$catImageDir is deprecated in APPPATH/Config/Torrent.php on line 115.
 1 SYSTEMPATH/Config/Factories.php(236): Config\Torrent->__construct()
 2 SYSTEMPATH/Config/Factories.php(170): CodeIgniter\Config\Factories::createInstance('config', 'Config\\Torrent', [])
 3 SYSTEMPATH/Config/Factories.php(189): CodeIgniter\Config\Factories::__callStatic('config', [])
 4 SYSTEMPATH/Common.php(208): CodeIgniter\Config\Factories::get('config', 'Torrent')
 5 APPPATH/Controllers/AdminController.php(105): config('Torrent')
 6 SYSTEMPATH/CodeIgniter.php(904): App\Controllers\AdminController->initController(Object(CodeIgniter\HTTP\IncomingRequest), Object(CodeIgniter\HTTP\Response), Object(CodeIgniter\Log\Logger))
 7 SYSTEMPATH/CodeIgniter.php(498): CodeIgniter\CodeIgniter->createController()
 8 SYSTEMPATH/CodeIgniter.php(354): CodeIgniter\CodeIgniter->handleRequest(null, Object(Config\Cache), false)
 9 SYSTEMPATH/Boot.php(363): CodeIgniter\CodeIgniter->run()
10 SYSTEMPATH/Boot.php(68): CodeIgniter\Boot::runCodeIgniter(Object(CodeIgniter\CodeIgniter))
11 FCPATH/index.php(59): CodeIgniter\Boot::bootWeb(Object(Config\Paths))
DEBUG - 2026-02-03 08:53:32 --> Session: Class initialized using 'CodeIgniter\Session\Handlers\DatabaseHandler' driver.
WARNING - 2026-02-03 08:53:32 --> [DEPRECATED] Creation of dynamic property App\Controllers\Admin\CategoryController::$Cat is deprecated in APPPATH/Controllers/Admin/CategoryController.php on line 83.
 1 SYSTEMPATH/CodeIgniter.php(933): App\Controllers\Admin\CategoryController->CatEditShow(11)
 2 SYSTEMPATH/CodeIgniter.php(507): CodeIgniter\CodeIgniter->runController(Object(App\Controllers\Admin\CategoryController))
 3 SYSTEMPATH/CodeIgniter.php(354): CodeIgniter\CodeIgniter->handleRequest(null, Object(Config\Cache), false)
 4 SYSTEMPATH/Boot.php(363): CodeIgniter\CodeIgniter->run()
 5 SYSTEMPATH/Boot.php(68): CodeIgniter\Boot::runCodeIgniter(Object(CodeIgniter\CodeIgniter))
 6 FCPATH/index.php(59): CodeIgniter\Boot::bootWeb(Object(Config\Paths))
WARNING - 2026-02-03 08:53:35 --> [DEPRECATED] Creation of dynamic property Config\Torrent::$imageDir is deprecated in APPPATH/Config/Torrent.php on line 114.
 1 SYSTEMPATH/Config/Factories.php(236): Config\Torrent->__construct()
 2 SYSTEMPATH/Config/Factories.php(170): CodeIgniter\Config\Factories::createInstance('config', 'Config\\Torrent', [])
 3 SYSTEMPATH/Config/Factories.php(189): CodeIgniter\Config\Factories::__callStatic('config', [])
 4 SYSTEMPATH/Common.php(208): CodeIgniter\Config\Factories::get('config', 'Torrent')
 5 APPPATH/Controllers/BaseController.php(131): config('Torrent')
 6 SYSTEMPATH/CodeIgniter.php(904): App\Controllers\BaseController->initController(Object(CodeIgniter\HTTP\IncomingRequest), Object(CodeIgniter\HTTP\Response), Object(CodeIgniter\Log\Logger))
 7 SYSTEMPATH/CodeIgniter.php(498): CodeIgniter\CodeIgniter->createController()
 8 SYSTEMPATH/CodeIgniter.php(354): CodeIgniter\CodeIgniter->handleRequest(null, Object(Config\Cache), false)
 9 SYSTEMPATH/Boot.php(363): CodeIgniter\CodeIgniter->run()
10 SYSTEMPATH/Boot.php(68): CodeIgniter\Boot::runCodeIgniter(Object(CodeIgniter\CodeIgniter))
11 FCPATH/index.php(59): CodeIgniter\Boot::bootWeb(Object(Config\Paths))
WARNING - 2026-02-03 08:53:35 --> [DEPRECATED] Creation of dynamic property Config\Torrent::$catImageDir is deprecated in APPPATH/Config/Torrent.php on line 115.
 1 SYSTEMPATH/Config/Factories.php(236): Config\Torrent->__construct()
 2 SYSTEMPATH/Config/Factories.php(170): CodeIgniter\Config\Factories::createInstance('config', 'Config\\Torrent', [])
 3 SYSTEMPATH/Config/Factories.php(189): CodeIgniter\Config\Factories::__callStatic('config', [])
 4 SYSTEMPATH/Common.php(208): CodeIgniter\Config\Factories::get('config', 'Torrent')
 5 APPPATH/Controllers/BaseController.php(131): config('Torrent')
 6 SYSTEMPATH/CodeIgniter.php(904): App\Controllers\BaseController->initController(Object(CodeIgniter\HTTP\IncomingRequest), Object(CodeIgniter\HTTP\Response), Object(CodeIgniter\Log\Logger))
 7 SYSTEMPATH/CodeIgniter.php(498): CodeIgniter\CodeIgniter->createController()
 8 SYSTEMPATH/CodeIgniter.php(354): CodeIgniter\CodeIgniter->handleRequest(null, Object(Config\Cache), false)
 9 SYSTEMPATH/Boot.php(363): CodeIgniter\CodeIgniter->run()
10 SYSTEMPATH/Boot.php(68): CodeIgniter\Boot::runCodeIgniter(Object(CodeIgniter\CodeIgniter))
11 FCPATH/index.php(59): CodeIgniter\Boot::bootWeb(Object(Config\Paths))
DEBUG - 2026-02-03 08:53:35 --> Session: Class initialized using 'CodeIgniter\Session\Handlers\DatabaseHandler' driver.
WARNING - 2026-02-03 08:53:35 --> [DEPRECATED] Creation of dynamic property Config\Torrent::$imageDir is deprecated in APPPATH/Config/Torrent.php on line 114.
 1 APPPATH/Helpers/avatar_helper.php(11): Config\Torrent->__construct()
 2 FCPATH/themes/front/widget/login.php(9): avatar('1.png', 200)
 3 FCPATH/themes/front/footer.php(4): include('/srv/http/torr.ws/public/themes/front/widget/login.php')
 4 SYSTEMPATH/View/View.php(226): include('/srv/http/torr.ws/public/themes/front/footer.php')
 5 SYSTEMPATH/View/View.php(229): CodeIgniter\View\View->{closure:CodeIgniter\View\View::render():223}()
 6 APPPATH/ThirdParty/templates/Themes.php(468): CodeIgniter\View\View->render('footer')
 7 APPPATH/Controllers/Home.php(51): Arifrh\Themes\Themes::render('home', [...])
 8 SYSTEMPATH/CodeIgniter.php(933): App\Controllers\Home->index()
 9 SYSTEMPATH/CodeIgniter.php(507): CodeIgniter\CodeIgniter->runController(Object(App\Controllers\Home))
10 SYSTEMPATH/CodeIgniter.php(354): CodeIgniter\CodeIgniter->handleRequest(null, Object(Config\Cache), false)
11 SYSTEMPATH/Boot.php(363): CodeIgniter\CodeIgniter->run()
12 SYSTEMPATH/Boot.php(68): CodeIgniter\Boot::runCodeIgniter(Object(CodeIgniter\CodeIgniter))
13 FCPATH/index.php(59): CodeIgniter\Boot::bootWeb(Object(Config\Paths))
WARNING - 2026-02-03 08:53:35 --> [DEPRECATED] Creation of dynamic property Config\Torrent::$catImageDir is deprecated in APPPATH/Config/Torrent.php on line 115.
 1 APPPATH/Helpers/avatar_helper.php(11): Config\Torrent->__construct()
 2 FCPATH/themes/front/widget/login.php(9): avatar('1.png', 200)
 3 FCPATH/themes/front/footer.php(4): include('/srv/http/torr.ws/public/themes/front/widget/login.php')
 4 SYSTEMPATH/View/View.php(226): include('/srv/http/torr.ws/public/themes/front/footer.php')
 5 SYSTEMPATH/View/View.php(229): CodeIgniter\View\View->{closure:CodeIgniter\View\View::render():223}()
 6 APPPATH/ThirdParty/templates/Themes.php(468): CodeIgniter\View\View->render('footer')
 7 APPPATH/Controllers/Home.php(51): Arifrh\Themes\Themes::render('home', [...])
 8 SYSTEMPATH/CodeIgniter.php(933): App\Controllers\Home->index()
 9 SYSTEMPATH/CodeIgniter.php(507): CodeIgniter\CodeIgniter->runController(Object(App\Controllers\Home))
10 SYSTEMPATH/CodeIgniter.php(354): CodeIgniter\CodeIgniter->handleRequest(null, Object(Config\Cache), false)
11 SYSTEMPATH/Boot.php(363): CodeIgniter\CodeIgniter->run()
12 SYSTEMPATH/Boot.php(68): CodeIgniter\Boot::runCodeIgniter(Object(CodeIgniter\CodeIgniter))
13 FCPATH/index.php(59): CodeIgniter\Boot::bootWeb(Object(Config\Paths))
WARNING - 2026-02-03 08:53:52 --> [DEPRECATED] Creation of dynamic property Config\Torrent::$imageDir is deprecated in APPPATH/Config/Torrent.php on line 114.
 1 SYSTEMPATH/Config/Factories.php(236): Config\Torrent->__construct()
 2 SYSTEMPATH/Config/Factories.php(170): CodeIgniter\Config\Factories::createInstance('config', 'Config\\Torrent', [])
 3 SYSTEMPATH/Config/Factories.php(189): CodeIgniter\Config\Factories::__callStatic('config', [])
 4 SYSTEMPATH/Common.php(208): CodeIgniter\Config\Factories::get('config', 'Torrent')
 5 APPPATH/Controllers/AdminController.php(105): config('Torrent')
 6 SYSTEMPATH/CodeIgniter.php(904): App\Controllers\AdminController->initController(Object(CodeIgniter\HTTP\IncomingRequest), Object(CodeIgniter\HTTP\Response), Object(CodeIgniter\Log\Logger))
 7 SYSTEMPATH/CodeIgniter.php(498): CodeIgniter\CodeIgniter->createController()
 8 SYSTEMPATH/CodeIgniter.php(354): CodeIgniter\CodeIgniter->handleRequest(null, Object(Config\Cache), false)
 9 SYSTEMPATH/Boot.php(363): CodeIgniter\CodeIgniter->run()
10 SYSTEMPATH/Boot.php(68): CodeIgniter\Boot::runCodeIgniter(Object(CodeIgniter\CodeIgniter))
11 FCPATH/index.php(59): CodeIgniter\Boot::bootWeb(Object(Config\Paths))
WARNING - 2026-02-03 08:53:52 --> [DEPRECATED] Creation of dynamic property Config\Torrent::$catImageDir is deprecated in APPPATH/Config/Torrent.php on line 115.
 1 SYSTEMPATH/Config/Factories.php(236): Config\Torrent->__construct()
 2 SYSTEMPATH/Config/Factories.php(170): CodeIgniter\Config\Factories::createInstance('config', 'Config\\Torrent', [])
 3 SYSTEMPATH/Config/Factories.php(189): CodeIgniter\Config\Factories::__callStatic('config', [])
 4 SYSTEMPATH/Common.php(208): CodeIgniter\Config\Factories::get('config', 'Torrent')
 5 APPPATH/Controllers/AdminController.php(105): config('Torrent')
 6 SYSTEMPATH/CodeIgniter.php(904): App\Controllers\AdminController->initController(Object(CodeIgniter\HTTP\IncomingRequest), Object(CodeIgniter\HTTP\Response), Object(CodeIgniter\Log\Logger))
 7 SYSTEMPATH/CodeIgniter.php(498): CodeIgniter\CodeIgniter->createController()
 8 SYSTEMPATH/CodeIgniter.php(354): CodeIgniter\CodeIgniter->handleRequest(null, Object(Config\Cache), false)
 9 SYSTEMPATH/Boot.php(363): CodeIgniter\CodeIgniter->run()
10 SYSTEMPATH/Boot.php(68): CodeIgniter\Boot::runCodeIgniter(Object(CodeIgniter\CodeIgniter))
11 FCPATH/index.php(59): CodeIgniter\Boot::bootWeb(Object(Config\Paths))
DEBUG - 2026-02-03 08:53:52 --> Session: Class initialized using 'CodeIgniter\Session\Handlers\DatabaseHandler' driver.
WARNING - 2026-02-03 08:53:56 --> [DEPRECATED] Creation of dynamic property Config\Torrent::$imageDir is deprecated in APPPATH/Config/Torrent.php on line 114.
 1 SYSTEMPATH/Config/Factories.php(236): Config\Torrent->__construct()
 2 SYSTEMPATH/Config/Factories.php(170): CodeIgniter\Config\Factories::createInstance('config', 'Config\\Torrent', [])
 3 SYSTEMPATH/Config/Factories.php(189): CodeIgniter\Config\Factories::__callStatic('config', [])
 4 SYSTEMPATH/Common.php(208): CodeIgniter\Config\Factories::get('config', 'Torrent')
 5 APPPATH/Controllers/AdminController.php(105): config('Torrent')
 6 SYSTEMPATH/CodeIgniter.php(904): App\Controllers\AdminController->initController(Object(CodeIgniter\HTTP\IncomingRequest), Object(CodeIgniter\HTTP\Response), Object(CodeIgniter\Log\Logger))
 7 SYSTEMPATH/CodeIgniter.php(498): CodeIgniter\CodeIgniter->createController()
 8 SYSTEMPATH/CodeIgniter.php(354): CodeIgniter\CodeIgniter->handleRequest(null, Object(Config\Cache), false)
 9 SYSTEMPATH/Boot.php(363): CodeIgniter\CodeIgniter->run()
10 SYSTEMPATH/Boot.php(68): CodeIgniter\Boot::runCodeIgniter(Object(CodeIgniter\CodeIgniter))
11 FCPATH/index.php(59): CodeIgniter\Boot::bootWeb(Object(Config\Paths))
WARNING - 2026-02-03 08:53:56 --> [DEPRECATED] Creation of dynamic property Config\Torrent::$catImageDir is deprecated in APPPATH/Config/Torrent.php on line 115.
 1 SYSTEMPATH/Config/Factories.php(236): Config\Torrent->__construct()
 2 SYSTEMPATH/Config/Factories.php(170): CodeIgniter\Config\Factories::createInstance('config', 'Config\\Torrent', [])
 3 SYSTEMPATH/Config/Factories.php(189): CodeIgniter\Config\Factories::__callStatic('config', [])
 4 SYSTEMPATH/Common.php(208): CodeIgniter\Config\Factories::get('config', 'Torrent')
 5 APPPATH/Controllers/AdminController.php(105): config('Torrent')
 6 SYSTEMPATH/CodeIgniter.php(904): App\Controllers\AdminController->initController(Object(CodeIgniter\HTTP\IncomingRequest), Object(CodeIgniter\HTTP\Response), Object(CodeIgniter\Log\Logger))
 7 SYSTEMPATH/CodeIgniter.php(498): CodeIgniter\CodeIgniter->createController()
 8 SYSTEMPATH/CodeIgniter.php(354): CodeIgniter\CodeIgniter->handleRequest(null, Object(Config\Cache), false)
 9 SYSTEMPATH/Boot.php(363): CodeIgniter\CodeIgniter->run()
10 SYSTEMPATH/Boot.php(68): CodeIgniter\Boot::runCodeIgniter(Object(CodeIgniter\CodeIgniter))
11 FCPATH/index.php(59): CodeIgniter\Boot::bootWeb(Object(Config\Paths))
DEBUG - 2026-02-03 08:53:56 --> Session: Class initialized using 'CodeIgniter\Session\Handlers\DatabaseHandler' driver.
WARNING - 2026-02-03 08:53:56 --> [DEPRECATED] Creation of dynamic property App\Controllers\Admin\CategoryController::$Cat is deprecated in APPPATH/Controllers/Admin/CategoryController.php on line 83.
 1 SYSTEMPATH/CodeIgniter.php(933): App\Controllers\Admin\CategoryController->CatEditShow(10)
 2 SYSTEMPATH/CodeIgniter.php(507): CodeIgniter\CodeIgniter->runController(Object(App\Controllers\Admin\CategoryController))
 3 SYSTEMPATH/CodeIgniter.php(354): CodeIgniter\CodeIgniter->handleRequest(null, Object(Config\Cache), false)
 4 SYSTEMPATH/Boot.php(363): CodeIgniter\CodeIgniter->run()
 5 SYSTEMPATH/Boot.php(68): CodeIgniter\Boot::runCodeIgniter(Object(CodeIgniter\CodeIgniter))
 6 FCPATH/index.php(59): CodeIgniter\Boot::bootWeb(Object(Config\Paths))
WARNING - 2026-02-03 08:54:05 --> [DEPRECATED] Creation of dynamic property Config\Torrent::$imageDir is deprecated in APPPATH/Config/Torrent.php on line 114.
 1 SYSTEMPATH/Config/Factories.php(236): Config\Torrent->__construct()
 2 SYSTEMPATH/Config/Factories.php(170): CodeIgniter\Config\Factories::createInstance('config', 'Config\\Torrent', [])
 3 SYSTEMPATH/Config/Factories.php(189): CodeIgniter\Config\Factories::__callStatic('config', [])
 4 SYSTEMPATH/Common.php(208): CodeIgniter\Config\Factories::get('config', 'Torrent')
 5 APPPATH/Controllers/AdminController.php(105): config('Torrent')
 6 SYSTEMPATH/CodeIgniter.php(904): App\Controllers\AdminController->initController(Object(CodeIgniter\HTTP\IncomingRequest), Object(CodeIgniter\HTTP\Response), Object(CodeIgniter\Log\Logger))
 7 SYSTEMPATH/CodeIgniter.php(498): CodeIgniter\CodeIgniter->createController()
 8 SYSTEMPATH/CodeIgniter.php(354): CodeIgniter\CodeIgniter->handleRequest(null, Object(Config\Cache), false)
 9 SYSTEMPATH/Boot.php(363): CodeIgniter\CodeIgniter->run()
10 SYSTEMPATH/Boot.php(68): CodeIgniter\Boot::runCodeIgniter(Object(CodeIgniter\CodeIgniter))
11 FCPATH/index.php(59): CodeIgniter\Boot::bootWeb(Object(Config\Paths))
WARNING - 2026-02-03 08:54:05 --> [DEPRECATED] Creation of dynamic property Config\Torrent::$catImageDir is deprecated in APPPATH/Config/Torrent.php on line 115.
 1 SYSTEMPATH/Config/Factories.php(236): Config\Torrent->__construct()
 2 SYSTEMPATH/Config/Factories.php(170): CodeIgniter\Config\Factories::createInstance('config', 'Config\\Torrent', [])
 3 SYSTEMPATH/Config/Factories.php(189): CodeIgniter\Config\Factories::__callStatic('config', [])
 4 SYSTEMPATH/Common.php(208): CodeIgniter\Config\Factories::get('config', 'Torrent')
 5 APPPATH/Controllers/AdminController.php(105): config('Torrent')
 6 SYSTEMPATH/CodeIgniter.php(904): App\Controllers\AdminController->initController(Object(CodeIgniter\HTTP\IncomingRequest), Object(CodeIgniter\HTTP\Response), Object(CodeIgniter\Log\Logger))
 7 SYSTEMPATH/CodeIgniter.php(498): CodeIgniter\CodeIgniter->createController()
 8 SYSTEMPATH/CodeIgniter.php(354): CodeIgniter\CodeIgniter->handleRequest(null, Object(Config\Cache), false)
 9 SYSTEMPATH/Boot.php(363): CodeIgniter\CodeIgniter->run()
10 SYSTEMPATH/Boot.php(68): CodeIgniter\Boot::runCodeIgniter(Object(CodeIgniter\CodeIgniter))
11 FCPATH/index.php(59): CodeIgniter\Boot::bootWeb(Object(Config\Paths))
DEBUG - 2026-02-03 08:54:05 --> Session: Class initialized using 'CodeIgniter\Session\Handlers\DatabaseHandler' driver.
WARNING - 2026-02-03 08:54:05 --> [DEPRECATED] Creation of dynamic property App\Controllers\Admin\CategoryController::$oldCat is deprecated in APPPATH/Controllers/Admin/CategoryController.php on line 113.
 1 SYSTEMPATH/CodeIgniter.php(933): App\Controllers\Admin\CategoryController->CatEditAction(10)
 2 SYSTEMPATH/CodeIgniter.php(507): CodeIgniter\CodeIgniter->runController(Object(App\Controllers\Admin\CategoryController))
 3 SYSTEMPATH/CodeIgniter.php(354): CodeIgniter\CodeIgniter->handleRequest(null, Object(Config\Cache), false)
 4 SYSTEMPATH/Boot.php(363): CodeIgniter\CodeIgniter->run()
 5 SYSTEMPATH/Boot.php(68): CodeIgniter\Boot::runCodeIgniter(Object(CodeIgniter\CodeIgniter))
 6 FCPATH/index.php(59): CodeIgniter\Boot::bootWeb(Object(Config\Paths))
WARNING - 2026-02-03 08:54:05 --> [DEPRECATED] Creation of dynamic property App\Controllers\Admin\CategoryController::$catData is deprecated in APPPATH/Controllers/Admin/CategoryController.php on line 114.
 1 SYSTEMPATH/CodeIgniter.php(933): App\Controllers\Admin\CategoryController->CatEditAction(10)
 2 SYSTEMPATH/CodeIgniter.php(507): CodeIgniter\CodeIgniter->runController(Object(App\Controllers\Admin\CategoryController))
 3 SYSTEMPATH/CodeIgniter.php(354): CodeIgniter\CodeIgniter->handleRequest(null, Object(Config\Cache), false)
 4 SYSTEMPATH/Boot.php(363): CodeIgniter\CodeIgniter->run()
 5 SYSTEMPATH/Boot.php(68): CodeIgniter\Boot::runCodeIgniter(Object(CodeIgniter\CodeIgniter))
 6 FCPATH/index.php(59): CodeIgniter\Boot::bootWeb(Object(Config\Paths))
WARNING - 2026-02-03 08:54:05 --> [DEPRECATED] Creation of dynamic property App\Controllers\Admin\CategoryController::$newCatData is deprecated in APPPATH/Controllers/Admin/CategoryController.php on line 116.
 1 SYSTEMPATH/CodeIgniter.php(933): App\Controllers\Admin\CategoryController->CatEditAction(10)
 2 SYSTEMPATH/CodeIgniter.php(507): CodeIgniter\CodeIgniter->runController(Object(App\Controllers\Admin\CategoryController))
 3 SYSTEMPATH/CodeIgniter.php(354): CodeIgniter\CodeIgniter->handleRequest(null, Object(Config\Cache), false)
 4 SYSTEMPATH/Boot.php(363): CodeIgniter\CodeIgniter->run()
 5 SYSTEMPATH/Boot.php(68): CodeIgniter\Boot::runCodeIgniter(Object(CodeIgniter\CodeIgniter))
 6 FCPATH/index.php(59): CodeIgniter\Boot::bootWeb(Object(Config\Paths))
WARNING - 2026-02-03 08:54:05 --> [DEPRECATED] Creation of dynamic property Config\Torrent::$imageDir is deprecated in APPPATH/Config/Torrent.php on line 114.
 1 SYSTEMPATH/Config/Factories.php(236): Config\Torrent->__construct()
 2 SYSTEMPATH/Config/Factories.php(170): CodeIgniter\Config\Factories::createInstance('config', 'Config\\Torrent', [])
 3 SYSTEMPATH/Config/Factories.php(189): CodeIgniter\Config\Factories::__callStatic('config', [])
 4 SYSTEMPATH/Common.php(208): CodeIgniter\Config\Factories::get('config', 'Torrent')
 5 APPPATH/Controllers/AdminController.php(105): config('Torrent')
 6 SYSTEMPATH/CodeIgniter.php(904): App\Controllers\AdminController->initController(Object(CodeIgniter\HTTP\IncomingRequest), Object(CodeIgniter\HTTP\Response), Object(CodeIgniter\Log\Logger))
 7 SYSTEMPATH/CodeIgniter.php(498): CodeIgniter\CodeIgniter->createController()
 8 SYSTEMPATH/CodeIgniter.php(354): CodeIgniter\CodeIgniter->handleRequest(null, Object(Config\Cache), false)
 9 SYSTEMPATH/Boot.php(363): CodeIgniter\CodeIgniter->run()
10 SYSTEMPATH/Boot.php(68): CodeIgniter\Boot::runCodeIgniter(Object(CodeIgniter\CodeIgniter))
11 FCPATH/index.php(59): CodeIgniter\Boot::bootWeb(Object(Config\Paths))
WARNING - 2026-02-03 08:54:05 --> [DEPRECATED] Creation of dynamic property Config\Torrent::$catImageDir is deprecated in APPPATH/Config/Torrent.php on line 115.
 1 SYSTEMPATH/Config/Factories.php(236): Config\Torrent->__construct()
 2 SYSTEMPATH/Config/Factories.php(170): CodeIgniter\Config\Factories::createInstance('config', 'Config\\Torrent', [])
 3 SYSTEMPATH/Config/Factories.php(189): CodeIgniter\Config\Factories::__callStatic('config', [])
 4 SYSTEMPATH/Common.php(208): CodeIgniter\Config\Factories::get('config', 'Torrent')
 5 APPPATH/Controllers/AdminController.php(105): config('Torrent')
 6 SYSTEMPATH/CodeIgniter.php(904): App\Controllers\AdminController->initController(Object(CodeIgniter\HTTP\IncomingRequest), Object(CodeIgniter\HTTP\Response), Object(CodeIgniter\Log\Logger))
 7 SYSTEMPATH/CodeIgniter.php(498): CodeIgniter\CodeIgniter->createController()
 8 SYSTEMPATH/CodeIgniter.php(354): CodeIgniter\CodeIgniter->handleRequest(null, Object(Config\Cache), false)
 9 SYSTEMPATH/Boot.php(363): CodeIgniter\CodeIgniter->run()
10 SYSTEMPATH/Boot.php(68): CodeIgniter\Boot::runCodeIgniter(Object(CodeIgniter\CodeIgniter))
11 FCPATH/index.php(59): CodeIgniter\Boot::bootWeb(Object(Config\Paths))
DEBUG - 2026-02-03 08:54:05 --> Session: Class initialized using 'CodeIgniter\Session\Handlers\DatabaseHandler' driver.
WARNING - 2026-02-03 08:54:05 --> [DEPRECATED] Creation of dynamic property App\Controllers\Admin\CategoryController::$Cat is deprecated in APPPATH/Controllers/Admin/CategoryController.php on line 83.
 1 SYSTEMPATH/CodeIgniter.php(933): App\Controllers\Admin\CategoryController->CatEditShow(10)
 2 SYSTEMPATH/CodeIgniter.php(507): CodeIgniter\CodeIgniter->runController(Object(App\Controllers\Admin\CategoryController))
 3 SYSTEMPATH/CodeIgniter.php(354): CodeIgniter\CodeIgniter->handleRequest(null, Object(Config\Cache), false)
 4 SYSTEMPATH/Boot.php(363): CodeIgniter\CodeIgniter->run()
 5 SYSTEMPATH/Boot.php(68): CodeIgniter\Boot::runCodeIgniter(Object(CodeIgniter\CodeIgniter))
 6 FCPATH/index.php(59): CodeIgniter\Boot::bootWeb(Object(Config\Paths))
WARNING - 2026-02-03 08:54:08 --> [DEPRECATED] Creation of dynamic property Config\Torrent::$imageDir is deprecated in APPPATH/Config/Torrent.php on line 114.
 1 SYSTEMPATH/Config/Factories.php(236): Config\Torrent->__construct()
 2 SYSTEMPATH/Config/Factories.php(170): CodeIgniter\Config\Factories::createInstance('config', 'Config\\Torrent', [])
 3 SYSTEMPATH/Config/Factories.php(189): CodeIgniter\Config\Factories::__callStatic('config', [])
 4 SYSTEMPATH/Common.php(208): CodeIgniter\Config\Factories::get('config', 'Torrent')
 5 APPPATH/Controllers/BaseController.php(131): config('Torrent')
 6 SYSTEMPATH/CodeIgniter.php(904): App\Controllers\BaseController->initController(Object(CodeIgniter\HTTP\IncomingRequest), Object(CodeIgniter\HTTP\Response), Object(CodeIgniter\Log\Logger))
 7 SYSTEMPATH/CodeIgniter.php(498): CodeIgniter\CodeIgniter->createController()
 8 SYSTEMPATH/CodeIgniter.php(354): CodeIgniter\CodeIgniter->handleRequest(null, Object(Config\Cache), false)
 9 SYSTEMPATH/Boot.php(363): CodeIgniter\CodeIgniter->run()
10 SYSTEMPATH/Boot.php(68): CodeIgniter\Boot::runCodeIgniter(Object(CodeIgniter\CodeIgniter))
11 FCPATH/index.php(59): CodeIgniter\Boot::bootWeb(Object(Config\Paths))
WARNING - 2026-02-03 08:54:08 --> [DEPRECATED] Creation of dynamic property Config\Torrent::$catImageDir is deprecated in APPPATH/Config/Torrent.php on line 115.
 1 SYSTEMPATH/Config/Factories.php(236): Config\Torrent->__construct()
 2 SYSTEMPATH/Config/Factories.php(170): CodeIgniter\Config\Factories::createInstance('config', 'Config\\Torrent', [])
 3 SYSTEMPATH/Config/Factories.php(189): CodeIgniter\Config\Factories::__callStatic('config', [])
 4 SYSTEMPATH/Common.php(208): CodeIgniter\Config\Factories::get('config', 'Torrent')
 5 APPPATH/Controllers/BaseController.php(131): config('Torrent')
 6 SYSTEMPATH/CodeIgniter.php(904): App\Controllers\BaseController->initController(Object(CodeIgniter\HTTP\IncomingRequest), Object(CodeIgniter\HTTP\Response), Object(CodeIgniter\Log\Logger))
 7 SYSTEMPATH/CodeIgniter.php(498): CodeIgniter\CodeIgniter->createController()
 8 SYSTEMPATH/CodeIgniter.php(354): CodeIgniter\CodeIgniter->handleRequest(null, Object(Config\Cache), false)
 9 SYSTEMPATH/Boot.php(363): CodeIgniter\CodeIgniter->run()
10 SYSTEMPATH/Boot.php(68): CodeIgniter\Boot::runCodeIgniter(Object(CodeIgniter\CodeIgniter))
11 FCPATH/index.php(59): CodeIgniter\Boot::bootWeb(Object(Config\Paths))
DEBUG - 2026-02-03 08:54:08 --> Session: Class initialized using 'CodeIgniter\Session\Handlers\DatabaseHandler' driver.
WARNING - 2026-02-03 08:54:08 --> [DEPRECATED] Creation of dynamic property Config\Torrent::$imageDir is deprecated in APPPATH/Config/Torrent.php on line 114.
 1 APPPATH/Helpers/avatar_helper.php(11): Config\Torrent->__construct()
 2 FCPATH/themes/front/widget/login.php(9): avatar('1.png', 200)
 3 FCPATH/themes/front/footer.php(4): include('/srv/http/torr.ws/public/themes/front/widget/login.php')
 4 SYSTEMPATH/View/View.php(226): include('/srv/http/torr.ws/public/themes/front/footer.php')
 5 SYSTEMPATH/View/View.php(229): CodeIgniter\View\View->{closure:CodeIgniter\View\View::render():223}()
 6 APPPATH/ThirdParty/templates/Themes.php(468): CodeIgniter\View\View->render('footer')
 7 APPPATH/Controllers/Home.php(51): Arifrh\Themes\Themes::render('home', [...])
 8 SYSTEMPATH/CodeIgniter.php(933): App\Controllers\Home->index()
 9 SYSTEMPATH/CodeIgniter.php(507): CodeIgniter\CodeIgniter->runController(Object(App\Controllers\Home))
10 SYSTEMPATH/CodeIgniter.php(354): CodeIgniter\CodeIgniter->handleRequest(null, Object(Config\Cache), false)
11 SYSTEMPATH/Boot.php(363): CodeIgniter\CodeIgniter->run()
12 SYSTEMPATH/Boot.php(68): CodeIgniter\Boot::runCodeIgniter(Object(CodeIgniter\CodeIgniter))
13 FCPATH/index.php(59): CodeIgniter\Boot::bootWeb(Object(Config\Paths))
WARNING - 2026-02-03 08:54:08 --> [DEPRECATED] Creation of dynamic property Config\Torrent::$catImageDir is deprecated in APPPATH/Config/Torrent.php on line 115.
 1 APPPATH/Helpers/avatar_helper.php(11): Config\Torrent->__construct()
 2 FCPATH/themes/front/widget/login.php(9): avatar('1.png', 200)
 3 FCPATH/themes/front/footer.php(4): include('/srv/http/torr.ws/public/themes/front/widget/login.php')
 4 SYSTEMPATH/View/View.php(226): include('/srv/http/torr.ws/public/themes/front/footer.php')
 5 SYSTEMPATH/View/View.php(229): CodeIgniter\View\View->{closure:CodeIgniter\View\View::render():223}()
 6 APPPATH/ThirdParty/templates/Themes.php(468): CodeIgniter\View\View->render('footer')
 7 APPPATH/Controllers/Home.php(51): Arifrh\Themes\Themes::render('home', [...])
 8 SYSTEMPATH/CodeIgniter.php(933): App\Controllers\Home->index()
 9 SYSTEMPATH/CodeIgniter.php(507): CodeIgniter\CodeIgniter->runController(Object(App\Controllers\Home))
10 SYSTEMPATH/CodeIgniter.php(354): CodeIgniter\CodeIgniter->handleRequest(null, Object(Config\Cache), false)
11 SYSTEMPATH/Boot.php(363): CodeIgniter\CodeIgniter->run()
12 SYSTEMPATH/Boot.php(68): CodeIgniter\Boot::runCodeIgniter(Object(CodeIgniter\CodeIgniter))
13 FCPATH/index.php(59): CodeIgniter\Boot::bootWeb(Object(Config\Paths))
WARNING - 2026-02-03 08:54:18 --> [DEPRECATED] Creation of dynamic property Config\Torrent::$imageDir is deprecated in APPPATH/Config/Torrent.php on line 114.
 1 SYSTEMPATH/Config/Factories.php(236): Config\Torrent->__construct()
 2 SYSTEMPATH/Config/Factories.php(170): CodeIgniter\Config\Factories::createInstance('config', 'Config\\Torrent', [])
 3 SYSTEMPATH/Config/Factories.php(189): CodeIgniter\Config\Factories::__callStatic('config', [])
 4 SYSTEMPATH/Common.php(208): CodeIgniter\Config\Factories::get('config', 'Torrent')
 5 APPPATH/Controllers/AdminController.php(105): config('Torrent')
 6 SYSTEMPATH/CodeIgniter.php(904): App\Controllers\AdminController->initController(Object(CodeIgniter\HTTP\IncomingRequest), Object(CodeIgniter\HTTP\Response), Object(CodeIgniter\Log\Logger))
 7 SYSTEMPATH/CodeIgniter.php(498): CodeIgniter\CodeIgniter->createController()
 8 SYSTEMPATH/CodeIgniter.php(354): CodeIgniter\CodeIgniter->handleRequest(null, Object(Config\Cache), false)
 9 SYSTEMPATH/Boot.php(363): CodeIgniter\CodeIgniter->run()
10 SYSTEMPATH/Boot.php(68): CodeIgniter\Boot::runCodeIgniter(Object(CodeIgniter\CodeIgniter))
11 FCPATH/index.php(59): CodeIgniter\Boot::bootWeb(Object(Config\Paths))
WARNING - 2026-02-03 08:54:18 --> [DEPRECATED] Creation of dynamic property Config\Torrent::$catImageDir is deprecated in APPPATH/Config/Torrent.php on line 115.
 1 SYSTEMPATH/Config/Factories.php(236): Config\Torrent->__construct()
 2 SYSTEMPATH/Config/Factories.php(170): CodeIgniter\Config\Factories::createInstance('config', 'Config\\Torrent', [])
 3 SYSTEMPATH/Config/Factories.php(189): CodeIgniter\Config\Factories::__callStatic('config', [])
 4 SYSTEMPATH/Common.php(208): CodeIgniter\Config\Factories::get('config', 'Torrent')
 5 APPPATH/Controllers/AdminController.php(105): config('Torrent')
 6 SYSTEMPATH/CodeIgniter.php(904): App\Controllers\AdminController->initController(Object(CodeIgniter\HTTP\IncomingRequest), Object(CodeIgniter\HTTP\Response), Object(CodeIgniter\Log\Logger))
 7 SYSTEMPATH/CodeIgniter.php(498): CodeIgniter\CodeIgniter->createController()
 8 SYSTEMPATH/CodeIgniter.php(354): CodeIgniter\CodeIgniter->handleRequest(null, Object(Config\Cache), false)
 9 SYSTEMPATH/Boot.php(363): CodeIgniter\CodeIgniter->run()
10 SYSTEMPATH/Boot.php(68): CodeIgniter\Boot::runCodeIgniter(Object(CodeIgniter\CodeIgniter))
11 FCPATH/index.php(59): CodeIgniter\Boot::bootWeb(Object(Config\Paths))
DEBUG - 2026-02-03 08:54:18 --> Session: Class initialized using 'CodeIgniter\Session\Handlers\DatabaseHandler' driver.
WARNING - 2026-02-03 08:54:26 --> [DEPRECATED] Creation of dynamic property Config\Torrent::$imageDir is deprecated in APPPATH/Config/Torrent.php on line 114.
 1 SYSTEMPATH/Config/Factories.php(236): Config\Torrent->__construct()
 2 SYSTEMPATH/Config/Factories.php(170): CodeIgniter\Config\Factories::createInstance('config', 'Config\\Torrent', [])
 3 SYSTEMPATH/Config/Factories.php(189): CodeIgniter\Config\Factories::__callStatic('config', [])
 4 SYSTEMPATH/Common.php(208): CodeIgniter\Config\Factories::get('config', 'Torrent')
 5 APPPATH/Controllers/AdminController.php(105): config('Torrent')
 6 SYSTEMPATH/CodeIgniter.php(904): App\Controllers\AdminController->initController(Object(CodeIgniter\HTTP\IncomingRequest), Object(CodeIgniter\HTTP\Response), Object(CodeIgniter\Log\Logger))
 7 SYSTEMPATH/CodeIgniter.php(498): CodeIgniter\CodeIgniter->createController()
 8 SYSTEMPATH/CodeIgniter.php(354): CodeIgniter\CodeIgniter->handleRequest(null, Object(Config\Cache), false)
 9 SYSTEMPATH/Boot.php(363): CodeIgniter\CodeIgniter->run()
10 SYSTEMPATH/Boot.php(68): CodeIgniter\Boot::runCodeIgniter(Object(CodeIgniter\CodeIgniter))
11 FCPATH/index.php(59): CodeIgniter\Boot::bootWeb(Object(Config\Paths))
WARNING - 2026-02-03 08:54:26 --> [DEPRECATED] Creation of dynamic property Config\Torrent::$catImageDir is deprecated in APPPATH/Config/Torrent.php on line 115.
 1 SYSTEMPATH/Config/Factories.php(236): Config\Torrent->__construct()
 2 SYSTEMPATH/Config/Factories.php(170): CodeIgniter\Config\Factories::createInstance('config', 'Config\\Torrent', [])
 3 SYSTEMPATH/Config/Factories.php(189): CodeIgniter\Config\Factories::__callStatic('config', [])
 4 SYSTEMPATH/Common.php(208): CodeIgniter\Config\Factories::get('config', 'Torrent')
 5 APPPATH/Controllers/AdminController.php(105): config('Torrent')
 6 SYSTEMPATH/CodeIgniter.php(904): App\Controllers\AdminController->initController(Object(CodeIgniter\HTTP\IncomingRequest), Object(CodeIgniter\HTTP\Response), Object(CodeIgniter\Log\Logger))
 7 SYSTEMPATH/CodeIgniter.php(498): CodeIgniter\CodeIgniter->createController()
 8 SYSTEMPATH/CodeIgniter.php(354): CodeIgniter\CodeIgniter->handleRequest(null, Object(Config\Cache), false)
 9 SYSTEMPATH/Boot.php(363): CodeIgniter\CodeIgniter->run()
10 SYSTEMPATH/Boot.php(68): CodeIgniter\Boot::runCodeIgniter(Object(CodeIgniter\CodeIgniter))
11 FCPATH/index.php(59): CodeIgniter\Boot::bootWeb(Object(Config\Paths))
DEBUG - 2026-02-03 08:54:26 --> Session: Class initialized using 'CodeIgniter\Session\Handlers\DatabaseHandler' driver.
WARNING - 2026-02-03 08:54:26 --> [DEPRECATED] Creation of dynamic property App\Controllers\Admin\CategoryController::$Cat is deprecated in APPPATH/Controllers/Admin/CategoryController.php on line 83.
 1 SYSTEMPATH/CodeIgniter.php(933): App\Controllers\Admin\CategoryController->CatEditShow(8)
 2 SYSTEMPATH/CodeIgniter.php(507): CodeIgniter\CodeIgniter->runController(Object(App\Controllers\Admin\CategoryController))
 3 SYSTEMPATH/CodeIgniter.php(354): CodeIgniter\CodeIgniter->handleRequest(null, Object(Config\Cache), false)
 4 SYSTEMPATH/Boot.php(363): CodeIgniter\CodeIgniter->run()
 5 SYSTEMPATH/Boot.php(68): CodeIgniter\Boot::runCodeIgniter(Object(CodeIgniter\CodeIgniter))
 6 FCPATH/index.php(59): CodeIgniter\Boot::bootWeb(Object(Config\Paths))
WARNING - 2026-02-03 08:54:29 --> [DEPRECATED] Creation of dynamic property Config\Torrent::$imageDir is deprecated in APPPATH/Config/Torrent.php on line 114.
 1 SYSTEMPATH/Config/Factories.php(236): Config\Torrent->__construct()
 2 SYSTEMPATH/Config/Factories.php(170): CodeIgniter\Config\Factories::createInstance('config', 'Config\\Torrent', [])
 3 SYSTEMPATH/Config/Factories.php(189): CodeIgniter\Config\Factories::__callStatic('config', [])
 4 SYSTEMPATH/Common.php(208): CodeIgniter\Config\Factories::get('config', 'Torrent')
 5 APPPATH/Controllers/AdminController.php(105): config('Torrent')
 6 SYSTEMPATH/CodeIgniter.php(904): App\Controllers\AdminController->initController(Object(CodeIgniter\HTTP\IncomingRequest), Object(CodeIgniter\HTTP\Response), Object(CodeIgniter\Log\Logger))
 7 SYSTEMPATH/CodeIgniter.php(498): CodeIgniter\CodeIgniter->createController()
 8 SYSTEMPATH/CodeIgniter.php(354): CodeIgniter\CodeIgniter->handleRequest(null, Object(Config\Cache), false)
 9 SYSTEMPATH/Boot.php(363): CodeIgniter\CodeIgniter->run()
10 SYSTEMPATH/Boot.php(68): CodeIgniter\Boot::runCodeIgniter(Object(CodeIgniter\CodeIgniter))
11 FCPATH/index.php(59): CodeIgniter\Boot::bootWeb(Object(Config\Paths))
WARNING - 2026-02-03 08:54:29 --> [DEPRECATED] Creation of dynamic property Config\Torrent::$catImageDir is deprecated in APPPATH/Config/Torrent.php on line 115.
 1 SYSTEMPATH/Config/Factories.php(236): Config\Torrent->__construct()
 2 SYSTEMPATH/Config/Factories.php(170): CodeIgniter\Config\Factories::createInstance('config', 'Config\\Torrent', [])
 3 SYSTEMPATH/Config/Factories.php(189): CodeIgniter\Config\Factories::__callStatic('config', [])
 4 SYSTEMPATH/Common.php(208): CodeIgniter\Config\Factories::get('config', 'Torrent')
 5 APPPATH/Controllers/AdminController.php(105): config('Torrent')
 6 SYSTEMPATH/CodeIgniter.php(904): App\Controllers\AdminController->initController(Object(CodeIgniter\HTTP\IncomingRequest), Object(CodeIgniter\HTTP\Response), Object(CodeIgniter\Log\Logger))
 7 SYSTEMPATH/CodeIgniter.php(498): CodeIgniter\CodeIgniter->createController()
 8 SYSTEMPATH/CodeIgniter.php(354): CodeIgniter\CodeIgniter->handleRequest(null, Object(Config\Cache), false)
 9 SYSTEMPATH/Boot.php(363): CodeIgniter\CodeIgniter->run()
10 SYSTEMPATH/Boot.php(68): CodeIgniter\Boot::runCodeIgniter(Object(CodeIgniter\CodeIgniter))
11 FCPATH/index.php(59): CodeIgniter\Boot::bootWeb(Object(Config\Paths))
DEBUG - 2026-02-03 08:54:29 --> Session: Class initialized using 'CodeIgniter\Session\Handlers\DatabaseHandler' driver.
WARNING - 2026-02-03 08:54:29 --> [DEPRECATED] Creation of dynamic property App\Controllers\Admin\CategoryController::$oldCat is deprecated in APPPATH/Controllers/Admin/CategoryController.php on line 113.
 1 SYSTEMPATH/CodeIgniter.php(933): App\Controllers\Admin\CategoryController->CatEditAction(8)
 2 SYSTEMPATH/CodeIgniter.php(507): CodeIgniter\CodeIgniter->runController(Object(App\Controllers\Admin\CategoryController))
 3 SYSTEMPATH/CodeIgniter.php(354): CodeIgniter\CodeIgniter->handleRequest(null, Object(Config\Cache), false)
 4 SYSTEMPATH/Boot.php(363): CodeIgniter\CodeIgniter->run()
 5 SYSTEMPATH/Boot.php(68): CodeIgniter\Boot::runCodeIgniter(Object(CodeIgniter\CodeIgniter))
 6 FCPATH/index.php(59): CodeIgniter\Boot::bootWeb(Object(Config\Paths))
WARNING - 2026-02-03 08:54:29 --> [DEPRECATED] Creation of dynamic property App\Controllers\Admin\CategoryController::$catData is deprecated in APPPATH/Controllers/Admin/CategoryController.php on line 114.
 1 SYSTEMPATH/CodeIgniter.php(933): App\Controllers\Admin\CategoryController->CatEditAction(8)
 2 SYSTEMPATH/CodeIgniter.php(507): CodeIgniter\CodeIgniter->runController(Object(App\Controllers\Admin\CategoryController))
 3 SYSTEMPATH/CodeIgniter.php(354): CodeIgniter\CodeIgniter->handleRequest(null, Object(Config\Cache), false)
 4 SYSTEMPATH/Boot.php(363): CodeIgniter\CodeIgniter->run()
 5 SYSTEMPATH/Boot.php(68): CodeIgniter\Boot::runCodeIgniter(Object(CodeIgniter\CodeIgniter))
 6 FCPATH/index.php(59): CodeIgniter\Boot::bootWeb(Object(Config\Paths))
WARNING - 2026-02-03 08:54:29 --> [DEPRECATED] Creation of dynamic property App\Controllers\Admin\CategoryController::$newCatData is deprecated in APPPATH/Controllers/Admin/CategoryController.php on line 116.
 1 SYSTEMPATH/CodeIgniter.php(933): App\Controllers\Admin\CategoryController->CatEditAction(8)
 2 SYSTEMPATH/CodeIgniter.php(507): CodeIgniter\CodeIgniter->runController(Object(App\Controllers\Admin\CategoryController))
 3 SYSTEMPATH/CodeIgniter.php(354): CodeIgniter\CodeIgniter->handleRequest(null, Object(Config\Cache), false)
 4 SYSTEMPATH/Boot.php(363): CodeIgniter\CodeIgniter->run()
 5 SYSTEMPATH/Boot.php(68): CodeIgniter\Boot::runCodeIgniter(Object(CodeIgniter\CodeIgniter))
 6 FCPATH/index.php(59): CodeIgniter\Boot::bootWeb(Object(Config\Paths))
WARNING - 2026-02-03 08:54:29 --> [DEPRECATED] Creation of dynamic property Config\Torrent::$imageDir is deprecated in APPPATH/Config/Torrent.php on line 114.
 1 SYSTEMPATH/Config/Factories.php(236): Config\Torrent->__construct()
 2 SYSTEMPATH/Config/Factories.php(170): CodeIgniter\Config\Factories::createInstance('config', 'Config\\Torrent', [])
 3 SYSTEMPATH/Config/Factories.php(189): CodeIgniter\Config\Factories::__callStatic('config', [])
 4 SYSTEMPATH/Common.php(208): CodeIgniter\Config\Factories::get('config', 'Torrent')
 5 APPPATH/Controllers/AdminController.php(105): config('Torrent')
 6 SYSTEMPATH/CodeIgniter.php(904): App\Controllers\AdminController->initController(Object(CodeIgniter\HTTP\IncomingRequest), Object(CodeIgniter\HTTP\Response), Object(CodeIgniter\Log\Logger))
 7 SYSTEMPATH/CodeIgniter.php(498): CodeIgniter\CodeIgniter->createController()
 8 SYSTEMPATH/CodeIgniter.php(354): CodeIgniter\CodeIgniter->handleRequest(null, Object(Config\Cache), false)
 9 SYSTEMPATH/Boot.php(363): CodeIgniter\CodeIgniter->run()
10 SYSTEMPATH/Boot.php(68): CodeIgniter\Boot::runCodeIgniter(Object(CodeIgniter\CodeIgniter))
11 FCPATH/index.php(59): CodeIgniter\Boot::bootWeb(Object(Config\Paths))
WARNING - 2026-02-03 08:54:29 --> [DEPRECATED] Creation of dynamic property Config\Torrent::$catImageDir is deprecated in APPPATH/Config/Torrent.php on line 115.
 1 SYSTEMPATH/Config/Factories.php(236): Config\Torrent->__construct()
 2 SYSTEMPATH/Config/Factories.php(170): CodeIgniter\Config\Factories::createInstance('config', 'Config\\Torrent', [])
 3 SYSTEMPATH/Config/Factories.php(189): CodeIgniter\Config\Factories::__callStatic('config', [])
 4 SYSTEMPATH/Common.php(208): CodeIgniter\Config\Factories::get('config', 'Torrent')
 5 APPPATH/Controllers/AdminController.php(105): config('Torrent')
 6 SYSTEMPATH/CodeIgniter.php(904): App\Controllers\AdminController->initController(Object(CodeIgniter\HTTP\IncomingRequest), Object(CodeIgniter\HTTP\Response), Object(CodeIgniter\Log\Logger))
 7 SYSTEMPATH/CodeIgniter.php(498): CodeIgniter\CodeIgniter->createController()
 8 SYSTEMPATH/CodeIgniter.php(354): CodeIgniter\CodeIgniter->handleRequest(null, Object(Config\Cache), false)
 9 SYSTEMPATH/Boot.php(363): CodeIgniter\CodeIgniter->run()
10 SYSTEMPATH/Boot.php(68): CodeIgniter\Boot::runCodeIgniter(Object(CodeIgniter\CodeIgniter))
11 FCPATH/index.php(59): CodeIgniter\Boot::bootWeb(Object(Config\Paths))
DEBUG - 2026-02-03 08:54:29 --> Session: Class initialized using 'CodeIgniter\Session\Handlers\DatabaseHandler' driver.
WARNING - 2026-02-03 08:54:29 --> [DEPRECATED] Creation of dynamic property App\Controllers\Admin\CategoryController::$Cat is deprecated in APPPATH/Controllers/Admin/CategoryController.php on line 83.
 1 SYSTEMPATH/CodeIgniter.php(933): App\Controllers\Admin\CategoryController->CatEditShow(8)
 2 SYSTEMPATH/CodeIgniter.php(507): CodeIgniter\CodeIgniter->runController(Object(App\Controllers\Admin\CategoryController))
 3 SYSTEMPATH/CodeIgniter.php(354): CodeIgniter\CodeIgniter->handleRequest(null, Object(Config\Cache), false)
 4 SYSTEMPATH/Boot.php(363): CodeIgniter\CodeIgniter->run()
 5 SYSTEMPATH/Boot.php(68): CodeIgniter\Boot::runCodeIgniter(Object(CodeIgniter\CodeIgniter))
 6 FCPATH/index.php(59): CodeIgniter\Boot::bootWeb(Object(Config\Paths))
WARNING - 2026-02-03 08:54:34 --> [DEPRECATED] Creation of dynamic property Config\Torrent::$imageDir is deprecated in APPPATH/Config/Torrent.php on line 114.
 1 SYSTEMPATH/Config/Factories.php(236): Config\Torrent->__construct()
 2 SYSTEMPATH/Config/Factories.php(170): CodeIgniter\Config\Factories::createInstance('config', 'Config\\Torrent', [])
 3 SYSTEMPATH/Config/Factories.php(189): CodeIgniter\Config\Factories::__callStatic('config', [])
 4 SYSTEMPATH/Common.php(208): CodeIgniter\Config\Factories::get('config', 'Torrent')
 5 APPPATH/Controllers/AdminController.php(105): config('Torrent')
 6 SYSTEMPATH/CodeIgniter.php(904): App\Controllers\AdminController->initController(Object(CodeIgniter\HTTP\IncomingRequest), Object(CodeIgniter\HTTP\Response), Object(CodeIgniter\Log\Logger))
 7 SYSTEMPATH/CodeIgniter.php(498): CodeIgniter\CodeIgniter->createController()
 8 SYSTEMPATH/CodeIgniter.php(354): CodeIgniter\CodeIgniter->handleRequest(null, Object(Config\Cache), false)
 9 SYSTEMPATH/Boot.php(363): CodeIgniter\CodeIgniter->run()
10 SYSTEMPATH/Boot.php(68): CodeIgniter\Boot::runCodeIgniter(Object(CodeIgniter\CodeIgniter))
11 FCPATH/index.php(59): CodeIgniter\Boot::bootWeb(Object(Config\Paths))
WARNING - 2026-02-03 08:54:34 --> [DEPRECATED] Creation of dynamic property Config\Torrent::$catImageDir is deprecated in APPPATH/Config/Torrent.php on line 115.
 1 SYSTEMPATH/Config/Factories.php(236): Config\Torrent->__construct()
 2 SYSTEMPATH/Config/Factories.php(170): CodeIgniter\Config\Factories::createInstance('config', 'Config\\Torrent', [])
 3 SYSTEMPATH/Config/Factories.php(189): CodeIgniter\Config\Factories::__callStatic('config', [])
 4 SYSTEMPATH/Common.php(208): CodeIgniter\Config\Factories::get('config', 'Torrent')
 5 APPPATH/Controllers/AdminController.php(105): config('Torrent')
 6 SYSTEMPATH/CodeIgniter.php(904): App\Controllers\AdminController->initController(Object(CodeIgniter\HTTP\IncomingRequest), Object(CodeIgniter\HTTP\Response), Object(CodeIgniter\Log\Logger))
 7 SYSTEMPATH/CodeIgniter.php(498): CodeIgniter\CodeIgniter->createController()
 8 SYSTEMPATH/CodeIgniter.php(354): CodeIgniter\CodeIgniter->handleRequest(null, Object(Config\Cache), false)
 9 SYSTEMPATH/Boot.php(363): CodeIgniter\CodeIgniter->run()
10 SYSTEMPATH/Boot.php(68): CodeIgniter\Boot::runCodeIgniter(Object(CodeIgniter\CodeIgniter))
11 FCPATH/index.php(59): CodeIgniter\Boot::bootWeb(Object(Config\Paths))
DEBUG - 2026-02-03 08:54:34 --> Session: Class initialized using 'CodeIgniter\Session\Handlers\DatabaseHandler' driver.
WARNING - 2026-02-03 08:54:39 --> [DEPRECATED] Creation of dynamic property Config\Torrent::$imageDir is deprecated in APPPATH/Config/Torrent.php on line 114.
 1 SYSTEMPATH/Config/Factories.php(236): Config\Torrent->__construct()
 2 SYSTEMPATH/Config/Factories.php(170): CodeIgniter\Config\Factories::createInstance('config', 'Config\\Torrent', [])
 3 SYSTEMPATH/Config/Factories.php(189): CodeIgniter\Config\Factories::__callStatic('config', [])
 4 SYSTEMPATH/Common.php(208): CodeIgniter\Config\Factories::get('config', 'Torrent')
 5 APPPATH/Controllers/BaseController.php(131): config('Torrent')
 6 SYSTEMPATH/CodeIgniter.php(904): App\Controllers\BaseController->initController(Object(CodeIgniter\HTTP\IncomingRequest), Object(CodeIgniter\HTTP\Response), Object(CodeIgniter\Log\Logger))
 7 SYSTEMPATH/CodeIgniter.php(498): CodeIgniter\CodeIgniter->createController()
 8 SYSTEMPATH/CodeIgniter.php(354): CodeIgniter\CodeIgniter->handleRequest(null, Object(Config\Cache), false)
 9 SYSTEMPATH/Boot.php(363): CodeIgniter\CodeIgniter->run()
10 SYSTEMPATH/Boot.php(68): CodeIgniter\Boot::runCodeIgniter(Object(CodeIgniter\CodeIgniter))
11 FCPATH/index.php(59): CodeIgniter\Boot::bootWeb(Object(Config\Paths))
WARNING - 2026-02-03 08:54:39 --> [DEPRECATED] Creation of dynamic property Config\Torrent::$catImageDir is deprecated in APPPATH/Config/Torrent.php on line 115.
 1 SYSTEMPATH/Config/Factories.php(236): Config\Torrent->__construct()
 2 SYSTEMPATH/Config/Factories.php(170): CodeIgniter\Config\Factories::createInstance('config', 'Config\\Torrent', [])
 3 SYSTEMPATH/Config/Factories.php(189): CodeIgniter\Config\Factories::__callStatic('config', [])
 4 SYSTEMPATH/Common.php(208): CodeIgniter\Config\Factories::get('config', 'Torrent')
 5 APPPATH/Controllers/BaseController.php(131): config('Torrent')
 6 SYSTEMPATH/CodeIgniter.php(904): App\Controllers\BaseController->initController(Object(CodeIgniter\HTTP\IncomingRequest), Object(CodeIgniter\HTTP\Response), Object(CodeIgniter\Log\Logger))
 7 SYSTEMPATH/CodeIgniter.php(498): CodeIgniter\CodeIgniter->createController()
 8 SYSTEMPATH/CodeIgniter.php(354): CodeIgniter\CodeIgniter->handleRequest(null, Object(Config\Cache), false)
 9 SYSTEMPATH/Boot.php(363): CodeIgniter\CodeIgniter->run()
10 SYSTEMPATH/Boot.php(68): CodeIgniter\Boot::runCodeIgniter(Object(CodeIgniter\CodeIgniter))
11 FCPATH/index.php(59): CodeIgniter\Boot::bootWeb(Object(Config\Paths))
DEBUG - 2026-02-03 08:54:39 --> Session: Class initialized using 'CodeIgniter\Session\Handlers\DatabaseHandler' driver.
WARNING - 2026-02-03 08:54:39 --> [DEPRECATED] Creation of dynamic property Config\Torrent::$imageDir is deprecated in APPPATH/Config/Torrent.php on line 114.
 1 APPPATH/Helpers/avatar_helper.php(11): Config\Torrent->__construct()
 2 FCPATH/themes/front/widget/login.php(9): avatar('1.png', 200)
 3 FCPATH/themes/front/footer.php(4): include('/srv/http/torr.ws/public/themes/front/widget/login.php')
 4 SYSTEMPATH/View/View.php(226): include('/srv/http/torr.ws/public/themes/front/footer.php')
 5 SYSTEMPATH/View/View.php(229): CodeIgniter\View\View->{closure:CodeIgniter\View\View::render():223}()
 6 APPPATH/ThirdParty/templates/Themes.php(468): CodeIgniter\View\View->render('footer')
 7 APPPATH/Controllers/Home.php(51): Arifrh\Themes\Themes::render('home', [...])
 8 SYSTEMPATH/CodeIgniter.php(933): App\Controllers\Home->index()
 9 SYSTEMPATH/CodeIgniter.php(507): CodeIgniter\CodeIgniter->runController(Object(App\Controllers\Home))
10 SYSTEMPATH/CodeIgniter.php(354): CodeIgniter\CodeIgniter->handleRequest(null, Object(Config\Cache), false)
11 SYSTEMPATH/Boot.php(363): CodeIgniter\CodeIgniter->run()
12 SYSTEMPATH/Boot.php(68): CodeIgniter\Boot::runCodeIgniter(Object(CodeIgniter\CodeIgniter))
13 FCPATH/index.php(59): CodeIgniter\Boot::bootWeb(Object(Config\Paths))
WARNING - 2026-02-03 08:54:39 --> [DEPRECATED] Creation of dynamic property Config\Torrent::$catImageDir is deprecated in APPPATH/Config/Torrent.php on line 115.
 1 APPPATH/Helpers/avatar_helper.php(11): Config\Torrent->__construct()
 2 FCPATH/themes/front/widget/login.php(9): avatar('1.png', 200)
 3 FCPATH/themes/front/footer.php(4): include('/srv/http/torr.ws/public/themes/front/widget/login.php')
 4 SYSTEMPATH/View/View.php(226): include('/srv/http/torr.ws/public/themes/front/footer.php')
 5 SYSTEMPATH/View/View.php(229): CodeIgniter\View\View->{closure:CodeIgniter\View\View::render():223}()
 6 APPPATH/ThirdParty/templates/Themes.php(468): CodeIgniter\View\View->render('footer')
 7 APPPATH/Controllers/Home.php(51): Arifrh\Themes\Themes::render('home', [...])
 8 SYSTEMPATH/CodeIgniter.php(933): App\Controllers\Home->index()
 9 SYSTEMPATH/CodeIgniter.php(507): CodeIgniter\CodeIgniter->runController(Object(App\Controllers\Home))
10 SYSTEMPATH/CodeIgniter.php(354): CodeIgniter\CodeIgniter->handleRequest(null, Object(Config\Cache), false)
11 SYSTEMPATH/Boot.php(363): CodeIgniter\CodeIgniter->run()
12 SYSTEMPATH/Boot.php(68): CodeIgniter\Boot::runCodeIgniter(Object(CodeIgniter\CodeIgniter))
13 FCPATH/index.php(59): CodeIgniter\Boot::bootWeb(Object(Config\Paths))
WARNING - 2026-02-03 08:55:31 --> [DEPRECATED] Creation of dynamic property Config\Torrent::$imageDir is deprecated in APPPATH/Config/Torrent.php on line 114.
 1 SYSTEMPATH/Config/Factories.php(236): Config\Torrent->__construct()
 2 SYSTEMPATH/Config/Factories.php(170): CodeIgniter\Config\Factories::createInstance('config', 'Config\\Torrent', [])
 3 SYSTEMPATH/Config/Factories.php(189): CodeIgniter\Config\Factories::__callStatic('config', [])
 4 SYSTEMPATH/Common.php(208): CodeIgniter\Config\Factories::get('config', 'Torrent')
 5 APPPATH/Controllers/BaseController.php(131): config('Torrent')
 6 SYSTEMPATH/CodeIgniter.php(904): App\Controllers\BaseController->initController(Object(CodeIgniter\HTTP\IncomingRequest), Object(CodeIgniter\HTTP\Response), Object(CodeIgniter\Log\Logger))
 7 SYSTEMPATH/CodeIgniter.php(498): CodeIgniter\CodeIgniter->createController()
 8 SYSTEMPATH/CodeIgniter.php(354): CodeIgniter\CodeIgniter->handleRequest(null, Object(Config\Cache), false)
 9 SYSTEMPATH/Boot.php(363): CodeIgniter\CodeIgniter->run()
10 SYSTEMPATH/Boot.php(68): CodeIgniter\Boot::runCodeIgniter(Object(CodeIgniter\CodeIgniter))
11 FCPATH/index.php(59): CodeIgniter\Boot::bootWeb(Object(Config\Paths))
WARNING - 2026-02-03 08:55:31 --> [DEPRECATED] Creation of dynamic property Config\Torrent::$catImageDir is deprecated in APPPATH/Config/Torrent.php on line 115.
 1 SYSTEMPATH/Config/Factories.php(236): Config\Torrent->__construct()
 2 SYSTEMPATH/Config/Factories.php(170): CodeIgniter\Config\Factories::createInstance('config', 'Config\\Torrent', [])
 3 SYSTEMPATH/Config/Factories.php(189): CodeIgniter\Config\Factories::__callStatic('config', [])
 4 SYSTEMPATH/Common.php(208): CodeIgniter\Config\Factories::get('config', 'Torrent')
 5 APPPATH/Controllers/BaseController.php(131): config('Torrent')
 6 SYSTEMPATH/CodeIgniter.php(904): App\Controllers\BaseController->initController(Object(CodeIgniter\HTTP\IncomingRequest), Object(CodeIgniter\HTTP\Response), Object(CodeIgniter\Log\Logger))
 7 SYSTEMPATH/CodeIgniter.php(498): CodeIgniter\CodeIgniter->createController()
 8 SYSTEMPATH/CodeIgniter.php(354): CodeIgniter\CodeIgniter->handleRequest(null, Object(Config\Cache), false)
 9 SYSTEMPATH/Boot.php(363): CodeIgniter\CodeIgniter->run()
10 SYSTEMPATH/Boot.php(68): CodeIgniter\Boot::runCodeIgniter(Object(CodeIgniter\CodeIgniter))
11 FCPATH/index.php(59): CodeIgniter\Boot::bootWeb(Object(Config\Paths))
DEBUG - 2026-02-03 08:55:31 --> Session: Class initialized using 'CodeIgniter\Session\Handlers\DatabaseHandler' driver.
WARNING - 2026-02-03 08:55:31 --> [DEPRECATED] Creation of dynamic property Config\Torrent::$imageDir is deprecated in APPPATH/Config/Torrent.php on line 114.
 1 APPPATH/Helpers/avatar_helper.php(11): Config\Torrent->__construct()
 2 FCPATH/themes/front/widget/login.php(9): avatar('1.png', 200)
 3 FCPATH/themes/front/footer.php(4): include('/srv/http/torr.ws/public/themes/front/widget/login.php')
 4 SYSTEMPATH/View/View.php(226): include('/srv/http/torr.ws/public/themes/front/footer.php')
 5 SYSTEMPATH/View/View.php(229): CodeIgniter\View\View->{closure:CodeIgniter\View\View::render():223}()
 6 APPPATH/ThirdParty/templates/Themes.php(468): CodeIgniter\View\View->render('footer')
 7 APPPATH/Controllers/Home.php(51): Arifrh\Themes\Themes::render('home', [...])
 8 SYSTEMPATH/CodeIgniter.php(933): App\Controllers\Home->index()
 9 SYSTEMPATH/CodeIgniter.php(507): CodeIgniter\CodeIgniter->runController(Object(App\Controllers\Home))
10 SYSTEMPATH/CodeIgniter.php(354): CodeIgniter\CodeIgniter->handleRequest(null, Object(Config\Cache), false)
11 SYSTEMPATH/Boot.php(363): CodeIgniter\CodeIgniter->run()
12 SYSTEMPATH/Boot.php(68): CodeIgniter\Boot::runCodeIgniter(Object(CodeIgniter\CodeIgniter))
13 FCPATH/index.php(59): CodeIgniter\Boot::bootWeb(Object(Config\Paths))
WARNING - 2026-02-03 08:55:31 --> [DEPRECATED] Creation of dynamic property Config\Torrent::$catImageDir is deprecated in APPPATH/Config/Torrent.php on line 115.
 1 APPPATH/Helpers/avatar_helper.php(11): Config\Torrent->__construct()
 2 FCPATH/themes/front/widget/login.php(9): avatar('1.png', 200)
 3 FCPATH/themes/front/footer.php(4): include('/srv/http/torr.ws/public/themes/front/widget/login.php')
 4 SYSTEMPATH/View/View.php(226): include('/srv/http/torr.ws/public/themes/front/footer.php')
 5 SYSTEMPATH/View/View.php(229): CodeIgniter\View\View->{closure:CodeIgniter\View\View::render():223}()
 6 APPPATH/ThirdParty/templates/Themes.php(468): CodeIgniter\View\View->render('footer')
 7 APPPATH/Controllers/Home.php(51): Arifrh\Themes\Themes::render('home', [...])
 8 SYSTEMPATH/CodeIgniter.php(933): App\Controllers\Home->index()
 9 SYSTEMPATH/CodeIgniter.php(507): CodeIgniter\CodeIgniter->runController(Object(App\Controllers\Home))
10 SYSTEMPATH/CodeIgniter.php(354): CodeIgniter\CodeIgniter->handleRequest(null, Object(Config\Cache), false)
11 SYSTEMPATH/Boot.php(363): CodeIgniter\CodeIgniter->run()
12 SYSTEMPATH/Boot.php(68): CodeIgniter\Boot::runCodeIgniter(Object(CodeIgniter\CodeIgniter))
13 FCPATH/index.php(59): CodeIgniter\Boot::bootWeb(Object(Config\Paths))
WARNING - 2026-02-03 08:55:40 --> [DEPRECATED] Creation of dynamic property Config\Torrent::$imageDir is deprecated in APPPATH/Config/Torrent.php on line 114.
 1 SYSTEMPATH/Config/Factories.php(236): Config\Torrent->__construct()
 2 SYSTEMPATH/Config/Factories.php(170): CodeIgniter\Config\Factories::createInstance('config', 'Config\\Torrent', [])
 3 SYSTEMPATH/Config/Factories.php(189): CodeIgniter\Config\Factories::__callStatic('config', [])
 4 SYSTEMPATH/Common.php(208): CodeIgniter\Config\Factories::get('config', 'Torrent')
 5 APPPATH/Controllers/AdminController.php(105): config('Torrent')
 6 SYSTEMPATH/CodeIgniter.php(904): App\Controllers\AdminController->initController(Object(CodeIgniter\HTTP\IncomingRequest), Object(CodeIgniter\HTTP\Response), Object(CodeIgniter\Log\Logger))
 7 SYSTEMPATH/CodeIgniter.php(498): CodeIgniter\CodeIgniter->createController()
 8 SYSTEMPATH/CodeIgniter.php(354): CodeIgniter\CodeIgniter->handleRequest(null, Object(Config\Cache), false)
 9 SYSTEMPATH/Boot.php(363): CodeIgniter\CodeIgniter->run()
10 SYSTEMPATH/Boot.php(68): CodeIgniter\Boot::runCodeIgniter(Object(CodeIgniter\CodeIgniter))
11 FCPATH/index.php(59): CodeIgniter\Boot::bootWeb(Object(Config\Paths))
WARNING - 2026-02-03 08:55:40 --> [DEPRECATED] Creation of dynamic property Config\Torrent::$catImageDir is deprecated in APPPATH/Config/Torrent.php on line 115.
 1 SYSTEMPATH/Config/Factories.php(236): Config\Torrent->__construct()
 2 SYSTEMPATH/Config/Factories.php(170): CodeIgniter\Config\Factories::createInstance('config', 'Config\\Torrent', [])
 3 SYSTEMPATH/Config/Factories.php(189): CodeIgniter\Config\Factories::__callStatic('config', [])
 4 SYSTEMPATH/Common.php(208): CodeIgniter\Config\Factories::get('config', 'Torrent')
 5 APPPATH/Controllers/AdminController.php(105): config('Torrent')
 6 SYSTEMPATH/CodeIgniter.php(904): App\Controllers\AdminController->initController(Object(CodeIgniter\HTTP\IncomingRequest), Object(CodeIgniter\HTTP\Response), Object(CodeIgniter\Log\Logger))
 7 SYSTEMPATH/CodeIgniter.php(498): CodeIgniter\CodeIgniter->createController()
 8 SYSTEMPATH/CodeIgniter.php(354): CodeIgniter\CodeIgniter->handleRequest(null, Object(Config\Cache), false)
 9 SYSTEMPATH/Boot.php(363): CodeIgniter\CodeIgniter->run()
10 SYSTEMPATH/Boot.php(68): CodeIgniter\Boot::runCodeIgniter(Object(CodeIgniter\CodeIgniter))
11 FCPATH/index.php(59): CodeIgniter\Boot::bootWeb(Object(Config\Paths))
DEBUG - 2026-02-03 08:55:40 --> Session: Class initialized using 'CodeIgniter\Session\Handlers\DatabaseHandler' driver.
WARNING - 2026-02-03 08:55:40 --> [DEPRECATED] Creation of dynamic property App\Controllers\Admin\CategoryController::$Cat is deprecated in APPPATH/Controllers/Admin/CategoryController.php on line 83.
 1 SYSTEMPATH/CodeIgniter.php(933): App\Controllers\Admin\CategoryController->CatEditShow(3)
 2 SYSTEMPATH/CodeIgniter.php(507): CodeIgniter\CodeIgniter->runController(Object(App\Controllers\Admin\CategoryController))
 3 SYSTEMPATH/CodeIgniter.php(354): CodeIgniter\CodeIgniter->handleRequest(null, Object(Config\Cache), false)
 4 SYSTEMPATH/Boot.php(363): CodeIgniter\CodeIgniter->run()
 5 SYSTEMPATH/Boot.php(68): CodeIgniter\Boot::runCodeIgniter(Object(CodeIgniter\CodeIgniter))
 6 FCPATH/index.php(59): CodeIgniter\Boot::bootWeb(Object(Config\Paths))
WARNING - 2026-02-03 08:55:45 --> [DEPRECATED] Creation of dynamic property Config\Torrent::$imageDir is deprecated in APPPATH/Config/Torrent.php on line 114.
 1 SYSTEMPATH/Config/Factories.php(236): Config\Torrent->__construct()
 2 SYSTEMPATH/Config/Factories.php(170): CodeIgniter\Config\Factories::createInstance('config', 'Config\\Torrent', [])
 3 SYSTEMPATH/Config/Factories.php(189): CodeIgniter\Config\Factories::__callStatic('config', [])
 4 SYSTEMPATH/Common.php(208): CodeIgniter\Config\Factories::get('config', 'Torrent')
 5 APPPATH/Controllers/AdminController.php(105): config('Torrent')
 6 SYSTEMPATH/CodeIgniter.php(904): App\Controllers\AdminController->initController(Object(CodeIgniter\HTTP\IncomingRequest), Object(CodeIgniter\HTTP\Response), Object(CodeIgniter\Log\Logger))
 7 SYSTEMPATH/CodeIgniter.php(498): CodeIgniter\CodeIgniter->createController()
 8 SYSTEMPATH/CodeIgniter.php(354): CodeIgniter\CodeIgniter->handleRequest(null, Object(Config\Cache), false)
 9 SYSTEMPATH/Boot.php(363): CodeIgniter\CodeIgniter->run()
10 SYSTEMPATH/Boot.php(68): CodeIgniter\Boot::runCodeIgniter(Object(CodeIgniter\CodeIgniter))
11 FCPATH/index.php(59): CodeIgniter\Boot::bootWeb(Object(Config\Paths))
WARNING - 2026-02-03 08:55:45 --> [DEPRECATED] Creation of dynamic property Config\Torrent::$catImageDir is deprecated in APPPATH/Config/Torrent.php on line 115.
 1 SYSTEMPATH/Config/Factories.php(236): Config\Torrent->__construct()
 2 SYSTEMPATH/Config/Factories.php(170): CodeIgniter\Config\Factories::createInstance('config', 'Config\\Torrent', [])
 3 SYSTEMPATH/Config/Factories.php(189): CodeIgniter\Config\Factories::__callStatic('config', [])
 4 SYSTEMPATH/Common.php(208): CodeIgniter\Config\Factories::get('config', 'Torrent')
 5 APPPATH/Controllers/AdminController.php(105): config('Torrent')
 6 SYSTEMPATH/CodeIgniter.php(904): App\Controllers\AdminController->initController(Object(CodeIgniter\HTTP\IncomingRequest), Object(CodeIgniter\HTTP\Response), Object(CodeIgniter\Log\Logger))
 7 SYSTEMPATH/CodeIgniter.php(498): CodeIgniter\CodeIgniter->createController()
 8 SYSTEMPATH/CodeIgniter.php(354): CodeIgniter\CodeIgniter->handleRequest(null, Object(Config\Cache), false)
 9 SYSTEMPATH/Boot.php(363): CodeIgniter\CodeIgniter->run()
10 SYSTEMPATH/Boot.php(68): CodeIgniter\Boot::runCodeIgniter(Object(CodeIgniter\CodeIgniter))
11 FCPATH/index.php(59): CodeIgniter\Boot::bootWeb(Object(Config\Paths))
DEBUG - 2026-02-03 08:55:45 --> Session: Class initialized using 'CodeIgniter\Session\Handlers\DatabaseHandler' driver.
WARNING - 2026-02-03 08:55:45 --> [DEPRECATED] Creation of dynamic property App\Controllers\Admin\CategoryController::$oldCat is deprecated in APPPATH/Controllers/Admin/CategoryController.php on line 113.
 1 SYSTEMPATH/CodeIgniter.php(933): App\Controllers\Admin\CategoryController->CatEditAction(3)
 2 SYSTEMPATH/CodeIgniter.php(507): CodeIgniter\CodeIgniter->runController(Object(App\Controllers\Admin\CategoryController))
 3 SYSTEMPATH/CodeIgniter.php(354): CodeIgniter\CodeIgniter->handleRequest(null, Object(Config\Cache), false)
 4 SYSTEMPATH/Boot.php(363): CodeIgniter\CodeIgniter->run()
 5 SYSTEMPATH/Boot.php(68): CodeIgniter\Boot::runCodeIgniter(Object(CodeIgniter\CodeIgniter))
 6 FCPATH/index.php(59): CodeIgniter\Boot::bootWeb(Object(Config\Paths))
WARNING - 2026-02-03 08:55:45 --> [DEPRECATED] Creation of dynamic property App\Controllers\Admin\CategoryController::$catData is deprecated in APPPATH/Controllers/Admin/CategoryController.php on line 114.
 1 SYSTEMPATH/CodeIgniter.php(933): App\Controllers\Admin\CategoryController->CatEditAction(3)
 2 SYSTEMPATH/CodeIgniter.php(507): CodeIgniter\CodeIgniter->runController(Object(App\Controllers\Admin\CategoryController))
 3 SYSTEMPATH/CodeIgniter.php(354): CodeIgniter\CodeIgniter->handleRequest(null, Object(Config\Cache), false)
 4 SYSTEMPATH/Boot.php(363): CodeIgniter\CodeIgniter->run()
 5 SYSTEMPATH/Boot.php(68): CodeIgniter\Boot::runCodeIgniter(Object(CodeIgniter\CodeIgniter))
 6 FCPATH/index.php(59): CodeIgniter\Boot::bootWeb(Object(Config\Paths))
WARNING - 2026-02-03 08:55:45 --> [DEPRECATED] Creation of dynamic property App\Controllers\Admin\CategoryController::$newCatData is deprecated in APPPATH/Controllers/Admin/CategoryController.php on line 116.
 1 SYSTEMPATH/CodeIgniter.php(933): App\Controllers\Admin\CategoryController->CatEditAction(3)
 2 SYSTEMPATH/CodeIgniter.php(507): CodeIgniter\CodeIgniter->runController(Object(App\Controllers\Admin\CategoryController))
 3 SYSTEMPATH/CodeIgniter.php(354): CodeIgniter\CodeIgniter->handleRequest(null, Object(Config\Cache), false)
 4 SYSTEMPATH/Boot.php(363): CodeIgniter\CodeIgniter->run()
 5 SYSTEMPATH/Boot.php(68): CodeIgniter\Boot::runCodeIgniter(Object(CodeIgniter\CodeIgniter))
 6 FCPATH/index.php(59): CodeIgniter\Boot::bootWeb(Object(Config\Paths))
WARNING - 2026-02-03 08:55:45 --> [DEPRECATED] Creation of dynamic property Config\Torrent::$imageDir is deprecated in APPPATH/Config/Torrent.php on line 114.
 1 SYSTEMPATH/Config/Factories.php(236): Config\Torrent->__construct()
 2 SYSTEMPATH/Config/Factories.php(170): CodeIgniter\Config\Factories::createInstance('config', 'Config\\Torrent', [])
 3 SYSTEMPATH/Config/Factories.php(189): CodeIgniter\Config\Factories::__callStatic('config', [])
 4 SYSTEMPATH/Common.php(208): CodeIgniter\Config\Factories::get('config', 'Torrent')
 5 APPPATH/Controllers/AdminController.php(105): config('Torrent')
 6 SYSTEMPATH/CodeIgniter.php(904): App\Controllers\AdminController->initController(Object(CodeIgniter\HTTP\IncomingRequest), Object(CodeIgniter\HTTP\Response), Object(CodeIgniter\Log\Logger))
 7 SYSTEMPATH/CodeIgniter.php(498): CodeIgniter\CodeIgniter->createController()
 8 SYSTEMPATH/CodeIgniter.php(354): CodeIgniter\CodeIgniter->handleRequest(null, Object(Config\Cache), false)
 9 SYSTEMPATH/Boot.php(363): CodeIgniter\CodeIgniter->run()
10 SYSTEMPATH/Boot.php(68): CodeIgniter\Boot::runCodeIgniter(Object(CodeIgniter\CodeIgniter))
11 FCPATH/index.php(59): CodeIgniter\Boot::bootWeb(Object(Config\Paths))
WARNING - 2026-02-03 08:55:45 --> [DEPRECATED] Creation of dynamic property Config\Torrent::$catImageDir is deprecated in APPPATH/Config/Torrent.php on line 115.
 1 SYSTEMPATH/Config/Factories.php(236): Config\Torrent->__construct()
 2 SYSTEMPATH/Config/Factories.php(170): CodeIgniter\Config\Factories::createInstance('config', 'Config\\Torrent', [])
 3 SYSTEMPATH/Config/Factories.php(189): CodeIgniter\Config\Factories::__callStatic('config', [])
 4 SYSTEMPATH/Common.php(208): CodeIgniter\Config\Factories::get('config', 'Torrent')
 5 APPPATH/Controllers/AdminController.php(105): config('Torrent')
 6 SYSTEMPATH/CodeIgniter.php(904): App\Controllers\AdminController->initController(Object(CodeIgniter\HTTP\IncomingRequest), Object(CodeIgniter\HTTP\Response), Object(CodeIgniter\Log\Logger))
 7 SYSTEMPATH/CodeIgniter.php(498): CodeIgniter\CodeIgniter->createController()
 8 SYSTEMPATH/CodeIgniter.php(354): CodeIgniter\CodeIgniter->handleRequest(null, Object(Config\Cache), false)
 9 SYSTEMPATH/Boot.php(363): CodeIgniter\CodeIgniter->run()
10 SYSTEMPATH/Boot.php(68): CodeIgniter\Boot::runCodeIgniter(Object(CodeIgniter\CodeIgniter))
11 FCPATH/index.php(59): CodeIgniter\Boot::bootWeb(Object(Config\Paths))
DEBUG - 2026-02-03 08:55:45 --> Session: Class initialized using 'CodeIgniter\Session\Handlers\DatabaseHandler' driver.
WARNING - 2026-02-03 08:55:45 --> [DEPRECATED] Creation of dynamic property App\Controllers\Admin\CategoryController::$Cat is deprecated in APPPATH/Controllers/Admin/CategoryController.php on line 83.
 1 SYSTEMPATH/CodeIgniter.php(933): App\Controllers\Admin\CategoryController->CatEditShow(3)
 2 SYSTEMPATH/CodeIgniter.php(507): CodeIgniter\CodeIgniter->runController(Object(App\Controllers\Admin\CategoryController))
 3 SYSTEMPATH/CodeIgniter.php(354): CodeIgniter\CodeIgniter->handleRequest(null, Object(Config\Cache), false)
 4 SYSTEMPATH/Boot.php(363): CodeIgniter\CodeIgniter->run()
 5 SYSTEMPATH/Boot.php(68): CodeIgniter\Boot::runCodeIgniter(Object(CodeIgniter\CodeIgniter))
 6 FCPATH/index.php(59): CodeIgniter\Boot::bootWeb(Object(Config\Paths))
WARNING - 2026-02-03 08:55:49 --> [DEPRECATED] Creation of dynamic property Config\Torrent::$imageDir is deprecated in APPPATH/Config/Torrent.php on line 114.
 1 SYSTEMPATH/Config/Factories.php(236): Config\Torrent->__construct()
 2 SYSTEMPATH/Config/Factories.php(170): CodeIgniter\Config\Factories::createInstance('config', 'Config\\Torrent', [])
 3 SYSTEMPATH/Config/Factories.php(189): CodeIgniter\Config\Factories::__callStatic('config', [])
 4 SYSTEMPATH/Common.php(208): CodeIgniter\Config\Factories::get('config', 'Torrent')
 5 APPPATH/Controllers/AdminController.php(105): config('Torrent')
 6 SYSTEMPATH/CodeIgniter.php(904): App\Controllers\AdminController->initController(Object(CodeIgniter\HTTP\IncomingRequest), Object(CodeIgniter\HTTP\Response), Object(CodeIgniter\Log\Logger))
 7 SYSTEMPATH/CodeIgniter.php(498): CodeIgniter\CodeIgniter->createController()
 8 SYSTEMPATH/CodeIgniter.php(354): CodeIgniter\CodeIgniter->handleRequest(null, Object(Config\Cache), false)
 9 SYSTEMPATH/Boot.php(363): CodeIgniter\CodeIgniter->run()
10 SYSTEMPATH/Boot.php(68): CodeIgniter\Boot::runCodeIgniter(Object(CodeIgniter\CodeIgniter))
11 FCPATH/index.php(59): CodeIgniter\Boot::bootWeb(Object(Config\Paths))
WARNING - 2026-02-03 08:55:49 --> [DEPRECATED] Creation of dynamic property Config\Torrent::$catImageDir is deprecated in APPPATH/Config/Torrent.php on line 115.
 1 SYSTEMPATH/Config/Factories.php(236): Config\Torrent->__construct()
 2 SYSTEMPATH/Config/Factories.php(170): CodeIgniter\Config\Factories::createInstance('config', 'Config\\Torrent', [])
 3 SYSTEMPATH/Config/Factories.php(189): CodeIgniter\Config\Factories::__callStatic('config', [])
 4 SYSTEMPATH/Common.php(208): CodeIgniter\Config\Factories::get('config', 'Torrent')
 5 APPPATH/Controllers/AdminController.php(105): config('Torrent')
 6 SYSTEMPATH/CodeIgniter.php(904): App\Controllers\AdminController->initController(Object(CodeIgniter\HTTP\IncomingRequest), Object(CodeIgniter\HTTP\Response), Object(CodeIgniter\Log\Logger))
 7 SYSTEMPATH/CodeIgniter.php(498): CodeIgniter\CodeIgniter->createController()
 8 SYSTEMPATH/CodeIgniter.php(354): CodeIgniter\CodeIgniter->handleRequest(null, Object(Config\Cache), false)
 9 SYSTEMPATH/Boot.php(363): CodeIgniter\CodeIgniter->run()
10 SYSTEMPATH/Boot.php(68): CodeIgniter\Boot::runCodeIgniter(Object(CodeIgniter\CodeIgniter))
11 FCPATH/index.php(59): CodeIgniter\Boot::bootWeb(Object(Config\Paths))
DEBUG - 2026-02-03 08:55:49 --> Session: Class initialized using 'CodeIgniter\Session\Handlers\DatabaseHandler' driver.
WARNING - 2026-02-03 08:55:52 --> [DEPRECATED] Creation of dynamic property Config\Torrent::$imageDir is deprecated in APPPATH/Config/Torrent.php on line 114.
 1 SYSTEMPATH/Config/Factories.php(236): Config\Torrent->__construct()
 2 SYSTEMPATH/Config/Factories.php(170): CodeIgniter\Config\Factories::createInstance('config', 'Config\\Torrent', [])
 3 SYSTEMPATH/Config/Factories.php(189): CodeIgniter\Config\Factories::__callStatic('config', [])
 4 SYSTEMPATH/Common.php(208): CodeIgniter\Config\Factories::get('config', 'Torrent')
 5 APPPATH/Controllers/AdminController.php(105): config('Torrent')
 6 SYSTEMPATH/CodeIgniter.php(904): App\Controllers\AdminController->initController(Object(CodeIgniter\HTTP\IncomingRequest), Object(CodeIgniter\HTTP\Response), Object(CodeIgniter\Log\Logger))
 7 SYSTEMPATH/CodeIgniter.php(498): CodeIgniter\CodeIgniter->createController()
 8 SYSTEMPATH/CodeIgniter.php(354): CodeIgniter\CodeIgniter->handleRequest(null, Object(Config\Cache), false)
 9 SYSTEMPATH/Boot.php(363): CodeIgniter\CodeIgniter->run()
10 SYSTEMPATH/Boot.php(68): CodeIgniter\Boot::runCodeIgniter(Object(CodeIgniter\CodeIgniter))
11 FCPATH/index.php(59): CodeIgniter\Boot::bootWeb(Object(Config\Paths))
WARNING - 2026-02-03 08:55:52 --> [DEPRECATED] Creation of dynamic property Config\Torrent::$catImageDir is deprecated in APPPATH/Config/Torrent.php on line 115.
 1 SYSTEMPATH/Config/Factories.php(236): Config\Torrent->__construct()
 2 SYSTEMPATH/Config/Factories.php(170): CodeIgniter\Config\Factories::createInstance('config', 'Config\\Torrent', [])
 3 SYSTEMPATH/Config/Factories.php(189): CodeIgniter\Config\Factories::__callStatic('config', [])
 4 SYSTEMPATH/Common.php(208): CodeIgniter\Config\Factories::get('config', 'Torrent')
 5 APPPATH/Controllers/AdminController.php(105): config('Torrent')
 6 SYSTEMPATH/CodeIgniter.php(904): App\Controllers\AdminController->initController(Object(CodeIgniter\HTTP\IncomingRequest), Object(CodeIgniter\HTTP\Response), Object(CodeIgniter\Log\Logger))
 7 SYSTEMPATH/CodeIgniter.php(498): CodeIgniter\CodeIgniter->createController()
 8 SYSTEMPATH/CodeIgniter.php(354): CodeIgniter\CodeIgniter->handleRequest(null, Object(Config\Cache), false)
 9 SYSTEMPATH/Boot.php(363): CodeIgniter\CodeIgniter->run()
10 SYSTEMPATH/Boot.php(68): CodeIgniter\Boot::runCodeIgniter(Object(CodeIgniter\CodeIgniter))
11 FCPATH/index.php(59): CodeIgniter\Boot::bootWeb(Object(Config\Paths))
DEBUG - 2026-02-03 08:55:52 --> Session: Class initialized using 'CodeIgniter\Session\Handlers\DatabaseHandler' driver.
WARNING - 2026-02-03 08:55:52 --> [DEPRECATED] Creation of dynamic property App\Controllers\Admin\CategoryController::$Cat is deprecated in APPPATH/Controllers/Admin/CategoryController.php on line 83.
 1 SYSTEMPATH/CodeIgniter.php(933): App\Controllers\Admin\CategoryController->CatEditShow(4)
 2 SYSTEMPATH/CodeIgniter.php(507): CodeIgniter\CodeIgniter->runController(Object(App\Controllers\Admin\CategoryController))
 3 SYSTEMPATH/CodeIgniter.php(354): CodeIgniter\CodeIgniter->handleRequest(null, Object(Config\Cache), false)
 4 SYSTEMPATH/Boot.php(363): CodeIgniter\CodeIgniter->run()
 5 SYSTEMPATH/Boot.php(68): CodeIgniter\Boot::runCodeIgniter(Object(CodeIgniter\CodeIgniter))
 6 FCPATH/index.php(59): CodeIgniter\Boot::bootWeb(Object(Config\Paths))
WARNING - 2026-02-03 08:55:54 --> [DEPRECATED] Creation of dynamic property Config\Torrent::$imageDir is deprecated in APPPATH/Config/Torrent.php on line 114.
 1 SYSTEMPATH/Config/Factories.php(236): Config\Torrent->__construct()
 2 SYSTEMPATH/Config/Factories.php(170): CodeIgniter\Config\Factories::createInstance('config', 'Config\\Torrent', [])
 3 SYSTEMPATH/Config/Factories.php(189): CodeIgniter\Config\Factories::__callStatic('config', [])
 4 SYSTEMPATH/Common.php(208): CodeIgniter\Config\Factories::get('config', 'Torrent')
 5 APPPATH/Controllers/AdminController.php(105): config('Torrent')
 6 SYSTEMPATH/CodeIgniter.php(904): App\Controllers\AdminController->initController(Object(CodeIgniter\HTTP\IncomingRequest), Object(CodeIgniter\HTTP\Response), Object(CodeIgniter\Log\Logger))
 7 SYSTEMPATH/CodeIgniter.php(498): CodeIgniter\CodeIgniter->createController()
 8 SYSTEMPATH/CodeIgniter.php(354): CodeIgniter\CodeIgniter->handleRequest(null, Object(Config\Cache), false)
 9 SYSTEMPATH/Boot.php(363): CodeIgniter\CodeIgniter->run()
10 SYSTEMPATH/Boot.php(68): CodeIgniter\Boot::runCodeIgniter(Object(CodeIgniter\CodeIgniter))
11 FCPATH/index.php(59): CodeIgniter\Boot::bootWeb(Object(Config\Paths))
WARNING - 2026-02-03 08:55:54 --> [DEPRECATED] Creation of dynamic property Config\Torrent::$catImageDir is deprecated in APPPATH/Config/Torrent.php on line 115.
 1 SYSTEMPATH/Config/Factories.php(236): Config\Torrent->__construct()
 2 SYSTEMPATH/Config/Factories.php(170): CodeIgniter\Config\Factories::createInstance('config', 'Config\\Torrent', [])
 3 SYSTEMPATH/Config/Factories.php(189): CodeIgniter\Config\Factories::__callStatic('config', [])
 4 SYSTEMPATH/Common.php(208): CodeIgniter\Config\Factories::get('config', 'Torrent')
 5 APPPATH/Controllers/AdminController.php(105): config('Torrent')
 6 SYSTEMPATH/CodeIgniter.php(904): App\Controllers\AdminController->initController(Object(CodeIgniter\HTTP\IncomingRequest), Object(CodeIgniter\HTTP\Response), Object(CodeIgniter\Log\Logger))
 7 SYSTEMPATH/CodeIgniter.php(498): CodeIgniter\CodeIgniter->createController()
 8 SYSTEMPATH/CodeIgniter.php(354): CodeIgniter\CodeIgniter->handleRequest(null, Object(Config\Cache), false)
 9 SYSTEMPATH/Boot.php(363): CodeIgniter\CodeIgniter->run()
10 SYSTEMPATH/Boot.php(68): CodeIgniter\Boot::runCodeIgniter(Object(CodeIgniter\CodeIgniter))
11 FCPATH/index.php(59): CodeIgniter\Boot::bootWeb(Object(Config\Paths))
DEBUG - 2026-02-03 08:55:55 --> Session: Class initialized using 'CodeIgniter\Session\Handlers\DatabaseHandler' driver.
WARNING - 2026-02-03 08:55:55 --> [DEPRECATED] Creation of dynamic property App\Controllers\Admin\CategoryController::$oldCat is deprecated in APPPATH/Controllers/Admin/CategoryController.php on line 113.
 1 SYSTEMPATH/CodeIgniter.php(933): App\Controllers\Admin\CategoryController->CatEditAction(4)
 2 SYSTEMPATH/CodeIgniter.php(507): CodeIgniter\CodeIgniter->runController(Object(App\Controllers\Admin\CategoryController))
 3 SYSTEMPATH/CodeIgniter.php(354): CodeIgniter\CodeIgniter->handleRequest(null, Object(Config\Cache), false)
 4 SYSTEMPATH/Boot.php(363): CodeIgniter\CodeIgniter->run()
 5 SYSTEMPATH/Boot.php(68): CodeIgniter\Boot::runCodeIgniter(Object(CodeIgniter\CodeIgniter))
 6 FCPATH/index.php(59): CodeIgniter\Boot::bootWeb(Object(Config\Paths))
WARNING - 2026-02-03 08:55:55 --> [DEPRECATED] Creation of dynamic property App\Controllers\Admin\CategoryController::$catData is deprecated in APPPATH/Controllers/Admin/CategoryController.php on line 114.
 1 SYSTEMPATH/CodeIgniter.php(933): App\Controllers\Admin\CategoryController->CatEditAction(4)
 2 SYSTEMPATH/CodeIgniter.php(507): CodeIgniter\CodeIgniter->runController(Object(App\Controllers\Admin\CategoryController))
 3 SYSTEMPATH/CodeIgniter.php(354): CodeIgniter\CodeIgniter->handleRequest(null, Object(Config\Cache), false)
 4 SYSTEMPATH/Boot.php(363): CodeIgniter\CodeIgniter->run()
 5 SYSTEMPATH/Boot.php(68): CodeIgniter\Boot::runCodeIgniter(Object(CodeIgniter\CodeIgniter))
 6 FCPATH/index.php(59): CodeIgniter\Boot::bootWeb(Object(Config\Paths))
WARNING - 2026-02-03 08:55:55 --> [DEPRECATED] Creation of dynamic property App\Controllers\Admin\CategoryController::$newCatData is deprecated in APPPATH/Controllers/Admin/CategoryController.php on line 116.
 1 SYSTEMPATH/CodeIgniter.php(933): App\Controllers\Admin\CategoryController->CatEditAction(4)
 2 SYSTEMPATH/CodeIgniter.php(507): CodeIgniter\CodeIgniter->runController(Object(App\Controllers\Admin\CategoryController))
 3 SYSTEMPATH/CodeIgniter.php(354): CodeIgniter\CodeIgniter->handleRequest(null, Object(Config\Cache), false)
 4 SYSTEMPATH/Boot.php(363): CodeIgniter\CodeIgniter->run()
 5 SYSTEMPATH/Boot.php(68): CodeIgniter\Boot::runCodeIgniter(Object(CodeIgniter\CodeIgniter))
 6 FCPATH/index.php(59): CodeIgniter\Boot::bootWeb(Object(Config\Paths))
WARNING - 2026-02-03 08:55:55 --> [DEPRECATED] Creation of dynamic property Config\Torrent::$imageDir is deprecated in APPPATH/Config/Torrent.php on line 114.
 1 SYSTEMPATH/Config/Factories.php(236): Config\Torrent->__construct()
 2 SYSTEMPATH/Config/Factories.php(170): CodeIgniter\Config\Factories::createInstance('config', 'Config\\Torrent', [])
 3 SYSTEMPATH/Config/Factories.php(189): CodeIgniter\Config\Factories::__callStatic('config', [])
 4 SYSTEMPATH/Common.php(208): CodeIgniter\Config\Factories::get('config', 'Torrent')
 5 APPPATH/Controllers/AdminController.php(105): config('Torrent')
 6 SYSTEMPATH/CodeIgniter.php(904): App\Controllers\AdminController->initController(Object(CodeIgniter\HTTP\IncomingRequest), Object(CodeIgniter\HTTP\Response), Object(CodeIgniter\Log\Logger))
 7 SYSTEMPATH/CodeIgniter.php(498): CodeIgniter\CodeIgniter->createController()
 8 SYSTEMPATH/CodeIgniter.php(354): CodeIgniter\CodeIgniter->handleRequest(null, Object(Config\Cache), false)
 9 SYSTEMPATH/Boot.php(363): CodeIgniter\CodeIgniter->run()
10 SYSTEMPATH/Boot.php(68): CodeIgniter\Boot::runCodeIgniter(Object(CodeIgniter\CodeIgniter))
11 FCPATH/index.php(59): CodeIgniter\Boot::bootWeb(Object(Config\Paths))
WARNING - 2026-02-03 08:55:55 --> [DEPRECATED] Creation of dynamic property Config\Torrent::$catImageDir is deprecated in APPPATH/Config/Torrent.php on line 115.
 1 SYSTEMPATH/Config/Factories.php(236): Config\Torrent->__construct()
 2 SYSTEMPATH/Config/Factories.php(170): CodeIgniter\Config\Factories::createInstance('config', 'Config\\Torrent', [])
 3 SYSTEMPATH/Config/Factories.php(189): CodeIgniter\Config\Factories::__callStatic('config', [])
 4 SYSTEMPATH/Common.php(208): CodeIgniter\Config\Factories::get('config', 'Torrent')
 5 APPPATH/Controllers/AdminController.php(105): config('Torrent')
 6 SYSTEMPATH/CodeIgniter.php(904): App\Controllers\AdminController->initController(Object(CodeIgniter\HTTP\IncomingRequest), Object(CodeIgniter\HTTP\Response), Object(CodeIgniter\Log\Logger))
 7 SYSTEMPATH/CodeIgniter.php(498): CodeIgniter\CodeIgniter->createController()
 8 SYSTEMPATH/CodeIgniter.php(354): CodeIgniter\CodeIgniter->handleRequest(null, Object(Config\Cache), false)
 9 SYSTEMPATH/Boot.php(363): CodeIgniter\CodeIgniter->run()
10 SYSTEMPATH/Boot.php(68): CodeIgniter\Boot::runCodeIgniter(Object(CodeIgniter\CodeIgniter))
11 FCPATH/index.php(59): CodeIgniter\Boot::bootWeb(Object(Config\Paths))
DEBUG - 2026-02-03 08:55:55 --> Session: Class initialized using 'CodeIgniter\Session\Handlers\DatabaseHandler' driver.
WARNING - 2026-02-03 08:55:55 --> [DEPRECATED] Creation of dynamic property App\Controllers\Admin\CategoryController::$Cat is deprecated in APPPATH/Controllers/Admin/CategoryController.php on line 83.
 1 SYSTEMPATH/CodeIgniter.php(933): App\Controllers\Admin\CategoryController->CatEditShow(4)
 2 SYSTEMPATH/CodeIgniter.php(507): CodeIgniter\CodeIgniter->runController(Object(App\Controllers\Admin\CategoryController))
 3 SYSTEMPATH/CodeIgniter.php(354): CodeIgniter\CodeIgniter->handleRequest(null, Object(Config\Cache), false)
 4 SYSTEMPATH/Boot.php(363): CodeIgniter\CodeIgniter->run()
 5 SYSTEMPATH/Boot.php(68): CodeIgniter\Boot::runCodeIgniter(Object(CodeIgniter\CodeIgniter))
 6 FCPATH/index.php(59): CodeIgniter\Boot::bootWeb(Object(Config\Paths))
WARNING - 2026-02-03 08:55:57 --> [DEPRECATED] Creation of dynamic property Config\Torrent::$imageDir is deprecated in APPPATH/Config/Torrent.php on line 114.
 1 SYSTEMPATH/Config/Factories.php(236): Config\Torrent->__construct()
 2 SYSTEMPATH/Config/Factories.php(170): CodeIgniter\Config\Factories::createInstance('config', 'Config\\Torrent', [])
 3 SYSTEMPATH/Config/Factories.php(189): CodeIgniter\Config\Factories::__callStatic('config', [])
 4 SYSTEMPATH/Common.php(208): CodeIgniter\Config\Factories::get('config', 'Torrent')
 5 APPPATH/Controllers/BaseController.php(131): config('Torrent')
 6 SYSTEMPATH/CodeIgniter.php(904): App\Controllers\BaseController->initController(Object(CodeIgniter\HTTP\IncomingRequest), Object(CodeIgniter\HTTP\Response), Object(CodeIgniter\Log\Logger))
 7 SYSTEMPATH/CodeIgniter.php(498): CodeIgniter\CodeIgniter->createController()
 8 SYSTEMPATH/CodeIgniter.php(354): CodeIgniter\CodeIgniter->handleRequest(null, Object(Config\Cache), false)
 9 SYSTEMPATH/Boot.php(363): CodeIgniter\CodeIgniter->run()
10 SYSTEMPATH/Boot.php(68): CodeIgniter\Boot::runCodeIgniter(Object(CodeIgniter\CodeIgniter))
11 FCPATH/index.php(59): CodeIgniter\Boot::bootWeb(Object(Config\Paths))
WARNING - 2026-02-03 08:55:57 --> [DEPRECATED] Creation of dynamic property Config\Torrent::$catImageDir is deprecated in APPPATH/Config/Torrent.php on line 115.
 1 SYSTEMPATH/Config/Factories.php(236): Config\Torrent->__construct()
 2 SYSTEMPATH/Config/Factories.php(170): CodeIgniter\Config\Factories::createInstance('config', 'Config\\Torrent', [])
 3 SYSTEMPATH/Config/Factories.php(189): CodeIgniter\Config\Factories::__callStatic('config', [])
 4 SYSTEMPATH/Common.php(208): CodeIgniter\Config\Factories::get('config', 'Torrent')
 5 APPPATH/Controllers/BaseController.php(131): config('Torrent')
 6 SYSTEMPATH/CodeIgniter.php(904): App\Controllers\BaseController->initController(Object(CodeIgniter\HTTP\IncomingRequest), Object(CodeIgniter\HTTP\Response), Object(CodeIgniter\Log\Logger))
 7 SYSTEMPATH/CodeIgniter.php(498): CodeIgniter\CodeIgniter->createController()
 8 SYSTEMPATH/CodeIgniter.php(354): CodeIgniter\CodeIgniter->handleRequest(null, Object(Config\Cache), false)
 9 SYSTEMPATH/Boot.php(363): CodeIgniter\CodeIgniter->run()
10 SYSTEMPATH/Boot.php(68): CodeIgniter\Boot::runCodeIgniter(Object(CodeIgniter\CodeIgniter))
11 FCPATH/index.php(59): CodeIgniter\Boot::bootWeb(Object(Config\Paths))
DEBUG - 2026-02-03 08:55:57 --> Session: Class initialized using 'CodeIgniter\Session\Handlers\DatabaseHandler' driver.
WARNING - 2026-02-03 08:55:57 --> [DEPRECATED] Creation of dynamic property Config\Torrent::$imageDir is deprecated in APPPATH/Config/Torrent.php on line 114.
 1 APPPATH/Helpers/avatar_helper.php(11): Config\Torrent->__construct()
 2 FCPATH/themes/front/widget/login.php(9): avatar('1.png', 200)
 3 FCPATH/themes/front/footer.php(4): include('/srv/http/torr.ws/public/themes/front/widget/login.php')
 4 SYSTEMPATH/View/View.php(226): include('/srv/http/torr.ws/public/themes/front/footer.php')
 5 SYSTEMPATH/View/View.php(229): CodeIgniter\View\View->{closure:CodeIgniter\View\View::render():223}()
 6 APPPATH/ThirdParty/templates/Themes.php(468): CodeIgniter\View\View->render('footer')
 7 APPPATH/Controllers/Home.php(51): Arifrh\Themes\Themes::render('home', [...])
 8 SYSTEMPATH/CodeIgniter.php(933): App\Controllers\Home->index()
 9 SYSTEMPATH/CodeIgniter.php(507): CodeIgniter\CodeIgniter->runController(Object(App\Controllers\Home))
10 SYSTEMPATH/CodeIgniter.php(354): CodeIgniter\CodeIgniter->handleRequest(null, Object(Config\Cache), false)
11 SYSTEMPATH/Boot.php(363): CodeIgniter\CodeIgniter->run()
12 SYSTEMPATH/Boot.php(68): CodeIgniter\Boot::runCodeIgniter(Object(CodeIgniter\CodeIgniter))
13 FCPATH/index.php(59): CodeIgniter\Boot::bootWeb(Object(Config\Paths))
WARNING - 2026-02-03 08:55:57 --> [DEPRECATED] Creation of dynamic property Config\Torrent::$catImageDir is deprecated in APPPATH/Config/Torrent.php on line 115.
 1 APPPATH/Helpers/avatar_helper.php(11): Config\Torrent->__construct()
 2 FCPATH/themes/front/widget/login.php(9): avatar('1.png', 200)
 3 FCPATH/themes/front/footer.php(4): include('/srv/http/torr.ws/public/themes/front/widget/login.php')
 4 SYSTEMPATH/View/View.php(226): include('/srv/http/torr.ws/public/themes/front/footer.php')
 5 SYSTEMPATH/View/View.php(229): CodeIgniter\View\View->{closure:CodeIgniter\View\View::render():223}()
 6 APPPATH/ThirdParty/templates/Themes.php(468): CodeIgniter\View\View->render('footer')
 7 APPPATH/Controllers/Home.php(51): Arifrh\Themes\Themes::render('home', [...])
 8 SYSTEMPATH/CodeIgniter.php(933): App\Controllers\Home->index()
 9 SYSTEMPATH/CodeIgniter.php(507): CodeIgniter\CodeIgniter->runController(Object(App\Controllers\Home))
10 SYSTEMPATH/CodeIgniter.php(354): CodeIgniter\CodeIgniter->handleRequest(null, Object(Config\Cache), false)
11 SYSTEMPATH/Boot.php(363): CodeIgniter\CodeIgniter->run()
12 SYSTEMPATH/Boot.php(68): CodeIgniter\Boot::runCodeIgniter(Object(CodeIgniter\CodeIgniter))
13 FCPATH/index.php(59): CodeIgniter\Boot::bootWeb(Object(Config\Paths))
WARNING - 2026-02-03 15:45:47 --> [DEPRECATED] Creation of dynamic property Config\Torrent::$imageDir is deprecated in APPPATH/Config/Torrent.php on line 114.
 1 SYSTEMPATH/Config/Factories.php(236): Config\Torrent->__construct()
 2 SYSTEMPATH/Config/Factories.php(170): CodeIgniter\Config\Factories::createInstance('config', 'Config\\Torrent', [])
 3 SYSTEMPATH/Config/Factories.php(189): CodeIgniter\Config\Factories::__callStatic('config', [])
 4 SYSTEMPATH/Common.php(208): CodeIgniter\Config\Factories::get('config', 'Torrent')
 5 APPPATH/Controllers/BaseController.php(131): config('Torrent')
 6 SYSTEMPATH/CodeIgniter.php(904): App\Controllers\BaseController->initController(Object(CodeIgniter\HTTP\IncomingRequest), Object(CodeIgniter\HTTP\Response), Object(CodeIgniter\Log\Logger))
 7 SYSTEMPATH/CodeIgniter.php(498): CodeIgniter\CodeIgniter->createController()
 8 SYSTEMPATH/CodeIgniter.php(354): CodeIgniter\CodeIgniter->handleRequest(null, Object(Config\Cache), false)
 9 SYSTEMPATH/Boot.php(363): CodeIgniter\CodeIgniter->run()
10 SYSTEMPATH/Boot.php(68): CodeIgniter\Boot::runCodeIgniter(Object(CodeIgniter\CodeIgniter))
11 FCPATH/index.php(59): CodeIgniter\Boot::bootWeb(Object(Config\Paths))
WARNING - 2026-02-03 15:45:47 --> [DEPRECATED] Creation of dynamic property Config\Torrent::$catImageDir is deprecated in APPPATH/Config/Torrent.php on line 115.
 1 SYSTEMPATH/Config/Factories.php(236): Config\Torrent->__construct()
 2 SYSTEMPATH/Config/Factories.php(170): CodeIgniter\Config\Factories::createInstance('config', 'Config\\Torrent', [])
 3 SYSTEMPATH/Config/Factories.php(189): CodeIgniter\Config\Factories::__callStatic('config', [])
 4 SYSTEMPATH/Common.php(208): CodeIgniter\Config\Factories::get('config', 'Torrent')
 5 APPPATH/Controllers/BaseController.php(131): config('Torrent')
 6 SYSTEMPATH/CodeIgniter.php(904): App\Controllers\BaseController->initController(Object(CodeIgniter\HTTP\IncomingRequest), Object(CodeIgniter\HTTP\Response), Object(CodeIgniter\Log\Logger))
 7 SYSTEMPATH/CodeIgniter.php(498): CodeIgniter\CodeIgniter->createController()
 8 SYSTEMPATH/CodeIgniter.php(354): CodeIgniter\CodeIgniter->handleRequest(null, Object(Config\Cache), false)
 9 SYSTEMPATH/Boot.php(363): CodeIgniter\CodeIgniter->run()
10 SYSTEMPATH/Boot.php(68): CodeIgniter\Boot::runCodeIgniter(Object(CodeIgniter\CodeIgniter))
11 FCPATH/index.php(59): CodeIgniter\Boot::bootWeb(Object(Config\Paths))
DEBUG - 2026-02-03 15:45:47 --> Session: Class initialized using 'CodeIgniter\Session\Handlers\DatabaseHandler' driver.
WARNING - 2026-02-03 15:45:47 --> [DEPRECATED] Creation of dynamic property Config\Torrent::$imageDir is deprecated in APPPATH/Config/Torrent.php on line 114.
 1 APPPATH/Helpers/avatar_helper.php(11): Config\Torrent->__construct()
 2 FCPATH/themes/front/widget/login.php(9): avatar('1.png', 200)
 3 FCPATH/themes/front/footer.php(4): include('/srv/http/torr.ws/public/themes/front/widget/login.php')
 4 SYSTEMPATH/View/View.php(226): include('/srv/http/torr.ws/public/themes/front/footer.php')
 5 SYSTEMPATH/View/View.php(229): CodeIgniter\View\View->{closure:CodeIgniter\View\View::render():223}()
 6 APPPATH/ThirdParty/templates/Themes.php(468): CodeIgniter\View\View->render('footer')
 7 APPPATH/Controllers/Home.php(51): Arifrh\Themes\Themes::render('home', [...])
 8 SYSTEMPATH/CodeIgniter.php(933): App\Controllers\Home->index()
 9 SYSTEMPATH/CodeIgniter.php(507): CodeIgniter\CodeIgniter->runController(Object(App\Controllers\Home))
10 SYSTEMPATH/CodeIgniter.php(354): CodeIgniter\CodeIgniter->handleRequest(null, Object(Config\Cache), false)
11 SYSTEMPATH/Boot.php(363): CodeIgniter\CodeIgniter->run()
12 SYSTEMPATH/Boot.php(68): CodeIgniter\Boot::runCodeIgniter(Object(CodeIgniter\CodeIgniter))
13 FCPATH/index.php(59): CodeIgniter\Boot::bootWeb(Object(Config\Paths))
WARNING - 2026-02-03 15:45:47 --> [DEPRECATED] Creation of dynamic property Config\Torrent::$catImageDir is deprecated in APPPATH/Config/Torrent.php on line 115.
 1 APPPATH/Helpers/avatar_helper.php(11): Config\Torrent->__construct()
 2 FCPATH/themes/front/widget/login.php(9): avatar('1.png', 200)
 3 FCPATH/themes/front/footer.php(4): include('/srv/http/torr.ws/public/themes/front/widget/login.php')
 4 SYSTEMPATH/View/View.php(226): include('/srv/http/torr.ws/public/themes/front/footer.php')
 5 SYSTEMPATH/View/View.php(229): CodeIgniter\View\View->{closure:CodeIgniter\View\View::render():223}()
 6 APPPATH/ThirdParty/templates/Themes.php(468): CodeIgniter\View\View->render('footer')
 7 APPPATH/Controllers/Home.php(51): Arifrh\Themes\Themes::render('home', [...])
 8 SYSTEMPATH/CodeIgniter.php(933): App\Controllers\Home->index()
 9 SYSTEMPATH/CodeIgniter.php(507): CodeIgniter\CodeIgniter->runController(Object(App\Controllers\Home))
10 SYSTEMPATH/CodeIgniter.php(354): CodeIgniter\CodeIgniter->handleRequest(null, Object(Config\Cache), false)
11 SYSTEMPATH/Boot.php(363): CodeIgniter\CodeIgniter->run()
12 SYSTEMPATH/Boot.php(68): CodeIgniter\Boot::runCodeIgniter(Object(CodeIgniter\CodeIgniter))
13 FCPATH/index.php(59): CodeIgniter\Boot::bootWeb(Object(Config\Paths))
WARNING - 2026-02-03 15:46:04 --> [DEPRECATED] Creation of dynamic property Config\Torrent::$imageDir is deprecated in APPPATH/Config/Torrent.php on line 114.
 1 SYSTEMPATH/Config/Factories.php(236): Config\Torrent->__construct()
 2 SYSTEMPATH/Config/Factories.php(170): CodeIgniter\Config\Factories::createInstance('config', 'Config\\Torrent', [])
 3 SYSTEMPATH/Config/Factories.php(189): CodeIgniter\Config\Factories::__callStatic('config', [])
 4 SYSTEMPATH/Common.php(208): CodeIgniter\Config\Factories::get('config', 'Torrent')
 5 APPPATH/Controllers/BaseController.php(131): config('Torrent')
 6 SYSTEMPATH/CodeIgniter.php(904): App\Controllers\BaseController->initController(Object(CodeIgniter\HTTP\IncomingRequest), Object(CodeIgniter\HTTP\Response), Object(CodeIgniter\Log\Logger))
 7 SYSTEMPATH/CodeIgniter.php(498): CodeIgniter\CodeIgniter->createController()
 8 SYSTEMPATH/CodeIgniter.php(354): CodeIgniter\CodeIgniter->handleRequest(null, Object(Config\Cache), false)
 9 SYSTEMPATH/Boot.php(363): CodeIgniter\CodeIgniter->run()
10 SYSTEMPATH/Boot.php(68): CodeIgniter\Boot::runCodeIgniter(Object(CodeIgniter\CodeIgniter))
11 FCPATH/index.php(59): CodeIgniter\Boot::bootWeb(Object(Config\Paths))
WARNING - 2026-02-03 15:46:04 --> [DEPRECATED] Creation of dynamic property Config\Torrent::$catImageDir is deprecated in APPPATH/Config/Torrent.php on line 115.
 1 SYSTEMPATH/Config/Factories.php(236): Config\Torrent->__construct()
 2 SYSTEMPATH/Config/Factories.php(170): CodeIgniter\Config\Factories::createInstance('config', 'Config\\Torrent', [])
 3 SYSTEMPATH/Config/Factories.php(189): CodeIgniter\Config\Factories::__callStatic('config', [])
 4 SYSTEMPATH/Common.php(208): CodeIgniter\Config\Factories::get('config', 'Torrent')
 5 APPPATH/Controllers/BaseController.php(131): config('Torrent')
 6 SYSTEMPATH/CodeIgniter.php(904): App\Controllers\BaseController->initController(Object(CodeIgniter\HTTP\IncomingRequest), Object(CodeIgniter\HTTP\Response), Object(CodeIgniter\Log\Logger))
 7 SYSTEMPATH/CodeIgniter.php(498): CodeIgniter\CodeIgniter->createController()
 8 SYSTEMPATH/CodeIgniter.php(354): CodeIgniter\CodeIgniter->handleRequest(null, Object(Config\Cache), false)
 9 SYSTEMPATH/Boot.php(363): CodeIgniter\CodeIgniter->run()
10 SYSTEMPATH/Boot.php(68): CodeIgniter\Boot::runCodeIgniter(Object(CodeIgniter\CodeIgniter))
11 FCPATH/index.php(59): CodeIgniter\Boot::bootWeb(Object(Config\Paths))
DEBUG - 2026-02-03 15:46:04 --> Session: Class initialized using 'CodeIgniter\Session\Handlers\DatabaseHandler' driver.
WARNING - 2026-02-03 15:46:04 --> [DEPRECATED] Creation of dynamic property App\Controllers\TorrentController::$catList is deprecated in APPPATH/Controllers/TorrentController.php on line 162.
 1 SYSTEMPATH/CodeIgniter.php(933): App\Controllers\TorrentController->TorrentAddShow()
 2 SYSTEMPATH/CodeIgniter.php(507): CodeIgniter\CodeIgniter->runController(Object(App\Controllers\TorrentController))
 3 SYSTEMPATH/CodeIgniter.php(354): CodeIgniter\CodeIgniter->handleRequest(null, Object(Config\Cache), false)
 4 SYSTEMPATH/Boot.php(363): CodeIgniter\CodeIgniter->run()
 5 SYSTEMPATH/Boot.php(68): CodeIgniter\Boot::runCodeIgniter(Object(CodeIgniter\CodeIgniter))
 6 FCPATH/index.php(59): CodeIgniter\Boot::bootWeb(Object(Config\Paths))
WARNING - 2026-02-03 15:46:04 --> [DEPRECATED] Creation of dynamic property Config\Torrent::$imageDir is deprecated in APPPATH/Config/Torrent.php on line 114.
 1 APPPATH/Helpers/avatar_helper.php(11): Config\Torrent->__construct()
 2 FCPATH/themes/front/widget/login.php(9): avatar('1.png', 200)
 3 FCPATH/themes/front/footer.php(4): include('/srv/http/torr.ws/public/themes/front/widget/login.php')
 4 SYSTEMPATH/View/View.php(226): include('/srv/http/torr.ws/public/themes/front/footer.php')
 5 SYSTEMPATH/View/View.php(229): CodeIgniter\View\View->{closure:CodeIgniter\View\View::render():223}()
 6 APPPATH/ThirdParty/templates/Themes.php(468): CodeIgniter\View\View->render('footer')
 7 APPPATH/Controllers/TorrentController.php(179): Arifrh\Themes\Themes::render('torrent_add', [...])
 8 SYSTEMPATH/CodeIgniter.php(933): App\Controllers\TorrentController->TorrentAddShow()
 9 SYSTEMPATH/CodeIgniter.php(507): CodeIgniter\CodeIgniter->runController(Object(App\Controllers\TorrentController))
10 SYSTEMPATH/CodeIgniter.php(354): CodeIgniter\CodeIgniter->handleRequest(null, Object(Config\Cache), false)
11 SYSTEMPATH/Boot.php(363): CodeIgniter\CodeIgniter->run()
12 SYSTEMPATH/Boot.php(68): CodeIgniter\Boot::runCodeIgniter(Object(CodeIgniter\CodeIgniter))
13 FCPATH/index.php(59): CodeIgniter\Boot::bootWeb(Object(Config\Paths))
WARNING - 2026-02-03 15:46:04 --> [DEPRECATED] Creation of dynamic property Config\Torrent::$catImageDir is deprecated in APPPATH/Config/Torrent.php on line 115.
 1 APPPATH/Helpers/avatar_helper.php(11): Config\Torrent->__construct()
 2 FCPATH/themes/front/widget/login.php(9): avatar('1.png', 200)
 3 FCPATH/themes/front/footer.php(4): include('/srv/http/torr.ws/public/themes/front/widget/login.php')
 4 SYSTEMPATH/View/View.php(226): include('/srv/http/torr.ws/public/themes/front/footer.php')
 5 SYSTEMPATH/View/View.php(229): CodeIgniter\View\View->{closure:CodeIgniter\View\View::render():223}()
 6 APPPATH/ThirdParty/templates/Themes.php(468): CodeIgniter\View\View->render('footer')
 7 APPPATH/Controllers/TorrentController.php(179): Arifrh\Themes\Themes::render('torrent_add', [...])
 8 SYSTEMPATH/CodeIgniter.php(933): App\Controllers\TorrentController->TorrentAddShow()
 9 SYSTEMPATH/CodeIgniter.php(507): CodeIgniter\CodeIgniter->runController(Object(App\Controllers\TorrentController))
10 SYSTEMPATH/CodeIgniter.php(354): CodeIgniter\CodeIgniter->handleRequest(null, Object(Config\Cache), false)
11 SYSTEMPATH/Boot.php(363): CodeIgniter\CodeIgniter->run()
12 SYSTEMPATH/Boot.php(68): CodeIgniter\Boot::runCodeIgniter(Object(CodeIgniter\CodeIgniter))
13 FCPATH/index.php(59): CodeIgniter\Boot::bootWeb(Object(Config\Paths))
WARNING - 2026-02-03 15:46:34 --> [DEPRECATED] Creation of dynamic property Config\Torrent::$imageDir is deprecated in APPPATH/Config/Torrent.php on line 114.
 1 SYSTEMPATH/Config/Factories.php(236): Config\Torrent->__construct()
 2 SYSTEMPATH/Config/Factories.php(170): CodeIgniter\Config\Factories::createInstance('config', 'Config\\Torrent', [])
 3 SYSTEMPATH/Config/Factories.php(189): CodeIgniter\Config\Factories::__callStatic('config', [])
 4 SYSTEMPATH/Common.php(208): CodeIgniter\Config\Factories::get('config', 'Torrent')
 5 APPPATH/Controllers/BaseController.php(131): config('Torrent')
 6 SYSTEMPATH/CodeIgniter.php(904): App\Controllers\BaseController->initController(Object(CodeIgniter\HTTP\IncomingRequest), Object(CodeIgniter\HTTP\Response), Object(CodeIgniter\Log\Logger))
 7 SYSTEMPATH/CodeIgniter.php(498): CodeIgniter\CodeIgniter->createController()
 8 SYSTEMPATH/CodeIgniter.php(354): CodeIgniter\CodeIgniter->handleRequest(null, Object(Config\Cache), false)
 9 SYSTEMPATH/Boot.php(363): CodeIgniter\CodeIgniter->run()
10 SYSTEMPATH/Boot.php(68): CodeIgniter\Boot::runCodeIgniter(Object(CodeIgniter\CodeIgniter))
11 FCPATH/index.php(59): CodeIgniter\Boot::bootWeb(Object(Config\Paths))
WARNING - 2026-02-03 15:46:34 --> [DEPRECATED] Creation of dynamic property Config\Torrent::$catImageDir is deprecated in APPPATH/Config/Torrent.php on line 115.
 1 SYSTEMPATH/Config/Factories.php(236): Config\Torrent->__construct()
 2 SYSTEMPATH/Config/Factories.php(170): CodeIgniter\Config\Factories::createInstance('config', 'Config\\Torrent', [])
 3 SYSTEMPATH/Config/Factories.php(189): CodeIgniter\Config\Factories::__callStatic('config', [])
 4 SYSTEMPATH/Common.php(208): CodeIgniter\Config\Factories::get('config', 'Torrent')
 5 APPPATH/Controllers/BaseController.php(131): config('Torrent')
 6 SYSTEMPATH/CodeIgniter.php(904): App\Controllers\BaseController->initController(Object(CodeIgniter\HTTP\IncomingRequest), Object(CodeIgniter\HTTP\Response), Object(CodeIgniter\Log\Logger))
 7 SYSTEMPATH/CodeIgniter.php(498): CodeIgniter\CodeIgniter->createController()
 8 SYSTEMPATH/CodeIgniter.php(354): CodeIgniter\CodeIgniter->handleRequest(null, Object(Config\Cache), false)
 9 SYSTEMPATH/Boot.php(363): CodeIgniter\CodeIgniter->run()
10 SYSTEMPATH/Boot.php(68): CodeIgniter\Boot::runCodeIgniter(Object(CodeIgniter\CodeIgniter))
11 FCPATH/index.php(59): CodeIgniter\Boot::bootWeb(Object(Config\Paths))
DEBUG - 2026-02-03 15:46:34 --> Session: Class initialized using 'CodeIgniter\Session\Handlers\DatabaseHandler' driver.
WARNING - 2026-02-03 15:46:34 --> [DEPRECATED] Creation of dynamic property App\Controllers\TorrentController::$catList is deprecated in APPPATH/Controllers/TorrentController.php on line 162.
 1 SYSTEMPATH/CodeIgniter.php(933): App\Controllers\TorrentController->TorrentAddShow()
 2 SYSTEMPATH/CodeIgniter.php(507): CodeIgniter\CodeIgniter->runController(Object(App\Controllers\TorrentController))
 3 SYSTEMPATH/CodeIgniter.php(354): CodeIgniter\CodeIgniter->handleRequest(null, Object(Config\Cache), false)
 4 SYSTEMPATH/Boot.php(363): CodeIgniter\CodeIgniter->run()
 5 SYSTEMPATH/Boot.php(68): CodeIgniter\Boot::runCodeIgniter(Object(CodeIgniter\CodeIgniter))
 6 FCPATH/index.php(59): CodeIgniter\Boot::bootWeb(Object(Config\Paths))
WARNING - 2026-02-03 15:46:34 --> [DEPRECATED] Creation of dynamic property Config\Torrent::$imageDir is deprecated in APPPATH/Config/Torrent.php on line 114.
 1 APPPATH/Helpers/avatar_helper.php(11): Config\Torrent->__construct()
 2 FCPATH/themes/front/widget/login.php(9): avatar('1.png', 200)
 3 FCPATH/themes/front/footer.php(4): include('/srv/http/torr.ws/public/themes/front/widget/login.php')
 4 SYSTEMPATH/View/View.php(226): include('/srv/http/torr.ws/public/themes/front/footer.php')
 5 SYSTEMPATH/View/View.php(229): CodeIgniter\View\View->{closure:CodeIgniter\View\View::render():223}()
 6 APPPATH/ThirdParty/templates/Themes.php(468): CodeIgniter\View\View->render('footer')
 7 APPPATH/Controllers/TorrentController.php(179): Arifrh\Themes\Themes::render('torrent_add', [...])
 8 SYSTEMPATH/CodeIgniter.php(933): App\Controllers\TorrentController->TorrentAddShow()
 9 SYSTEMPATH/CodeIgniter.php(507): CodeIgniter\CodeIgniter->runController(Object(App\Controllers\TorrentController))
10 SYSTEMPATH/CodeIgniter.php(354): CodeIgniter\CodeIgniter->handleRequest(null, Object(Config\Cache), false)
11 SYSTEMPATH/Boot.php(363): CodeIgniter\CodeIgniter->run()
12 SYSTEMPATH/Boot.php(68): CodeIgniter\Boot::runCodeIgniter(Object(CodeIgniter\CodeIgniter))
13 FCPATH/index.php(59): CodeIgniter\Boot::bootWeb(Object(Config\Paths))
WARNING - 2026-02-03 15:46:34 --> [DEPRECATED] Creation of dynamic property Config\Torrent::$catImageDir is deprecated in APPPATH/Config/Torrent.php on line 115.
 1 APPPATH/Helpers/avatar_helper.php(11): Config\Torrent->__construct()
 2 FCPATH/themes/front/widget/login.php(9): avatar('1.png', 200)
 3 FCPATH/themes/front/footer.php(4): include('/srv/http/torr.ws/public/themes/front/widget/login.php')
 4 SYSTEMPATH/View/View.php(226): include('/srv/http/torr.ws/public/themes/front/footer.php')
 5 SYSTEMPATH/View/View.php(229): CodeIgniter\View\View->{closure:CodeIgniter\View\View::render():223}()
 6 APPPATH/ThirdParty/templates/Themes.php(468): CodeIgniter\View\View->render('footer')
 7 APPPATH/Controllers/TorrentController.php(179): Arifrh\Themes\Themes::render('torrent_add', [...])
 8 SYSTEMPATH/CodeIgniter.php(933): App\Controllers\TorrentController->TorrentAddShow()
 9 SYSTEMPATH/CodeIgniter.php(507): CodeIgniter\CodeIgniter->runController(Object(App\Controllers\TorrentController))
10 SYSTEMPATH/CodeIgniter.php(354): CodeIgniter\CodeIgniter->handleRequest(null, Object(Config\Cache), false)
11 SYSTEMPATH/Boot.php(363): CodeIgniter\CodeIgniter->run()
12 SYSTEMPATH/Boot.php(68): CodeIgniter\Boot::runCodeIgniter(Object(CodeIgniter\CodeIgniter))
13 FCPATH/index.php(59): CodeIgniter\Boot::bootWeb(Object(Config\Paths))
WARNING - 2026-02-03 15:51:00 --> [DEPRECATED] Creation of dynamic property Config\Torrent::$imageDir is deprecated in APPPATH/Config/Torrent.php on line 114.
 1 SYSTEMPATH/Config/Factories.php(236): Config\Torrent->__construct()
 2 SYSTEMPATH/Config/Factories.php(170): CodeIgniter\Config\Factories::createInstance('config', 'Config\\Torrent', [])
 3 SYSTEMPATH/Config/Factories.php(189): CodeIgniter\Config\Factories::__callStatic('config', [])
 4 SYSTEMPATH/Common.php(208): CodeIgniter\Config\Factories::get('config', 'Torrent')
 5 APPPATH/Controllers/BaseController.php(131): config('Torrent')
 6 SYSTEMPATH/CodeIgniter.php(904): App\Controllers\BaseController->initController(Object(CodeIgniter\HTTP\IncomingRequest), Object(CodeIgniter\HTTP\Response), Object(CodeIgniter\Log\Logger))
 7 SYSTEMPATH/CodeIgniter.php(498): CodeIgniter\CodeIgniter->createController()
 8 SYSTEMPATH/CodeIgniter.php(354): CodeIgniter\CodeIgniter->handleRequest(null, Object(Config\Cache), false)
 9 SYSTEMPATH/Boot.php(363): CodeIgniter\CodeIgniter->run()
10 SYSTEMPATH/Boot.php(68): CodeIgniter\Boot::runCodeIgniter(Object(CodeIgniter\CodeIgniter))
11 FCPATH/index.php(59): CodeIgniter\Boot::bootWeb(Object(Config\Paths))
WARNING - 2026-02-03 15:51:00 --> [DEPRECATED] Creation of dynamic property Config\Torrent::$catImageDir is deprecated in APPPATH/Config/Torrent.php on line 115.
 1 SYSTEMPATH/Config/Factories.php(236): Config\Torrent->__construct()
 2 SYSTEMPATH/Config/Factories.php(170): CodeIgniter\Config\Factories::createInstance('config', 'Config\\Torrent', [])
 3 SYSTEMPATH/Config/Factories.php(189): CodeIgniter\Config\Factories::__callStatic('config', [])
 4 SYSTEMPATH/Common.php(208): CodeIgniter\Config\Factories::get('config', 'Torrent')
 5 APPPATH/Controllers/BaseController.php(131): config('Torrent')
 6 SYSTEMPATH/CodeIgniter.php(904): App\Controllers\BaseController->initController(Object(CodeIgniter\HTTP\IncomingRequest), Object(CodeIgniter\HTTP\Response), Object(CodeIgniter\Log\Logger))
 7 SYSTEMPATH/CodeIgniter.php(498): CodeIgniter\CodeIgniter->createController()
 8 SYSTEMPATH/CodeIgniter.php(354): CodeIgniter\CodeIgniter->handleRequest(null, Object(Config\Cache), false)
 9 SYSTEMPATH/Boot.php(363): CodeIgniter\CodeIgniter->run()
10 SYSTEMPATH/Boot.php(68): CodeIgniter\Boot::runCodeIgniter(Object(CodeIgniter\CodeIgniter))
11 FCPATH/index.php(59): CodeIgniter\Boot::bootWeb(Object(Config\Paths))
DEBUG - 2026-02-03 15:51:00 --> Session: Class initialized using 'CodeIgniter\Session\Handlers\DatabaseHandler' driver.
WARNING - 2026-02-03 15:51:00 --> [DEPRECATED] Creation of dynamic property App\Controllers\TorrentController::$catList is deprecated in APPPATH/Controllers/TorrentController.php on line 162.
 1 SYSTEMPATH/CodeIgniter.php(933): App\Controllers\TorrentController->TorrentAddShow()
 2 SYSTEMPATH/CodeIgniter.php(507): CodeIgniter\CodeIgniter->runController(Object(App\Controllers\TorrentController))
 3 SYSTEMPATH/CodeIgniter.php(354): CodeIgniter\CodeIgniter->handleRequest(null, Object(Config\Cache), false)
 4 SYSTEMPATH/Boot.php(363): CodeIgniter\CodeIgniter->run()
 5 SYSTEMPATH/Boot.php(68): CodeIgniter\Boot::runCodeIgniter(Object(CodeIgniter\CodeIgniter))
 6 FCPATH/index.php(59): CodeIgniter\Boot::bootWeb(Object(Config\Paths))
WARNING - 2026-02-03 15:51:00 --> [DEPRECATED] Creation of dynamic property Config\Torrent::$imageDir is deprecated in APPPATH/Config/Torrent.php on line 114.
 1 APPPATH/Helpers/avatar_helper.php(11): Config\Torrent->__construct()
 2 FCPATH/themes/front/widget/login.php(9): avatar('1.png', 200)
 3 FCPATH/themes/front/footer.php(4): include('/srv/http/torr.ws/public/themes/front/widget/login.php')
 4 SYSTEMPATH/View/View.php(226): include('/srv/http/torr.ws/public/themes/front/footer.php')
 5 SYSTEMPATH/View/View.php(229): CodeIgniter\View\View->{closure:CodeIgniter\View\View::render():223}()
 6 APPPATH/ThirdParty/templates/Themes.php(468): CodeIgniter\View\View->render('footer')
 7 APPPATH/Controllers/TorrentController.php(179): Arifrh\Themes\Themes::render('torrent_add', [...])
 8 SYSTEMPATH/CodeIgniter.php(933): App\Controllers\TorrentController->TorrentAddShow()
 9 SYSTEMPATH/CodeIgniter.php(507): CodeIgniter\CodeIgniter->runController(Object(App\Controllers\TorrentController))
10 SYSTEMPATH/CodeIgniter.php(354): CodeIgniter\CodeIgniter->handleRequest(null, Object(Config\Cache), false)
11 SYSTEMPATH/Boot.php(363): CodeIgniter\CodeIgniter->run()
12 SYSTEMPATH/Boot.php(68): CodeIgniter\Boot::runCodeIgniter(Object(CodeIgniter\CodeIgniter))
13 FCPATH/index.php(59): CodeIgniter\Boot::bootWeb(Object(Config\Paths))
WARNING - 2026-02-03 15:51:00 --> [DEPRECATED] Creation of dynamic property Config\Torrent::$catImageDir is deprecated in APPPATH/Config/Torrent.php on line 115.
 1 APPPATH/Helpers/avatar_helper.php(11): Config\Torrent->__construct()
 2 FCPATH/themes/front/widget/login.php(9): avatar('1.png', 200)
 3 FCPATH/themes/front/footer.php(4): include('/srv/http/torr.ws/public/themes/front/widget/login.php')
 4 SYSTEMPATH/View/View.php(226): include('/srv/http/torr.ws/public/themes/front/footer.php')
 5 SYSTEMPATH/View/View.php(229): CodeIgniter\View\View->{closure:CodeIgniter\View\View::render():223}()
 6 APPPATH/ThirdParty/templates/Themes.php(468): CodeIgniter\View\View->render('footer')
 7 APPPATH/Controllers/TorrentController.php(179): Arifrh\Themes\Themes::render('torrent_add', [...])
 8 SYSTEMPATH/CodeIgniter.php(933): App\Controllers\TorrentController->TorrentAddShow()
 9 SYSTEMPATH/CodeIgniter.php(507): CodeIgniter\CodeIgniter->runController(Object(App\Controllers\TorrentController))
10 SYSTEMPATH/CodeIgniter.php(354): CodeIgniter\CodeIgniter->handleRequest(null, Object(Config\Cache), false)
11 SYSTEMPATH/Boot.php(363): CodeIgniter\CodeIgniter->run()
12 SYSTEMPATH/Boot.php(68): CodeIgniter\Boot::runCodeIgniter(Object(CodeIgniter\CodeIgniter))
13 FCPATH/index.php(59): CodeIgniter\Boot::bootWeb(Object(Config\Paths))
WARNING - 2026-02-03 15:53:54 --> [DEPRECATED] Creation of dynamic property Config\Torrent::$imageDir is deprecated in APPPATH/Config/Torrent.php on line 114.
 1 SYSTEMPATH/Config/Factories.php(236): Config\Torrent->__construct()
 2 SYSTEMPATH/Config/Factories.php(170): CodeIgniter\Config\Factories::createInstance('config', 'Config\\Torrent', [])
 3 SYSTEMPATH/Config/Factories.php(189): CodeIgniter\Config\Factories::__callStatic('config', [])
 4 SYSTEMPATH/Common.php(208): CodeIgniter\Config\Factories::get('config', 'Torrent')
 5 APPPATH/Controllers/BaseController.php(131): config('Torrent')
 6 SYSTEMPATH/CodeIgniter.php(904): App\Controllers\BaseController->initController(Object(CodeIgniter\HTTP\IncomingRequest), Object(CodeIgniter\HTTP\Response), Object(CodeIgniter\Log\Logger))
 7 SYSTEMPATH/CodeIgniter.php(498): CodeIgniter\CodeIgniter->createController()
 8 SYSTEMPATH/CodeIgniter.php(354): CodeIgniter\CodeIgniter->handleRequest(null, Object(Config\Cache), false)
 9 SYSTEMPATH/Boot.php(363): CodeIgniter\CodeIgniter->run()
10 SYSTEMPATH/Boot.php(68): CodeIgniter\Boot::runCodeIgniter(Object(CodeIgniter\CodeIgniter))
11 FCPATH/index.php(59): CodeIgniter\Boot::bootWeb(Object(Config\Paths))
WARNING - 2026-02-03 15:53:54 --> [DEPRECATED] Creation of dynamic property Config\Torrent::$catImageDir is deprecated in APPPATH/Config/Torrent.php on line 115.
 1 SYSTEMPATH/Config/Factories.php(236): Config\Torrent->__construct()
 2 SYSTEMPATH/Config/Factories.php(170): CodeIgniter\Config\Factories::createInstance('config', 'Config\\Torrent', [])
 3 SYSTEMPATH/Config/Factories.php(189): CodeIgniter\Config\Factories::__callStatic('config', [])
 4 SYSTEMPATH/Common.php(208): CodeIgniter\Config\Factories::get('config', 'Torrent')
 5 APPPATH/Controllers/BaseController.php(131): config('Torrent')
 6 SYSTEMPATH/CodeIgniter.php(904): App\Controllers\BaseController->initController(Object(CodeIgniter\HTTP\IncomingRequest), Object(CodeIgniter\HTTP\Response), Object(CodeIgniter\Log\Logger))
 7 SYSTEMPATH/CodeIgniter.php(498): CodeIgniter\CodeIgniter->createController()
 8 SYSTEMPATH/CodeIgniter.php(354): CodeIgniter\CodeIgniter->handleRequest(null, Object(Config\Cache), false)
 9 SYSTEMPATH/Boot.php(363): CodeIgniter\CodeIgniter->run()
10 SYSTEMPATH/Boot.php(68): CodeIgniter\Boot::runCodeIgniter(Object(CodeIgniter\CodeIgniter))
11 FCPATH/index.php(59): CodeIgniter\Boot::bootWeb(Object(Config\Paths))
DEBUG - 2026-02-03 15:53:54 --> Session: Class initialized using 'CodeIgniter\Session\Handlers\DatabaseHandler' driver.
WARNING - 2026-02-03 15:53:55 --> [DEPRECATED] Creation of dynamic property Config\Torrent::$imageDir is deprecated in APPPATH/Config/Torrent.php on line 114.
 1 APPPATH/Helpers/avatar_helper.php(11): Config\Torrent->__construct()
 2 FCPATH/themes/front/widget/login.php(9): avatar('1.png', 200)
 3 FCPATH/themes/front/footer.php(4): include('/srv/http/torr.ws/public/themes/front/widget/login.php')
 4 SYSTEMPATH/View/View.php(226): include('/srv/http/torr.ws/public/themes/front/footer.php')
 5 SYSTEMPATH/View/View.php(229): CodeIgniter\View\View->{closure:CodeIgniter\View\View::render():223}()
 6 APPPATH/ThirdParty/templates/Themes.php(468): CodeIgniter\View\View->render('footer')
 7 APPPATH/Controllers/Home.php(51): Arifrh\Themes\Themes::render('home', [...])
 8 SYSTEMPATH/CodeIgniter.php(933): App\Controllers\Home->index()
 9 SYSTEMPATH/CodeIgniter.php(507): CodeIgniter\CodeIgniter->runController(Object(App\Controllers\Home))
10 SYSTEMPATH/CodeIgniter.php(354): CodeIgniter\CodeIgniter->handleRequest(null, Object(Config\Cache), false)
11 SYSTEMPATH/Boot.php(363): CodeIgniter\CodeIgniter->run()
12 SYSTEMPATH/Boot.php(68): CodeIgniter\Boot::runCodeIgniter(Object(CodeIgniter\CodeIgniter))
13 FCPATH/index.php(59): CodeIgniter\Boot::bootWeb(Object(Config\Paths))
WARNING - 2026-02-03 15:53:55 --> [DEPRECATED] Creation of dynamic property Config\Torrent::$catImageDir is deprecated in APPPATH/Config/Torrent.php on line 115.
 1 APPPATH/Helpers/avatar_helper.php(11): Config\Torrent->__construct()
 2 FCPATH/themes/front/widget/login.php(9): avatar('1.png', 200)
 3 FCPATH/themes/front/footer.php(4): include('/srv/http/torr.ws/public/themes/front/widget/login.php')
 4 SYSTEMPATH/View/View.php(226): include('/srv/http/torr.ws/public/themes/front/footer.php')
 5 SYSTEMPATH/View/View.php(229): CodeIgniter\View\View->{closure:CodeIgniter\View\View::render():223}()
 6 APPPATH/ThirdParty/templates/Themes.php(468): CodeIgniter\View\View->render('footer')
 7 APPPATH/Controllers/Home.php(51): Arifrh\Themes\Themes::render('home', [...])
 8 SYSTEMPATH/CodeIgniter.php(933): App\Controllers\Home->index()
 9 SYSTEMPATH/CodeIgniter.php(507): CodeIgniter\CodeIgniter->runController(Object(App\Controllers\Home))
10 SYSTEMPATH/CodeIgniter.php(354): CodeIgniter\CodeIgniter->handleRequest(null, Object(Config\Cache), false)
11 SYSTEMPATH/Boot.php(363): CodeIgniter\CodeIgniter->run()
12 SYSTEMPATH/Boot.php(68): CodeIgniter\Boot::runCodeIgniter(Object(CodeIgniter\CodeIgniter))
13 FCPATH/index.php(59): CodeIgniter\Boot::bootWeb(Object(Config\Paths))
