DEBUG - 2026-01-26 10:53:07 --> Session: Class initialized using 'CodeIgniter\Session\Handlers\DatabaseHandler' driver.
DEBUG - 2026-01-26 10:53:54 --> Session: Class initialized using 'CodeIgniter\Session\Handlers\DatabaseHandler' driver.
DEBUG - 2026-01-26 10:54:58 --> Session: Class initialized using 'CodeIgniter\Session\Handlers\DatabaseHandler' driver.
WARNING - 2026-01-26 10:54:58 --> [DEPRECATED] Using null as an array offset is deprecated, use an empty string instead in APPPATH/Controllers/AjaxController.php on line 219.
 1 SYSTEMPATH/CodeIgniter.php(933): App\Controllers\AjaxController->TorrentScrape(49)
 2 SYSTEMPATH/CodeIgniter.php(507): CodeIgniter\CodeIgniter->runController(Object(App\Controllers\AjaxController))
 3 SYSTEMPATH/CodeIgniter.php(354): CodeIgniter\CodeIgniter->handleRequest(null, Object(Config\Cache), false)
 4 SYSTEMPATH/Boot.php(363): CodeIgniter\CodeIgniter->run()
 5 SYSTEMPATH/Boot.php(68): CodeIgniter\Boot::runCodeIgniter(Object(CodeIgniter\CodeIgniter))
 6 FCPATH/index.php(59): CodeIgniter\Boot::bootWeb(Object(Config\Paths))
WARNING - 2026-01-26 10:54:58 --> [DEPRECATED] Using null as an array offset is deprecated, use an empty string instead in APPPATH/Controllers/AjaxController.php on line 221.
 1 SYSTEMPATH/CodeIgniter.php(933): App\Controllers\AjaxController->TorrentScrape(49)
 2 SYSTEMPATH/CodeIgniter.php(507): CodeIgniter\CodeIgniter->runController(Object(App\Controllers\AjaxController))
 3 SYSTEMPATH/CodeIgniter.php(354): CodeIgniter\CodeIgniter->handleRequest(null, Object(Config\Cache), false)
 4 SYSTEMPATH/Boot.php(363): CodeIgniter\CodeIgniter->run()
 5 SYSTEMPATH/Boot.php(68): CodeIgniter\Boot::runCodeIgniter(Object(CodeIgniter\CodeIgniter))
 6 FCPATH/index.php(59): CodeIgniter\Boot::bootWeb(Object(Config\Paths))
WARNING - 2026-01-26 10:54:58 --> [DEPRECATED] Using null as an array offset is deprecated, use an empty string instead in APPPATH/Controllers/AjaxController.php on line 223.
 1 SYSTEMPATH/CodeIgniter.php(933): App\Controllers\AjaxController->TorrentScrape(49)
 2 SYSTEMPATH/CodeIgniter.php(507): CodeIgniter\CodeIgniter->runController(Object(App\Controllers\AjaxController))
 3 SYSTEMPATH/CodeIgniter.php(354): CodeIgniter\CodeIgniter->handleRequest(null, Object(Config\Cache), false)
 4 SYSTEMPATH/Boot.php(363): CodeIgniter\CodeIgniter->run()
 5 SYSTEMPATH/Boot.php(68): CodeIgniter\Boot::runCodeIgniter(Object(CodeIgniter\CodeIgniter))
 6 FCPATH/index.php(59): CodeIgniter\Boot::bootWeb(Object(Config\Paths))
DEBUG - 2026-01-26 10:55:00 --> Session: Class initialized using 'CodeIgniter\Session\Handlers\DatabaseHandler' driver.
WARNING - 2026-01-26 10:55:00 --> [DEPRECATED] Using null as an array offset is deprecated, use an empty string instead in APPPATH/Controllers/AjaxController.php on line 219.
 1 SYSTEMPATH/CodeIgniter.php(933): App\Controllers\AjaxController->TorrentScrape(49)
 2 SYSTEMPATH/CodeIgniter.php(507): CodeIgniter\CodeIgniter->runController(Object(App\Controllers\AjaxController))
 3 SYSTEMPATH/CodeIgniter.php(354): CodeIgniter\CodeIgniter->handleRequest(null, Object(Config\Cache), false)
 4 SYSTEMPATH/Boot.php(363): CodeIgniter\CodeIgniter->run()
 5 SYSTEMPATH/Boot.php(68): CodeIgniter\Boot::runCodeIgniter(Object(CodeIgniter\CodeIgniter))
 6 FCPATH/index.php(59): CodeIgniter\Boot::bootWeb(Object(Config\Paths))
WARNING - 2026-01-26 10:55:00 --> [DEPRECATED] Using null as an array offset is deprecated, use an empty string instead in APPPATH/Controllers/AjaxController.php on line 221.
 1 SYSTEMPATH/CodeIgniter.php(933): App\Controllers\AjaxController->TorrentScrape(49)
 2 SYSTEMPATH/CodeIgniter.php(507): CodeIgniter\CodeIgniter->runController(Object(App\Controllers\AjaxController))
 3 SYSTEMPATH/CodeIgniter.php(354): CodeIgniter\CodeIgniter->handleRequest(null, Object(Config\Cache), false)
 4 SYSTEMPATH/Boot.php(363): CodeIgniter\CodeIgniter->run()
 5 SYSTEMPATH/Boot.php(68): CodeIgniter\Boot::runCodeIgniter(Object(CodeIgniter\CodeIgniter))
 6 FCPATH/index.php(59): CodeIgniter\Boot::bootWeb(Object(Config\Paths))
WARNING - 2026-01-26 10:55:00 --> [DEPRECATED] Using null as an array offset is deprecated, use an empty string instead in APPPATH/Controllers/AjaxController.php on line 223.
 1 SYSTEMPATH/CodeIgniter.php(933): App\Controllers\AjaxController->TorrentScrape(49)
 2 SYSTEMPATH/CodeIgniter.php(507): CodeIgniter\CodeIgniter->runController(Object(App\Controllers\AjaxController))
 3 SYSTEMPATH/CodeIgniter.php(354): CodeIgniter\CodeIgniter->handleRequest(null, Object(Config\Cache), false)
 4 SYSTEMPATH/Boot.php(363): CodeIgniter\CodeIgniter->run()
 5 SYSTEMPATH/Boot.php(68): CodeIgniter\Boot::runCodeIgniter(Object(CodeIgniter\CodeIgniter))
 6 FCPATH/index.php(59): CodeIgniter\Boot::bootWeb(Object(Config\Paths))
DEBUG - 2026-01-26 10:56:21 --> Session: Class initialized using 'CodeIgniter\Session\Handlers\DatabaseHandler' driver.
WARNING - 2026-01-26 10:56:21 --> [DEPRECATED] Creation of dynamic property App\Controllers\TorrentController::$catList is deprecated in APPPATH/Controllers/TorrentController.php on line 162.
 1 SYSTEMPATH/CodeIgniter.php(933): App\Controllers\TorrentController->TorrentAddShow()
 2 SYSTEMPATH/CodeIgniter.php(507): CodeIgniter\CodeIgniter->runController(Object(App\Controllers\TorrentController))
 3 SYSTEMPATH/CodeIgniter.php(354): CodeIgniter\CodeIgniter->handleRequest(null, Object(Config\Cache), false)
 4 SYSTEMPATH/Boot.php(363): CodeIgniter\CodeIgniter->run()
 5 SYSTEMPATH/Boot.php(68): CodeIgniter\Boot::runCodeIgniter(Object(CodeIgniter\CodeIgniter))
 6 FCPATH/index.php(59): CodeIgniter\Boot::bootWeb(Object(Config\Paths))
DEBUG - 2026-01-26 10:56:39 --> Session: Class initialized using 'CodeIgniter\Session\Handlers\DatabaseHandler' driver.
DEBUG - 2026-01-26 10:57:48 --> Session: Class initialized using 'CodeIgniter\Session\Handlers\DatabaseHandler' driver.
DEBUG - 2026-01-26 10:57:55 --> Session: Class initialized using 'CodeIgniter\Session\Handlers\DatabaseHandler' driver.
DEBUG - 2026-01-26 10:57:56 --> Session: Class initialized using 'CodeIgniter\Session\Handlers\DatabaseHandler' driver.
DEBUG - 2026-01-26 10:58:20 --> Session: Class initialized using 'CodeIgniter\Session\Handlers\DatabaseHandler' driver.
WARNING - 2026-01-26 10:58:20 --> [DEPRECATED] pg_escape_string(): Automatic fetching of PostgreSQL connection is deprecated in APPPATH/Controllers/BrowseController.php on line 148.
 1 APPPATH/Controllers/BrowseController.php(148): pg_escape_string('Голый:*')
 2 SYSTEMPATH/CodeIgniter.php(933): App\Controllers\BrowseController->SearchView('Голый')
 3 SYSTEMPATH/CodeIgniter.php(507): CodeIgniter\CodeIgniter->runController(Object(App\Controllers\BrowseController))
 4 SYSTEMPATH/CodeIgniter.php(354): CodeIgniter\CodeIgniter->handleRequest(null, Object(Config\Cache), false)
 5 SYSTEMPATH/Boot.php(363): CodeIgniter\CodeIgniter->run()
 6 SYSTEMPATH/Boot.php(68): CodeIgniter\Boot::runCodeIgniter(Object(CodeIgniter\CodeIgniter))
 7 FCPATH/index.php(59): CodeIgniter\Boot::bootWeb(Object(Config\Paths))
DEBUG - 2026-01-26 10:58:41 --> Session: Class initialized using 'CodeIgniter\Session\Handlers\DatabaseHandler' driver.
WARNING - 2026-01-26 10:58:41 --> [DEPRECATED] pg_escape_string(): Automatic fetching of PostgreSQL connection is deprecated in APPPATH/Controllers/BrowseController.php on line 148.
 1 APPPATH/Controllers/BrowseController.php(148): pg_escape_string('Головоломка:*')
 2 SYSTEMPATH/CodeIgniter.php(933): App\Controllers\BrowseController->SearchView('Головоломка')
 3 SYSTEMPATH/CodeIgniter.php(507): CodeIgniter\CodeIgniter->runController(Object(App\Controllers\BrowseController))
 4 SYSTEMPATH/CodeIgniter.php(354): CodeIgniter\CodeIgniter->handleRequest(null, Object(Config\Cache), false)
 5 SYSTEMPATH/Boot.php(363): CodeIgniter\CodeIgniter->run()
 6 SYSTEMPATH/Boot.php(68): CodeIgniter\Boot::runCodeIgniter(Object(CodeIgniter\CodeIgniter))
 7 FCPATH/index.php(59): CodeIgniter\Boot::bootWeb(Object(Config\Paths))
DEBUG - 2026-01-26 10:58:45 --> Session: Class initialized using 'CodeIgniter\Session\Handlers\DatabaseHandler' driver.
DEBUG - 2026-01-26 10:58:57 --> Session: Class initialized using 'CodeIgniter\Session\Handlers\DatabaseHandler' driver.
DEBUG - 2026-01-26 10:59:05 --> Session: Class initialized using 'CodeIgniter\Session\Handlers\DatabaseHandler' driver.
DEBUG - 2026-01-26 11:00:08 --> Session: Class initialized using 'CodeIgniter\Session\Handlers\DatabaseHandler' driver.
DEBUG - 2026-01-26 11:00:13 --> Session: Class initialized using 'CodeIgniter\Session\Handlers\DatabaseHandler' driver.
DEBUG - 2026-01-26 11:00:20 --> Session: Class initialized using 'CodeIgniter\Session\Handlers\DatabaseHandler' driver.
DEBUG - 2026-01-26 11:00:22 --> Session: Class initialized using 'CodeIgniter\Session\Handlers\DatabaseHandler' driver.
DEBUG - 2026-01-26 11:00:23 --> Session: Class initialized using 'CodeIgniter\Session\Handlers\DatabaseHandler' driver.
DEBUG - 2026-01-26 11:00:26 --> Session: Class initialized using 'CodeIgniter\Session\Handlers\DatabaseHandler' driver.
DEBUG - 2026-01-26 11:00:27 --> Session: Class initialized using 'CodeIgniter\Session\Handlers\DatabaseHandler' driver.
DEBUG - 2026-01-26 11:00:50 --> Session: Class initialized using 'CodeIgniter\Session\Handlers\DatabaseHandler' driver.
DEBUG - 2026-01-26 11:00:53 --> Session: Class initialized using 'CodeIgniter\Session\Handlers\DatabaseHandler' driver.
DEBUG - 2026-01-26 11:00:58 --> Session: Class initialized using 'CodeIgniter\Session\Handlers\DatabaseHandler' driver.
DEBUG - 2026-01-26 11:08:05 --> Session: Class initialized using 'CodeIgniter\Session\Handlers\DatabaseHandler' driver.
DEBUG - 2026-01-26 11:11:56 --> Session: Class initialized using 'CodeIgniter\Session\Handlers\DatabaseHandler' driver.
DEBUG - 2026-01-26 11:12:13 --> Session: Class initialized using 'CodeIgniter\Session\Handlers\DatabaseHandler' driver.
DEBUG - 2026-01-26 11:14:14 --> Session: Class initialized using 'CodeIgniter\Session\Handlers\DatabaseHandler' driver.
DEBUG - 2026-01-26 11:19:36 --> Session: Class initialized using 'CodeIgniter\Session\Handlers\DatabaseHandler' driver.
DEBUG - 2026-01-26 11:46:15 --> Session: Class initialized using 'CodeIgniter\Session\Handlers\DatabaseHandler' driver.
DEBUG - 2026-01-26 11:46:17 --> Session: Class initialized using 'CodeIgniter\Session\Handlers\DatabaseHandler' driver.
WARNING - 2026-01-26 11:46:17 --> [DEPRECATED] Creation of dynamic property App\Controllers\Admin\CategoryController::$Cat is deprecated in APPPATH/Controllers/Admin/CategoryController.php on line 82.
 1 SYSTEMPATH/CodeIgniter.php(933): App\Controllers\Admin\CategoryController->CatEditShow(1)
 2 SYSTEMPATH/CodeIgniter.php(507): CodeIgniter\CodeIgniter->runController(Object(App\Controllers\Admin\CategoryController))
 3 SYSTEMPATH/CodeIgniter.php(354): CodeIgniter\CodeIgniter->handleRequest(null, Object(Config\Cache), false)
 4 SYSTEMPATH/Boot.php(363): CodeIgniter\CodeIgniter->run()
 5 SYSTEMPATH/Boot.php(68): CodeIgniter\Boot::runCodeIgniter(Object(CodeIgniter\CodeIgniter))
 6 FCPATH/index.php(59): CodeIgniter\Boot::bootWeb(Object(Config\Paths))
DEBUG - 2026-01-26 11:46:34 --> Session: Class initialized using 'CodeIgniter\Session\Handlers\DatabaseHandler' driver.
CRITICAL - 2026-01-26 11:46:34 --> Error: Call to undefined method App\Controllers\Admin\CategoryController::getValidationRules()
[Method: POST, Route: admin/categories/edit/1]
in APPPATH/Controllers/Admin/CategoryController.php on line 103.
 1 SYSTEMPATH/CodeIgniter.php(933): App\Controllers\Admin\CategoryController->CatEditAction()
 2 SYSTEMPATH/CodeIgniter.php(507): CodeIgniter\CodeIgniter->runController()
 3 SYSTEMPATH/CodeIgniter.php(354): CodeIgniter\CodeIgniter->handleRequest()
 4 SYSTEMPATH/Boot.php(363): CodeIgniter\CodeIgniter->run()
 5 SYSTEMPATH/Boot.php(68): CodeIgniter\Boot::runCodeIgniter()
 6 FCPATH/index.php(59): CodeIgniter\Boot::bootWeb()
DEBUG - 2026-01-26 11:46:50 --> Session: Class initialized using 'CodeIgniter\Session\Handlers\DatabaseHandler' driver.
WARNING - 2026-01-26 11:46:50 --> [DEPRECATED] Creation of dynamic property App\Controllers\Admin\CategoryController::$Cat is deprecated in APPPATH/Controllers/Admin/CategoryController.php on line 82.
 1 SYSTEMPATH/CodeIgniter.php(933): App\Controllers\Admin\CategoryController->CatEditShow(1)
 2 SYSTEMPATH/CodeIgniter.php(507): CodeIgniter\CodeIgniter->runController(Object(App\Controllers\Admin\CategoryController))
 3 SYSTEMPATH/CodeIgniter.php(354): CodeIgniter\CodeIgniter->handleRequest(null, Object(Config\Cache), false)
 4 SYSTEMPATH/Boot.php(363): CodeIgniter\CodeIgniter->run()
 5 SYSTEMPATH/Boot.php(68): CodeIgniter\Boot::runCodeIgniter(Object(CodeIgniter\CodeIgniter))
 6 FCPATH/index.php(59): CodeIgniter\Boot::bootWeb(Object(Config\Paths))
DEBUG - 2026-01-26 11:46:52 --> Session: Class initialized using 'CodeIgniter\Session\Handlers\DatabaseHandler' driver.
CRITICAL - 2026-01-26 11:46:52 --> Error: Call to undefined method App\Controllers\Admin\CategoryController::getValidationRules()
[Method: POST, Route: admin/categories/edit/1]
in APPPATH/Controllers/Admin/CategoryController.php on line 103.
 1 SYSTEMPATH/CodeIgniter.php(933): App\Controllers\Admin\CategoryController->CatEditAction()
 2 SYSTEMPATH/CodeIgniter.php(507): CodeIgniter\CodeIgniter->runController()
 3 SYSTEMPATH/CodeIgniter.php(354): CodeIgniter\CodeIgniter->handleRequest()
 4 SYSTEMPATH/Boot.php(363): CodeIgniter\CodeIgniter->run()
 5 SYSTEMPATH/Boot.php(68): CodeIgniter\Boot::runCodeIgniter()
 6 FCPATH/index.php(59): CodeIgniter\Boot::bootWeb()
DEBUG - 2026-01-26 11:56:38 --> Session: Class initialized using 'CodeIgniter\Session\Handlers\DatabaseHandler' driver.
WARNING - 2026-01-26 11:56:38 --> [DEPRECATED] Creation of dynamic property App\Controllers\Admin\CategoryController::$oldCat is deprecated in APPPATH/Controllers/Admin/CategoryController.php on line 109.
 1 SYSTEMPATH/CodeIgniter.php(933): App\Controllers\Admin\CategoryController->CatEditAction(1)
 2 SYSTEMPATH/CodeIgniter.php(507): CodeIgniter\CodeIgniter->runController(Object(App\Controllers\Admin\CategoryController))
 3 SYSTEMPATH/CodeIgniter.php(354): CodeIgniter\CodeIgniter->handleRequest(null, Object(Config\Cache), false)
 4 SYSTEMPATH/Boot.php(363): CodeIgniter\CodeIgniter->run()
 5 SYSTEMPATH/Boot.php(68): CodeIgniter\Boot::runCodeIgniter(Object(CodeIgniter\CodeIgniter))
 6 FCPATH/index.php(59): CodeIgniter\Boot::bootWeb(Object(Config\Paths))
WARNING - 2026-01-26 11:56:38 --> [DEPRECATED] Creation of dynamic property App\Controllers\Admin\CategoryController::$catData is deprecated in APPPATH/Controllers/Admin/CategoryController.php on line 110.
 1 SYSTEMPATH/CodeIgniter.php(933): App\Controllers\Admin\CategoryController->CatEditAction(1)
 2 SYSTEMPATH/CodeIgniter.php(507): CodeIgniter\CodeIgniter->runController(Object(App\Controllers\Admin\CategoryController))
 3 SYSTEMPATH/CodeIgniter.php(354): CodeIgniter\CodeIgniter->handleRequest(null, Object(Config\Cache), false)
 4 SYSTEMPATH/Boot.php(363): CodeIgniter\CodeIgniter->run()
 5 SYSTEMPATH/Boot.php(68): CodeIgniter\Boot::runCodeIgniter(Object(CodeIgniter\CodeIgniter))
 6 FCPATH/index.php(59): CodeIgniter\Boot::bootWeb(Object(Config\Paths))
WARNING - 2026-01-26 11:56:38 --> [DEPRECATED] Creation of dynamic property App\Controllers\Admin\CategoryController::$newCatData is deprecated in APPPATH/Controllers/Admin/CategoryController.php on line 112.
 1 SYSTEMPATH/CodeIgniter.php(933): App\Controllers\Admin\CategoryController->CatEditAction(1)
 2 SYSTEMPATH/CodeIgniter.php(507): CodeIgniter\CodeIgniter->runController(Object(App\Controllers\Admin\CategoryController))
 3 SYSTEMPATH/CodeIgniter.php(354): CodeIgniter\CodeIgniter->handleRequest(null, Object(Config\Cache), false)
 4 SYSTEMPATH/Boot.php(363): CodeIgniter\CodeIgniter->run()
 5 SYSTEMPATH/Boot.php(68): CodeIgniter\Boot::runCodeIgniter(Object(CodeIgniter\CodeIgniter))
 6 FCPATH/index.php(59): CodeIgniter\Boot::bootWeb(Object(Config\Paths))
CRITICAL - 2026-01-26 11:56:38 --> ErrorException: Undefined property: stdClass::$csrf_test_name
[Method: POST, Route: admin/categories/edit/1]
in APPPATH/Controllers/Admin/CategoryController.php on line 115.
 1 APPPATH/Controllers/Admin/CategoryController.php(115): CodeIgniter\Debug\Exceptions->errorHandler()
 2 SYSTEMPATH/CodeIgniter.php(933): App\Controllers\Admin\CategoryController->CatEditAction()
 3 SYSTEMPATH/CodeIgniter.php(507): CodeIgniter\CodeIgniter->runController()
 4 SYSTEMPATH/CodeIgniter.php(354): CodeIgniter\CodeIgniter->handleRequest()
 5 SYSTEMPATH/Boot.php(363): CodeIgniter\CodeIgniter->run()
 6 SYSTEMPATH/Boot.php(68): CodeIgniter\Boot::runCodeIgniter()
 7 FCPATH/index.php(59): CodeIgniter\Boot::bootWeb()
DEBUG - 2026-01-26 12:04:09 --> Session: Class initialized using 'CodeIgniter\Session\Handlers\DatabaseHandler' driver.
WARNING - 2026-01-26 12:04:09 --> [DEPRECATED] Creation of dynamic property App\Controllers\Admin\CategoryController::$oldCat is deprecated in APPPATH/Controllers/Admin/CategoryController.php on line 109.
 1 SYSTEMPATH/CodeIgniter.php(933): App\Controllers\Admin\CategoryController->CatEditAction(1)
 2 SYSTEMPATH/CodeIgniter.php(507): CodeIgniter\CodeIgniter->runController(Object(App\Controllers\Admin\CategoryController))
 3 SYSTEMPATH/CodeIgniter.php(354): CodeIgniter\CodeIgniter->handleRequest(null, Object(Config\Cache), false)
 4 SYSTEMPATH/Boot.php(363): CodeIgniter\CodeIgniter->run()
 5 SYSTEMPATH/Boot.php(68): CodeIgniter\Boot::runCodeIgniter(Object(CodeIgniter\CodeIgniter))
 6 FCPATH/index.php(59): CodeIgniter\Boot::bootWeb(Object(Config\Paths))
WARNING - 2026-01-26 12:04:09 --> [DEPRECATED] Creation of dynamic property App\Controllers\Admin\CategoryController::$newCatData is deprecated in APPPATH/Controllers/Admin/CategoryController.php on line 110.
 1 SYSTEMPATH/CodeIgniter.php(933): App\Controllers\Admin\CategoryController->CatEditAction(1)
 2 SYSTEMPATH/CodeIgniter.php(507): CodeIgniter\CodeIgniter->runController(Object(App\Controllers\Admin\CategoryController))
 3 SYSTEMPATH/CodeIgniter.php(354): CodeIgniter\CodeIgniter->handleRequest(null, Object(Config\Cache), false)
 4 SYSTEMPATH/Boot.php(363): CodeIgniter\CodeIgniter->run()
 5 SYSTEMPATH/Boot.php(68): CodeIgniter\Boot::runCodeIgniter(Object(CodeIgniter\CodeIgniter))
 6 FCPATH/index.php(59): CodeIgniter\Boot::bootWeb(Object(Config\Paths))
CRITICAL - 2026-01-26 12:04:09 --> ErrorException: Undefined property: App\Controllers\Admin\CategoryController::$catData
[Method: POST, Route: admin/categories/edit/1]
in APPPATH/Controllers/Admin/CategoryController.php on line 127.
 1 APPPATH/Controllers/Admin/CategoryController.php(127): CodeIgniter\Debug\Exceptions->errorHandler()
 2 SYSTEMPATH/CodeIgniter.php(933): App\Controllers\Admin\CategoryController->CatEditAction()
 3 SYSTEMPATH/CodeIgniter.php(507): CodeIgniter\CodeIgniter->runController()
 4 SYSTEMPATH/CodeIgniter.php(354): CodeIgniter\CodeIgniter->handleRequest()
 5 SYSTEMPATH/Boot.php(363): CodeIgniter\CodeIgniter->run()
 6 SYSTEMPATH/Boot.php(68): CodeIgniter\Boot::runCodeIgniter()
 7 FCPATH/index.php(59): CodeIgniter\Boot::bootWeb()
DEBUG - 2026-01-26 12:04:31 --> Session: Class initialized using 'CodeIgniter\Session\Handlers\DatabaseHandler' driver.
WARNING - 2026-01-26 12:04:31 --> [DEPRECATED] Creation of dynamic property App\Controllers\Admin\CategoryController::$oldCat is deprecated in APPPATH/Controllers/Admin/CategoryController.php on line 109.
 1 SYSTEMPATH/CodeIgniter.php(933): App\Controllers\Admin\CategoryController->CatEditAction(1)
 2 SYSTEMPATH/CodeIgniter.php(507): CodeIgniter\CodeIgniter->runController(Object(App\Controllers\Admin\CategoryController))
 3 SYSTEMPATH/CodeIgniter.php(354): CodeIgniter\CodeIgniter->handleRequest(null, Object(Config\Cache), false)
 4 SYSTEMPATH/Boot.php(363): CodeIgniter\CodeIgniter->run()
 5 SYSTEMPATH/Boot.php(68): CodeIgniter\Boot::runCodeIgniter(Object(CodeIgniter\CodeIgniter))
 6 FCPATH/index.php(59): CodeIgniter\Boot::bootWeb(Object(Config\Paths))
WARNING - 2026-01-26 12:04:31 --> [DEPRECATED] Creation of dynamic property App\Controllers\Admin\CategoryController::$newCatData is deprecated in APPPATH/Controllers/Admin/CategoryController.php on line 110.
 1 SYSTEMPATH/CodeIgniter.php(933): App\Controllers\Admin\CategoryController->CatEditAction(1)
 2 SYSTEMPATH/CodeIgniter.php(507): CodeIgniter\CodeIgniter->runController(Object(App\Controllers\Admin\CategoryController))
 3 SYSTEMPATH/CodeIgniter.php(354): CodeIgniter\CodeIgniter->handleRequest(null, Object(Config\Cache), false)
 4 SYSTEMPATH/Boot.php(363): CodeIgniter\CodeIgniter->run()
 5 SYSTEMPATH/Boot.php(68): CodeIgniter\Boot::runCodeIgniter(Object(CodeIgniter\CodeIgniter))
 6 FCPATH/index.php(59): CodeIgniter\Boot::bootWeb(Object(Config\Paths))
DEBUG - 2026-01-26 12:04:31 --> Session: Class initialized using 'CodeIgniter\Session\Handlers\DatabaseHandler' driver.
WARNING - 2026-01-26 12:04:31 --> [DEPRECATED] Creation of dynamic property App\Controllers\Admin\CategoryController::$Cat is deprecated in APPPATH/Controllers/Admin/CategoryController.php on line 82.
 1 SYSTEMPATH/CodeIgniter.php(933): App\Controllers\Admin\CategoryController->CatEditShow(1)
 2 SYSTEMPATH/CodeIgniter.php(507): CodeIgniter\CodeIgniter->runController(Object(App\Controllers\Admin\CategoryController))
 3 SYSTEMPATH/CodeIgniter.php(354): CodeIgniter\CodeIgniter->handleRequest(null, Object(Config\Cache), false)
 4 SYSTEMPATH/Boot.php(363): CodeIgniter\CodeIgniter->run()
 5 SYSTEMPATH/Boot.php(68): CodeIgniter\Boot::runCodeIgniter(Object(CodeIgniter\CodeIgniter))
 6 FCPATH/index.php(59): CodeIgniter\Boot::bootWeb(Object(Config\Paths))
DEBUG - 2026-01-26 12:06:35 --> Session: Class initialized using 'CodeIgniter\Session\Handlers\DatabaseHandler' driver.
WARNING - 2026-01-26 12:06:35 --> [DEPRECATED] Creation of dynamic property App\Controllers\Admin\CategoryController::$oldCat is deprecated in APPPATH/Controllers/Admin/CategoryController.php on line 109.
 1 SYSTEMPATH/CodeIgniter.php(933): App\Controllers\Admin\CategoryController->CatEditAction(1)
 2 SYSTEMPATH/CodeIgniter.php(507): CodeIgniter\CodeIgniter->runController(Object(App\Controllers\Admin\CategoryController))
 3 SYSTEMPATH/CodeIgniter.php(354): CodeIgniter\CodeIgniter->handleRequest(null, Object(Config\Cache), false)
 4 SYSTEMPATH/Boot.php(363): CodeIgniter\CodeIgniter->run()
 5 SYSTEMPATH/Boot.php(68): CodeIgniter\Boot::runCodeIgniter(Object(CodeIgniter\CodeIgniter))
 6 FCPATH/index.php(59): CodeIgniter\Boot::bootWeb(Object(Config\Paths))
WARNING - 2026-01-26 12:06:35 --> [DEPRECATED] Creation of dynamic property App\Controllers\Admin\CategoryController::$newCatData is deprecated in APPPATH/Controllers/Admin/CategoryController.php on line 110.
 1 SYSTEMPATH/CodeIgniter.php(933): App\Controllers\Admin\CategoryController->CatEditAction(1)
 2 SYSTEMPATH/CodeIgniter.php(507): CodeIgniter\CodeIgniter->runController(Object(App\Controllers\Admin\CategoryController))
 3 SYSTEMPATH/CodeIgniter.php(354): CodeIgniter\CodeIgniter->handleRequest(null, Object(Config\Cache), false)
 4 SYSTEMPATH/Boot.php(363): CodeIgniter\CodeIgniter->run()
 5 SYSTEMPATH/Boot.php(68): CodeIgniter\Boot::runCodeIgniter(Object(CodeIgniter\CodeIgniter))
 6 FCPATH/index.php(59): CodeIgniter\Boot::bootWeb(Object(Config\Paths))
DEBUG - 2026-01-26 12:06:35 --> Session: Class initialized using 'CodeIgniter\Session\Handlers\DatabaseHandler' driver.
WARNING - 2026-01-26 12:06:35 --> [DEPRECATED] Creation of dynamic property App\Controllers\Admin\CategoryController::$Cat is deprecated in APPPATH/Controllers/Admin/CategoryController.php on line 82.
 1 SYSTEMPATH/CodeIgniter.php(933): App\Controllers\Admin\CategoryController->CatEditShow(1)
 2 SYSTEMPATH/CodeIgniter.php(507): CodeIgniter\CodeIgniter->runController(Object(App\Controllers\Admin\CategoryController))
 3 SYSTEMPATH/CodeIgniter.php(354): CodeIgniter\CodeIgniter->handleRequest(null, Object(Config\Cache), false)
 4 SYSTEMPATH/Boot.php(363): CodeIgniter\CodeIgniter->run()
 5 SYSTEMPATH/Boot.php(68): CodeIgniter\Boot::runCodeIgniter(Object(CodeIgniter\CodeIgniter))
 6 FCPATH/index.php(59): CodeIgniter\Boot::bootWeb(Object(Config\Paths))
DEBUG - 2026-01-26 12:10:06 --> Session: Class initialized using 'CodeIgniter\Session\Handlers\DatabaseHandler' driver.
WARNING - 2026-01-26 12:10:06 --> [DEPRECATED] Creation of dynamic property App\Controllers\Admin\CategoryController::$oldCat is deprecated in APPPATH/Controllers/Admin/CategoryController.php on line 109.
 1 SYSTEMPATH/CodeIgniter.php(933): App\Controllers\Admin\CategoryController->CatEditAction(1)
 2 SYSTEMPATH/CodeIgniter.php(507): CodeIgniter\CodeIgniter->runController(Object(App\Controllers\Admin\CategoryController))
 3 SYSTEMPATH/CodeIgniter.php(354): CodeIgniter\CodeIgniter->handleRequest(null, Object(Config\Cache), false)
 4 SYSTEMPATH/Boot.php(363): CodeIgniter\CodeIgniter->run()
 5 SYSTEMPATH/Boot.php(68): CodeIgniter\Boot::runCodeIgniter(Object(CodeIgniter\CodeIgniter))
 6 FCPATH/index.php(59): CodeIgniter\Boot::bootWeb(Object(Config\Paths))
WARNING - 2026-01-26 12:10:06 --> [DEPRECATED] Creation of dynamic property App\Controllers\Admin\CategoryController::$catData is deprecated in APPPATH/Controllers/Admin/CategoryController.php on line 110.
 1 SYSTEMPATH/CodeIgniter.php(933): App\Controllers\Admin\CategoryController->CatEditAction(1)
 2 SYSTEMPATH/CodeIgniter.php(507): CodeIgniter\CodeIgniter->runController(Object(App\Controllers\Admin\CategoryController))
 3 SYSTEMPATH/CodeIgniter.php(354): CodeIgniter\CodeIgniter->handleRequest(null, Object(Config\Cache), false)
 4 SYSTEMPATH/Boot.php(363): CodeIgniter\CodeIgniter->run()
 5 SYSTEMPATH/Boot.php(68): CodeIgniter\Boot::runCodeIgniter(Object(CodeIgniter\CodeIgniter))
 6 FCPATH/index.php(59): CodeIgniter\Boot::bootWeb(Object(Config\Paths))
WARNING - 2026-01-26 12:10:06 --> [DEPRECATED] Creation of dynamic property App\Controllers\Admin\CategoryController::$newCatData is deprecated in APPPATH/Controllers/Admin/CategoryController.php on line 112.
 1 SYSTEMPATH/CodeIgniter.php(933): App\Controllers\Admin\CategoryController->CatEditAction(1)
 2 SYSTEMPATH/CodeIgniter.php(507): CodeIgniter\CodeIgniter->runController(Object(App\Controllers\Admin\CategoryController))
 3 SYSTEMPATH/CodeIgniter.php(354): CodeIgniter\CodeIgniter->handleRequest(null, Object(Config\Cache), false)
 4 SYSTEMPATH/Boot.php(363): CodeIgniter\CodeIgniter->run()
 5 SYSTEMPATH/Boot.php(68): CodeIgniter\Boot::runCodeIgniter(Object(CodeIgniter\CodeIgniter))
 6 FCPATH/index.php(59): CodeIgniter\Boot::bootWeb(Object(Config\Paths))
DEBUG - 2026-01-26 12:10:06 --> Session: Class initialized using 'CodeIgniter\Session\Handlers\DatabaseHandler' driver.
WARNING - 2026-01-26 12:10:06 --> [DEPRECATED] Creation of dynamic property App\Controllers\Admin\CategoryController::$Cat is deprecated in APPPATH/Controllers/Admin/CategoryController.php on line 82.
 1 SYSTEMPATH/CodeIgniter.php(933): App\Controllers\Admin\CategoryController->CatEditShow(1)
 2 SYSTEMPATH/CodeIgniter.php(507): CodeIgniter\CodeIgniter->runController(Object(App\Controllers\Admin\CategoryController))
 3 SYSTEMPATH/CodeIgniter.php(354): CodeIgniter\CodeIgniter->handleRequest(null, Object(Config\Cache), false)
 4 SYSTEMPATH/Boot.php(363): CodeIgniter\CodeIgniter->run()
 5 SYSTEMPATH/Boot.php(68): CodeIgniter\Boot::runCodeIgniter(Object(CodeIgniter\CodeIgniter))
 6 FCPATH/index.php(59): CodeIgniter\Boot::bootWeb(Object(Config\Paths))
DEBUG - 2026-01-26 12:10:09 --> Session: Class initialized using 'CodeIgniter\Session\Handlers\DatabaseHandler' driver.
WARNING - 2026-01-26 12:10:09 --> [DEPRECATED] Creation of dynamic property App\Controllers\Admin\CategoryController::$oldCat is deprecated in APPPATH/Controllers/Admin/CategoryController.php on line 109.
 1 SYSTEMPATH/CodeIgniter.php(933): App\Controllers\Admin\CategoryController->CatEditAction(1)
 2 SYSTEMPATH/CodeIgniter.php(507): CodeIgniter\CodeIgniter->runController(Object(App\Controllers\Admin\CategoryController))
 3 SYSTEMPATH/CodeIgniter.php(354): CodeIgniter\CodeIgniter->handleRequest(null, Object(Config\Cache), false)
 4 SYSTEMPATH/Boot.php(363): CodeIgniter\CodeIgniter->run()
 5 SYSTEMPATH/Boot.php(68): CodeIgniter\Boot::runCodeIgniter(Object(CodeIgniter\CodeIgniter))
 6 FCPATH/index.php(59): CodeIgniter\Boot::bootWeb(Object(Config\Paths))
WARNING - 2026-01-26 12:10:09 --> [DEPRECATED] Creation of dynamic property App\Controllers\Admin\CategoryController::$catData is deprecated in APPPATH/Controllers/Admin/CategoryController.php on line 110.
 1 SYSTEMPATH/CodeIgniter.php(933): App\Controllers\Admin\CategoryController->CatEditAction(1)
 2 SYSTEMPATH/CodeIgniter.php(507): CodeIgniter\CodeIgniter->runController(Object(App\Controllers\Admin\CategoryController))
 3 SYSTEMPATH/CodeIgniter.php(354): CodeIgniter\CodeIgniter->handleRequest(null, Object(Config\Cache), false)
 4 SYSTEMPATH/Boot.php(363): CodeIgniter\CodeIgniter->run()
 5 SYSTEMPATH/Boot.php(68): CodeIgniter\Boot::runCodeIgniter(Object(CodeIgniter\CodeIgniter))
 6 FCPATH/index.php(59): CodeIgniter\Boot::bootWeb(Object(Config\Paths))
WARNING - 2026-01-26 12:10:09 --> [DEPRECATED] Creation of dynamic property App\Controllers\Admin\CategoryController::$newCatData is deprecated in APPPATH/Controllers/Admin/CategoryController.php on line 112.
 1 SYSTEMPATH/CodeIgniter.php(933): App\Controllers\Admin\CategoryController->CatEditAction(1)
 2 SYSTEMPATH/CodeIgniter.php(507): CodeIgniter\CodeIgniter->runController(Object(App\Controllers\Admin\CategoryController))
 3 SYSTEMPATH/CodeIgniter.php(354): CodeIgniter\CodeIgniter->handleRequest(null, Object(Config\Cache), false)
 4 SYSTEMPATH/Boot.php(363): CodeIgniter\CodeIgniter->run()
 5 SYSTEMPATH/Boot.php(68): CodeIgniter\Boot::runCodeIgniter(Object(CodeIgniter\CodeIgniter))
 6 FCPATH/index.php(59): CodeIgniter\Boot::bootWeb(Object(Config\Paths))
DEBUG - 2026-01-26 12:10:09 --> Session: Class initialized using 'CodeIgniter\Session\Handlers\DatabaseHandler' driver.
WARNING - 2026-01-26 12:10:09 --> [DEPRECATED] Creation of dynamic property App\Controllers\Admin\CategoryController::$Cat is deprecated in APPPATH/Controllers/Admin/CategoryController.php on line 82.
 1 SYSTEMPATH/CodeIgniter.php(933): App\Controllers\Admin\CategoryController->CatEditShow(1)
 2 SYSTEMPATH/CodeIgniter.php(507): CodeIgniter\CodeIgniter->runController(Object(App\Controllers\Admin\CategoryController))
 3 SYSTEMPATH/CodeIgniter.php(354): CodeIgniter\CodeIgniter->handleRequest(null, Object(Config\Cache), false)
 4 SYSTEMPATH/Boot.php(363): CodeIgniter\CodeIgniter->run()
 5 SYSTEMPATH/Boot.php(68): CodeIgniter\Boot::runCodeIgniter(Object(CodeIgniter\CodeIgniter))
 6 FCPATH/index.php(59): CodeIgniter\Boot::bootWeb(Object(Config\Paths))
DEBUG - 2026-01-26 12:10:15 --> Session: Class initialized using 'CodeIgniter\Session\Handlers\DatabaseHandler' driver.
WARNING - 2026-01-26 12:10:15 --> [DEPRECATED] Creation of dynamic property App\Controllers\Admin\CategoryController::$oldCat is deprecated in APPPATH/Controllers/Admin/CategoryController.php on line 109.
 1 SYSTEMPATH/CodeIgniter.php(933): App\Controllers\Admin\CategoryController->CatEditAction(1)
 2 SYSTEMPATH/CodeIgniter.php(507): CodeIgniter\CodeIgniter->runController(Object(App\Controllers\Admin\CategoryController))
 3 SYSTEMPATH/CodeIgniter.php(354): CodeIgniter\CodeIgniter->handleRequest(null, Object(Config\Cache), false)
 4 SYSTEMPATH/Boot.php(363): CodeIgniter\CodeIgniter->run()
 5 SYSTEMPATH/Boot.php(68): CodeIgniter\Boot::runCodeIgniter(Object(CodeIgniter\CodeIgniter))
 6 FCPATH/index.php(59): CodeIgniter\Boot::bootWeb(Object(Config\Paths))
WARNING - 2026-01-26 12:10:15 --> [DEPRECATED] Creation of dynamic property App\Controllers\Admin\CategoryController::$catData is deprecated in APPPATH/Controllers/Admin/CategoryController.php on line 110.
 1 SYSTEMPATH/CodeIgniter.php(933): App\Controllers\Admin\CategoryController->CatEditAction(1)
 2 SYSTEMPATH/CodeIgniter.php(507): CodeIgniter\CodeIgniter->runController(Object(App\Controllers\Admin\CategoryController))
 3 SYSTEMPATH/CodeIgniter.php(354): CodeIgniter\CodeIgniter->handleRequest(null, Object(Config\Cache), false)
 4 SYSTEMPATH/Boot.php(363): CodeIgniter\CodeIgniter->run()
 5 SYSTEMPATH/Boot.php(68): CodeIgniter\Boot::runCodeIgniter(Object(CodeIgniter\CodeIgniter))
 6 FCPATH/index.php(59): CodeIgniter\Boot::bootWeb(Object(Config\Paths))
WARNING - 2026-01-26 12:10:15 --> [DEPRECATED] Creation of dynamic property App\Controllers\Admin\CategoryController::$newCatData is deprecated in APPPATH/Controllers/Admin/CategoryController.php on line 112.
 1 SYSTEMPATH/CodeIgniter.php(933): App\Controllers\Admin\CategoryController->CatEditAction(1)
 2 SYSTEMPATH/CodeIgniter.php(507): CodeIgniter\CodeIgniter->runController(Object(App\Controllers\Admin\CategoryController))
 3 SYSTEMPATH/CodeIgniter.php(354): CodeIgniter\CodeIgniter->handleRequest(null, Object(Config\Cache), false)
 4 SYSTEMPATH/Boot.php(363): CodeIgniter\CodeIgniter->run()
 5 SYSTEMPATH/Boot.php(68): CodeIgniter\Boot::runCodeIgniter(Object(CodeIgniter\CodeIgniter))
 6 FCPATH/index.php(59): CodeIgniter\Boot::bootWeb(Object(Config\Paths))
DEBUG - 2026-01-26 12:10:15 --> Session: Class initialized using 'CodeIgniter\Session\Handlers\DatabaseHandler' driver.
WARNING - 2026-01-26 12:10:15 --> [DEPRECATED] Creation of dynamic property App\Controllers\Admin\CategoryController::$Cat is deprecated in APPPATH/Controllers/Admin/CategoryController.php on line 82.
 1 SYSTEMPATH/CodeIgniter.php(933): App\Controllers\Admin\CategoryController->CatEditShow(1)
 2 SYSTEMPATH/CodeIgniter.php(507): CodeIgniter\CodeIgniter->runController(Object(App\Controllers\Admin\CategoryController))
 3 SYSTEMPATH/CodeIgniter.php(354): CodeIgniter\CodeIgniter->handleRequest(null, Object(Config\Cache), false)
 4 SYSTEMPATH/Boot.php(363): CodeIgniter\CodeIgniter->run()
 5 SYSTEMPATH/Boot.php(68): CodeIgniter\Boot::runCodeIgniter(Object(CodeIgniter\CodeIgniter))
 6 FCPATH/index.php(59): CodeIgniter\Boot::bootWeb(Object(Config\Paths))
DEBUG - 2026-01-26 12:10:19 --> Session: Class initialized using 'CodeIgniter\Session\Handlers\DatabaseHandler' driver.
DEBUG - 2026-01-26 12:14:40 --> Session: Class initialized using 'CodeIgniter\Session\Handlers\DatabaseHandler' driver.
WARNING - 2026-01-26 12:24:12 --> [DEPRECATED] Creation of dynamic property Config\Torrent::$imageDir is deprecated in APPPATH/Config/Torrent.php on line 114.
 1 SYSTEMPATH/Config/Factories.php(236): Config\Torrent->__construct()
 2 SYSTEMPATH/Config/Factories.php(170): CodeIgniter\Config\Factories::createInstance('config', 'Config\\Torrent', [])
 3 SYSTEMPATH/Config/Factories.php(189): CodeIgniter\Config\Factories::__callStatic('config', [])
 4 SYSTEMPATH/Common.php(208): CodeIgniter\Config\Factories::get('config', 'Torrent')
 5 APPPATH/Controllers/BaseController.php(131): config('Torrent')
 6 SYSTEMPATH/CodeIgniter.php(904): App\Controllers\BaseController->initController(Object(CodeIgniter\HTTP\IncomingRequest), Object(CodeIgniter\HTTP\Response), Object(CodeIgniter\Log\Logger))
 7 SYSTEMPATH/CodeIgniter.php(498): CodeIgniter\CodeIgniter->createController()
 8 SYSTEMPATH/CodeIgniter.php(354): CodeIgniter\CodeIgniter->handleRequest(null, Object(Config\Cache), false)
 9 SYSTEMPATH/Boot.php(363): CodeIgniter\CodeIgniter->run()
10 SYSTEMPATH/Boot.php(68): CodeIgniter\Boot::runCodeIgniter(Object(CodeIgniter\CodeIgniter))
11 FCPATH/index.php(59): CodeIgniter\Boot::bootWeb(Object(Config\Paths))
WARNING - 2026-01-26 12:24:12 --> [DEPRECATED] Creation of dynamic property Config\Torrent::$catImageDir is deprecated in APPPATH/Config/Torrent.php on line 115.
 1 SYSTEMPATH/Config/Factories.php(236): Config\Torrent->__construct()
 2 SYSTEMPATH/Config/Factories.php(170): CodeIgniter\Config\Factories::createInstance('config', 'Config\\Torrent', [])
 3 SYSTEMPATH/Config/Factories.php(189): CodeIgniter\Config\Factories::__callStatic('config', [])
 4 SYSTEMPATH/Common.php(208): CodeIgniter\Config\Factories::get('config', 'Torrent')
 5 APPPATH/Controllers/BaseController.php(131): config('Torrent')
 6 SYSTEMPATH/CodeIgniter.php(904): App\Controllers\BaseController->initController(Object(CodeIgniter\HTTP\IncomingRequest), Object(CodeIgniter\HTTP\Response), Object(CodeIgniter\Log\Logger))
 7 SYSTEMPATH/CodeIgniter.php(498): CodeIgniter\CodeIgniter->createController()
 8 SYSTEMPATH/CodeIgniter.php(354): CodeIgniter\CodeIgniter->handleRequest(null, Object(Config\Cache), false)
 9 SYSTEMPATH/Boot.php(363): CodeIgniter\CodeIgniter->run()
10 SYSTEMPATH/Boot.php(68): CodeIgniter\Boot::runCodeIgniter(Object(CodeIgniter\CodeIgniter))
11 FCPATH/index.php(59): CodeIgniter\Boot::bootWeb(Object(Config\Paths))
DEBUG - 2026-01-26 12:24:12 --> Session: Class initialized using 'CodeIgniter\Session\Handlers\DatabaseHandler' driver.
WARNING - 2026-01-26 12:24:12 --> [DEPRECATED] Creation of dynamic property Config\Torrent::$imageDir is deprecated in APPPATH/Config/Torrent.php on line 114.
 1 APPPATH/Helpers/avatar_helper.php(11): Config\Torrent->__construct()
 2 FCPATH/themes/front/widget/login.php(9): avatar('1.png', 200)
 3 FCPATH/themes/front/footer.php(4): include('/srv/http/torr.ws/public/themes/front/widget/login.php')
 4 SYSTEMPATH/View/View.php(226): include('/srv/http/torr.ws/public/themes/front/footer.php')
 5 SYSTEMPATH/View/View.php(229): CodeIgniter\View\View->{closure:CodeIgniter\View\View::render():223}()
 6 APPPATH/ThirdParty/templates/Themes.php(468): CodeIgniter\View\View->render('footer')
 7 APPPATH/Controllers/Home.php(51): Arifrh\Themes\Themes::render('home', [...])
 8 SYSTEMPATH/CodeIgniter.php(933): App\Controllers\Home->index()
 9 SYSTEMPATH/CodeIgniter.php(507): CodeIgniter\CodeIgniter->runController(Object(App\Controllers\Home))
10 SYSTEMPATH/CodeIgniter.php(354): CodeIgniter\CodeIgniter->handleRequest(null, Object(Config\Cache), false)
11 SYSTEMPATH/Boot.php(363): CodeIgniter\CodeIgniter->run()
12 SYSTEMPATH/Boot.php(68): CodeIgniter\Boot::runCodeIgniter(Object(CodeIgniter\CodeIgniter))
13 FCPATH/index.php(59): CodeIgniter\Boot::bootWeb(Object(Config\Paths))
WARNING - 2026-01-26 12:24:12 --> [DEPRECATED] Creation of dynamic property Config\Torrent::$catImageDir is deprecated in APPPATH/Config/Torrent.php on line 115.
 1 APPPATH/Helpers/avatar_helper.php(11): Config\Torrent->__construct()
 2 FCPATH/themes/front/widget/login.php(9): avatar('1.png', 200)
 3 FCPATH/themes/front/footer.php(4): include('/srv/http/torr.ws/public/themes/front/widget/login.php')
 4 SYSTEMPATH/View/View.php(226): include('/srv/http/torr.ws/public/themes/front/footer.php')
 5 SYSTEMPATH/View/View.php(229): CodeIgniter\View\View->{closure:CodeIgniter\View\View::render():223}()
 6 APPPATH/ThirdParty/templates/Themes.php(468): CodeIgniter\View\View->render('footer')
 7 APPPATH/Controllers/Home.php(51): Arifrh\Themes\Themes::render('home', [...])
 8 SYSTEMPATH/CodeIgniter.php(933): App\Controllers\Home->index()
 9 SYSTEMPATH/CodeIgniter.php(507): CodeIgniter\CodeIgniter->runController(Object(App\Controllers\Home))
10 SYSTEMPATH/CodeIgniter.php(354): CodeIgniter\CodeIgniter->handleRequest(null, Object(Config\Cache), false)
11 SYSTEMPATH/Boot.php(363): CodeIgniter\CodeIgniter->run()
12 SYSTEMPATH/Boot.php(68): CodeIgniter\Boot::runCodeIgniter(Object(CodeIgniter\CodeIgniter))
13 FCPATH/index.php(59): CodeIgniter\Boot::bootWeb(Object(Config\Paths))
WARNING - 2026-01-26 12:24:13 --> [DEPRECATED] Creation of dynamic property Config\Torrent::$imageDir is deprecated in APPPATH/Config/Torrent.php on line 114.
 1 SYSTEMPATH/Config/Factories.php(236): Config\Torrent->__construct()
 2 SYSTEMPATH/Config/Factories.php(170): CodeIgniter\Config\Factories::createInstance('config', 'Config\\Torrent', [])
 3 SYSTEMPATH/Config/Factories.php(189): CodeIgniter\Config\Factories::__callStatic('config', [])
 4 SYSTEMPATH/Common.php(208): CodeIgniter\Config\Factories::get('config', 'Torrent')
 5 APPPATH/Controllers/BaseController.php(131): config('Torrent')
 6 SYSTEMPATH/CodeIgniter.php(904): App\Controllers\BaseController->initController(Object(CodeIgniter\HTTP\IncomingRequest), Object(CodeIgniter\HTTP\Response), Object(CodeIgniter\Log\Logger))
 7 SYSTEMPATH/CodeIgniter.php(498): CodeIgniter\CodeIgniter->createController()
 8 SYSTEMPATH/CodeIgniter.php(354): CodeIgniter\CodeIgniter->handleRequest(null, Object(Config\Cache), false)
 9 SYSTEMPATH/Boot.php(363): CodeIgniter\CodeIgniter->run()
10 SYSTEMPATH/Boot.php(68): CodeIgniter\Boot::runCodeIgniter(Object(CodeIgniter\CodeIgniter))
11 FCPATH/index.php(59): CodeIgniter\Boot::bootWeb(Object(Config\Paths))
WARNING - 2026-01-26 12:24:13 --> [DEPRECATED] Creation of dynamic property Config\Torrent::$catImageDir is deprecated in APPPATH/Config/Torrent.php on line 115.
 1 SYSTEMPATH/Config/Factories.php(236): Config\Torrent->__construct()
 2 SYSTEMPATH/Config/Factories.php(170): CodeIgniter\Config\Factories::createInstance('config', 'Config\\Torrent', [])
 3 SYSTEMPATH/Config/Factories.php(189): CodeIgniter\Config\Factories::__callStatic('config', [])
 4 SYSTEMPATH/Common.php(208): CodeIgniter\Config\Factories::get('config', 'Torrent')
 5 APPPATH/Controllers/BaseController.php(131): config('Torrent')
 6 SYSTEMPATH/CodeIgniter.php(904): App\Controllers\BaseController->initController(Object(CodeIgniter\HTTP\IncomingRequest), Object(CodeIgniter\HTTP\Response), Object(CodeIgniter\Log\Logger))
 7 SYSTEMPATH/CodeIgniter.php(498): CodeIgniter\CodeIgniter->createController()
 8 SYSTEMPATH/CodeIgniter.php(354): CodeIgniter\CodeIgniter->handleRequest(null, Object(Config\Cache), false)
 9 SYSTEMPATH/Boot.php(363): CodeIgniter\CodeIgniter->run()
10 SYSTEMPATH/Boot.php(68): CodeIgniter\Boot::runCodeIgniter(Object(CodeIgniter\CodeIgniter))
11 FCPATH/index.php(59): CodeIgniter\Boot::bootWeb(Object(Config\Paths))
DEBUG - 2026-01-26 12:24:14 --> Session: Class initialized using 'CodeIgniter\Session\Handlers\DatabaseHandler' driver.
WARNING - 2026-01-26 12:24:14 --> [DEPRECATED] Creation of dynamic property Config\Torrent::$imageDir is deprecated in APPPATH/Config/Torrent.php on line 114.
 1 APPPATH/Helpers/avatar_helper.php(11): Config\Torrent->__construct()
 2 FCPATH/themes/front/widget/login.php(9): avatar('1.png', 200)
 3 FCPATH/themes/front/footer.php(4): include('/srv/http/torr.ws/public/themes/front/widget/login.php')
 4 SYSTEMPATH/View/View.php(226): include('/srv/http/torr.ws/public/themes/front/footer.php')
 5 SYSTEMPATH/View/View.php(229): CodeIgniter\View\View->{closure:CodeIgniter\View\View::render():223}()
 6 APPPATH/ThirdParty/templates/Themes.php(468): CodeIgniter\View\View->render('footer')
 7 APPPATH/Controllers/Home.php(51): Arifrh\Themes\Themes::render('home', [...])
 8 SYSTEMPATH/CodeIgniter.php(933): App\Controllers\Home->index()
 9 SYSTEMPATH/CodeIgniter.php(507): CodeIgniter\CodeIgniter->runController(Object(App\Controllers\Home))
10 SYSTEMPATH/CodeIgniter.php(354): CodeIgniter\CodeIgniter->handleRequest(null, Object(Config\Cache), false)
11 SYSTEMPATH/Boot.php(363): CodeIgniter\CodeIgniter->run()
12 SYSTEMPATH/Boot.php(68): CodeIgniter\Boot::runCodeIgniter(Object(CodeIgniter\CodeIgniter))
13 FCPATH/index.php(59): CodeIgniter\Boot::bootWeb(Object(Config\Paths))
WARNING - 2026-01-26 12:24:14 --> [DEPRECATED] Creation of dynamic property Config\Torrent::$catImageDir is deprecated in APPPATH/Config/Torrent.php on line 115.
 1 APPPATH/Helpers/avatar_helper.php(11): Config\Torrent->__construct()
 2 FCPATH/themes/front/widget/login.php(9): avatar('1.png', 200)
 3 FCPATH/themes/front/footer.php(4): include('/srv/http/torr.ws/public/themes/front/widget/login.php')
 4 SYSTEMPATH/View/View.php(226): include('/srv/http/torr.ws/public/themes/front/footer.php')
 5 SYSTEMPATH/View/View.php(229): CodeIgniter\View\View->{closure:CodeIgniter\View\View::render():223}()
 6 APPPATH/ThirdParty/templates/Themes.php(468): CodeIgniter\View\View->render('footer')
 7 APPPATH/Controllers/Home.php(51): Arifrh\Themes\Themes::render('home', [...])
 8 SYSTEMPATH/CodeIgniter.php(933): App\Controllers\Home->index()
 9 SYSTEMPATH/CodeIgniter.php(507): CodeIgniter\CodeIgniter->runController(Object(App\Controllers\Home))
10 SYSTEMPATH/CodeIgniter.php(354): CodeIgniter\CodeIgniter->handleRequest(null, Object(Config\Cache), false)
11 SYSTEMPATH/Boot.php(363): CodeIgniter\CodeIgniter->run()
12 SYSTEMPATH/Boot.php(68): CodeIgniter\Boot::runCodeIgniter(Object(CodeIgniter\CodeIgniter))
13 FCPATH/index.php(59): CodeIgniter\Boot::bootWeb(Object(Config\Paths))
WARNING - 2026-01-26 12:24:15 --> [DEPRECATED] Creation of dynamic property Config\Torrent::$imageDir is deprecated in APPPATH/Config/Torrent.php on line 114.
 1 SYSTEMPATH/Config/Factories.php(236): Config\Torrent->__construct()
 2 SYSTEMPATH/Config/Factories.php(170): CodeIgniter\Config\Factories::createInstance('config', 'Config\\Torrent', [])
 3 SYSTEMPATH/Config/Factories.php(189): CodeIgniter\Config\Factories::__callStatic('config', [])
 4 SYSTEMPATH/Common.php(208): CodeIgniter\Config\Factories::get('config', 'Torrent')
 5 APPPATH/Controllers/BaseController.php(131): config('Torrent')
 6 SYSTEMPATH/CodeIgniter.php(904): App\Controllers\BaseController->initController(Object(CodeIgniter\HTTP\IncomingRequest), Object(CodeIgniter\HTTP\Response), Object(CodeIgniter\Log\Logger))
 7 SYSTEMPATH/CodeIgniter.php(498): CodeIgniter\CodeIgniter->createController()
 8 SYSTEMPATH/CodeIgniter.php(354): CodeIgniter\CodeIgniter->handleRequest(null, Object(Config\Cache), false)
 9 SYSTEMPATH/Boot.php(363): CodeIgniter\CodeIgniter->run()
10 SYSTEMPATH/Boot.php(68): CodeIgniter\Boot::runCodeIgniter(Object(CodeIgniter\CodeIgniter))
11 FCPATH/index.php(59): CodeIgniter\Boot::bootWeb(Object(Config\Paths))
WARNING - 2026-01-26 12:24:15 --> [DEPRECATED] Creation of dynamic property Config\Torrent::$catImageDir is deprecated in APPPATH/Config/Torrent.php on line 115.
 1 SYSTEMPATH/Config/Factories.php(236): Config\Torrent->__construct()
 2 SYSTEMPATH/Config/Factories.php(170): CodeIgniter\Config\Factories::createInstance('config', 'Config\\Torrent', [])
 3 SYSTEMPATH/Config/Factories.php(189): CodeIgniter\Config\Factories::__callStatic('config', [])
 4 SYSTEMPATH/Common.php(208): CodeIgniter\Config\Factories::get('config', 'Torrent')
 5 APPPATH/Controllers/BaseController.php(131): config('Torrent')
 6 SYSTEMPATH/CodeIgniter.php(904): App\Controllers\BaseController->initController(Object(CodeIgniter\HTTP\IncomingRequest), Object(CodeIgniter\HTTP\Response), Object(CodeIgniter\Log\Logger))
 7 SYSTEMPATH/CodeIgniter.php(498): CodeIgniter\CodeIgniter->createController()
 8 SYSTEMPATH/CodeIgniter.php(354): CodeIgniter\CodeIgniter->handleRequest(null, Object(Config\Cache), false)
 9 SYSTEMPATH/Boot.php(363): CodeIgniter\CodeIgniter->run()
10 SYSTEMPATH/Boot.php(68): CodeIgniter\Boot::runCodeIgniter(Object(CodeIgniter\CodeIgniter))
11 FCPATH/index.php(59): CodeIgniter\Boot::bootWeb(Object(Config\Paths))
DEBUG - 2026-01-26 12:24:15 --> Session: Class initialized using 'CodeIgniter\Session\Handlers\DatabaseHandler' driver.
WARNING - 2026-01-26 12:24:15 --> [DEPRECATED] Creation of dynamic property Config\Torrent::$imageDir is deprecated in APPPATH/Config/Torrent.php on line 114.
 1 APPPATH/Helpers/avatar_helper.php(11): Config\Torrent->__construct()
 2 FCPATH/themes/front/widget/login.php(9): avatar('1.png', 200)
 3 FCPATH/themes/front/footer.php(4): include('/srv/http/torr.ws/public/themes/front/widget/login.php')
 4 SYSTEMPATH/View/View.php(226): include('/srv/http/torr.ws/public/themes/front/footer.php')
 5 SYSTEMPATH/View/View.php(229): CodeIgniter\View\View->{closure:CodeIgniter\View\View::render():223}()
 6 APPPATH/ThirdParty/templates/Themes.php(468): CodeIgniter\View\View->render('footer')
 7 APPPATH/Controllers/BrowseController.php(108): Arifrh\Themes\Themes::render('browse_view', [...])
 8 SYSTEMPATH/CodeIgniter.php(933): App\Controllers\BrowseController->BrowseView('zarubeznye-filmy')
 9 SYSTEMPATH/CodeIgniter.php(507): CodeIgniter\CodeIgniter->runController(Object(App\Controllers\BrowseController))
10 SYSTEMPATH/CodeIgniter.php(354): CodeIgniter\CodeIgniter->handleRequest(null, Object(Config\Cache), false)
11 SYSTEMPATH/Boot.php(363): CodeIgniter\CodeIgniter->run()
12 SYSTEMPATH/Boot.php(68): CodeIgniter\Boot::runCodeIgniter(Object(CodeIgniter\CodeIgniter))
13 FCPATH/index.php(59): CodeIgniter\Boot::bootWeb(Object(Config\Paths))
WARNING - 2026-01-26 12:24:15 --> [DEPRECATED] Creation of dynamic property Config\Torrent::$catImageDir is deprecated in APPPATH/Config/Torrent.php on line 115.
 1 APPPATH/Helpers/avatar_helper.php(11): Config\Torrent->__construct()
 2 FCPATH/themes/front/widget/login.php(9): avatar('1.png', 200)
 3 FCPATH/themes/front/footer.php(4): include('/srv/http/torr.ws/public/themes/front/widget/login.php')
 4 SYSTEMPATH/View/View.php(226): include('/srv/http/torr.ws/public/themes/front/footer.php')
 5 SYSTEMPATH/View/View.php(229): CodeIgniter\View\View->{closure:CodeIgniter\View\View::render():223}()
 6 APPPATH/ThirdParty/templates/Themes.php(468): CodeIgniter\View\View->render('footer')
 7 APPPATH/Controllers/BrowseController.php(108): Arifrh\Themes\Themes::render('browse_view', [...])
 8 SYSTEMPATH/CodeIgniter.php(933): App\Controllers\BrowseController->BrowseView('zarubeznye-filmy')
 9 SYSTEMPATH/CodeIgniter.php(507): CodeIgniter\CodeIgniter->runController(Object(App\Controllers\BrowseController))
10 SYSTEMPATH/CodeIgniter.php(354): CodeIgniter\CodeIgniter->handleRequest(null, Object(Config\Cache), false)
11 SYSTEMPATH/Boot.php(363): CodeIgniter\CodeIgniter->run()
12 SYSTEMPATH/Boot.php(68): CodeIgniter\Boot::runCodeIgniter(Object(CodeIgniter\CodeIgniter))
13 FCPATH/index.php(59): CodeIgniter\Boot::bootWeb(Object(Config\Paths))
WARNING - 2026-01-26 12:24:17 --> [DEPRECATED] Creation of dynamic property Config\Torrent::$imageDir is deprecated in APPPATH/Config/Torrent.php on line 114.
 1 SYSTEMPATH/Config/Factories.php(236): Config\Torrent->__construct()
 2 SYSTEMPATH/Config/Factories.php(170): CodeIgniter\Config\Factories::createInstance('config', 'Config\\Torrent', [])
 3 SYSTEMPATH/Config/Factories.php(189): CodeIgniter\Config\Factories::__callStatic('config', [])
 4 SYSTEMPATH/Common.php(208): CodeIgniter\Config\Factories::get('config', 'Torrent')
 5 APPPATH/Controllers/BaseController.php(131): config('Torrent')
 6 SYSTEMPATH/CodeIgniter.php(904): App\Controllers\BaseController->initController(Object(CodeIgniter\HTTP\IncomingRequest), Object(CodeIgniter\HTTP\Response), Object(CodeIgniter\Log\Logger))
 7 SYSTEMPATH/CodeIgniter.php(498): CodeIgniter\CodeIgniter->createController()
 8 SYSTEMPATH/CodeIgniter.php(354): CodeIgniter\CodeIgniter->handleRequest(null, Object(Config\Cache), false)
 9 SYSTEMPATH/Boot.php(363): CodeIgniter\CodeIgniter->run()
10 SYSTEMPATH/Boot.php(68): CodeIgniter\Boot::runCodeIgniter(Object(CodeIgniter\CodeIgniter))
11 FCPATH/index.php(59): CodeIgniter\Boot::bootWeb(Object(Config\Paths))
WARNING - 2026-01-26 12:24:17 --> [DEPRECATED] Creation of dynamic property Config\Torrent::$catImageDir is deprecated in APPPATH/Config/Torrent.php on line 115.
 1 SYSTEMPATH/Config/Factories.php(236): Config\Torrent->__construct()
 2 SYSTEMPATH/Config/Factories.php(170): CodeIgniter\Config\Factories::createInstance('config', 'Config\\Torrent', [])
 3 SYSTEMPATH/Config/Factories.php(189): CodeIgniter\Config\Factories::__callStatic('config', [])
 4 SYSTEMPATH/Common.php(208): CodeIgniter\Config\Factories::get('config', 'Torrent')
 5 APPPATH/Controllers/BaseController.php(131): config('Torrent')
 6 SYSTEMPATH/CodeIgniter.php(904): App\Controllers\BaseController->initController(Object(CodeIgniter\HTTP\IncomingRequest), Object(CodeIgniter\HTTP\Response), Object(CodeIgniter\Log\Logger))
 7 SYSTEMPATH/CodeIgniter.php(498): CodeIgniter\CodeIgniter->createController()
 8 SYSTEMPATH/CodeIgniter.php(354): CodeIgniter\CodeIgniter->handleRequest(null, Object(Config\Cache), false)
 9 SYSTEMPATH/Boot.php(363): CodeIgniter\CodeIgniter->run()
10 SYSTEMPATH/Boot.php(68): CodeIgniter\Boot::runCodeIgniter(Object(CodeIgniter\CodeIgniter))
11 FCPATH/index.php(59): CodeIgniter\Boot::bootWeb(Object(Config\Paths))
DEBUG - 2026-01-26 12:24:17 --> Session: Class initialized using 'CodeIgniter\Session\Handlers\DatabaseHandler' driver.
WARNING - 2026-01-26 12:24:17 --> [DEPRECATED] Creation of dynamic property Config\Torrent::$imageDir is deprecated in APPPATH/Config/Torrent.php on line 114.
 1 APPPATH/Helpers/avatar_helper.php(11): Config\Torrent->__construct()
 2 FCPATH/themes/front/widget/login.php(9): avatar('1.png', 200)
 3 FCPATH/themes/front/footer.php(4): include('/srv/http/torr.ws/public/themes/front/widget/login.php')
 4 SYSTEMPATH/View/View.php(226): include('/srv/http/torr.ws/public/themes/front/footer.php')
 5 SYSTEMPATH/View/View.php(229): CodeIgniter\View\View->{closure:CodeIgniter\View\View::render():223}()
 6 APPPATH/ThirdParty/templates/Themes.php(468): CodeIgniter\View\View->render('footer')
 7 APPPATH/Controllers/Home.php(51): Arifrh\Themes\Themes::render('home', [...])
 8 SYSTEMPATH/CodeIgniter.php(933): App\Controllers\Home->index()
 9 SYSTEMPATH/CodeIgniter.php(507): CodeIgniter\CodeIgniter->runController(Object(App\Controllers\Home))
10 SYSTEMPATH/CodeIgniter.php(354): CodeIgniter\CodeIgniter->handleRequest(null, Object(Config\Cache), false)
11 SYSTEMPATH/Boot.php(363): CodeIgniter\CodeIgniter->run()
12 SYSTEMPATH/Boot.php(68): CodeIgniter\Boot::runCodeIgniter(Object(CodeIgniter\CodeIgniter))
13 FCPATH/index.php(59): CodeIgniter\Boot::bootWeb(Object(Config\Paths))
WARNING - 2026-01-26 12:24:17 --> [DEPRECATED] Creation of dynamic property Config\Torrent::$catImageDir is deprecated in APPPATH/Config/Torrent.php on line 115.
 1 APPPATH/Helpers/avatar_helper.php(11): Config\Torrent->__construct()
 2 FCPATH/themes/front/widget/login.php(9): avatar('1.png', 200)
 3 FCPATH/themes/front/footer.php(4): include('/srv/http/torr.ws/public/themes/front/widget/login.php')
 4 SYSTEMPATH/View/View.php(226): include('/srv/http/torr.ws/public/themes/front/footer.php')
 5 SYSTEMPATH/View/View.php(229): CodeIgniter\View\View->{closure:CodeIgniter\View\View::render():223}()
 6 APPPATH/ThirdParty/templates/Themes.php(468): CodeIgniter\View\View->render('footer')
 7 APPPATH/Controllers/Home.php(51): Arifrh\Themes\Themes::render('home', [...])
 8 SYSTEMPATH/CodeIgniter.php(933): App\Controllers\Home->index()
 9 SYSTEMPATH/CodeIgniter.php(507): CodeIgniter\CodeIgniter->runController(Object(App\Controllers\Home))
10 SYSTEMPATH/CodeIgniter.php(354): CodeIgniter\CodeIgniter->handleRequest(null, Object(Config\Cache), false)
11 SYSTEMPATH/Boot.php(363): CodeIgniter\CodeIgniter->run()
12 SYSTEMPATH/Boot.php(68): CodeIgniter\Boot::runCodeIgniter(Object(CodeIgniter\CodeIgniter))
13 FCPATH/index.php(59): CodeIgniter\Boot::bootWeb(Object(Config\Paths))
WARNING - 2026-01-26 12:28:41 --> [DEPRECATED] Creation of dynamic property Config\Torrent::$imageDir is deprecated in APPPATH/Config/Torrent.php on line 114.
 1 SYSTEMPATH/Config/Factories.php(236): Config\Torrent->__construct()
 2 SYSTEMPATH/Config/Factories.php(170): CodeIgniter\Config\Factories::createInstance('config', 'Config\\Torrent', [])
 3 SYSTEMPATH/Config/Factories.php(189): CodeIgniter\Config\Factories::__callStatic('config', [])
 4 SYSTEMPATH/Common.php(208): CodeIgniter\Config\Factories::get('config', 'Torrent')
 5 APPPATH/Controllers/BaseController.php(131): config('Torrent')
 6 SYSTEMPATH/CodeIgniter.php(904): App\Controllers\BaseController->initController(Object(CodeIgniter\HTTP\IncomingRequest), Object(CodeIgniter\HTTP\Response), Object(CodeIgniter\Log\Logger))
 7 SYSTEMPATH/CodeIgniter.php(498): CodeIgniter\CodeIgniter->createController()
 8 SYSTEMPATH/CodeIgniter.php(354): CodeIgniter\CodeIgniter->handleRequest(null, Object(Config\Cache), false)
 9 SYSTEMPATH/Boot.php(363): CodeIgniter\CodeIgniter->run()
10 SYSTEMPATH/Boot.php(68): CodeIgniter\Boot::runCodeIgniter(Object(CodeIgniter\CodeIgniter))
11 FCPATH/index.php(59): CodeIgniter\Boot::bootWeb(Object(Config\Paths))
WARNING - 2026-01-26 12:28:41 --> [DEPRECATED] Creation of dynamic property Config\Torrent::$catImageDir is deprecated in APPPATH/Config/Torrent.php on line 115.
 1 SYSTEMPATH/Config/Factories.php(236): Config\Torrent->__construct()
 2 SYSTEMPATH/Config/Factories.php(170): CodeIgniter\Config\Factories::createInstance('config', 'Config\\Torrent', [])
 3 SYSTEMPATH/Config/Factories.php(189): CodeIgniter\Config\Factories::__callStatic('config', [])
 4 SYSTEMPATH/Common.php(208): CodeIgniter\Config\Factories::get('config', 'Torrent')
 5 APPPATH/Controllers/BaseController.php(131): config('Torrent')
 6 SYSTEMPATH/CodeIgniter.php(904): App\Controllers\BaseController->initController(Object(CodeIgniter\HTTP\IncomingRequest), Object(CodeIgniter\HTTP\Response), Object(CodeIgniter\Log\Logger))
 7 SYSTEMPATH/CodeIgniter.php(498): CodeIgniter\CodeIgniter->createController()
 8 SYSTEMPATH/CodeIgniter.php(354): CodeIgniter\CodeIgniter->handleRequest(null, Object(Config\Cache), false)
 9 SYSTEMPATH/Boot.php(363): CodeIgniter\CodeIgniter->run()
10 SYSTEMPATH/Boot.php(68): CodeIgniter\Boot::runCodeIgniter(Object(CodeIgniter\CodeIgniter))
11 FCPATH/index.php(59): CodeIgniter\Boot::bootWeb(Object(Config\Paths))
DEBUG - 2026-01-26 12:28:41 --> Session: Class initialized using 'CodeIgniter\Session\Handlers\DatabaseHandler' driver.
CRITICAL - 2026-01-26 12:28:41 --> ErrorException: Undefined property: App\Controllers\Home::$catImageDir
[Method: GET, Route: /]
in APPPATH/Controllers/BaseController.php on line 175.
 1 APPPATH/Controllers/BaseController.php(175): CodeIgniter\Debug\Exceptions->errorHandler()
 2 SYSTEMPATH/CodeIgniter.php(904): App\Controllers\BaseController->initController()
 3 SYSTEMPATH/CodeIgniter.php(498): CodeIgniter\CodeIgniter->createController()
 4 SYSTEMPATH/CodeIgniter.php(354): CodeIgniter\CodeIgniter->handleRequest()
 5 SYSTEMPATH/Boot.php(363): CodeIgniter\CodeIgniter->run()
 6 SYSTEMPATH/Boot.php(68): CodeIgniter\Boot::runCodeIgniter()
 7 FCPATH/index.php(59): CodeIgniter\Boot::bootWeb()
WARNING - 2026-01-26 12:29:25 --> [DEPRECATED] Creation of dynamic property Config\Torrent::$imageDir is deprecated in APPPATH/Config/Torrent.php on line 114.
 1 SYSTEMPATH/Config/Factories.php(236): Config\Torrent->__construct()
 2 SYSTEMPATH/Config/Factories.php(170): CodeIgniter\Config\Factories::createInstance('config', 'Config\\Torrent', [])
 3 SYSTEMPATH/Config/Factories.php(189): CodeIgniter\Config\Factories::__callStatic('config', [])
 4 SYSTEMPATH/Common.php(208): CodeIgniter\Config\Factories::get('config', 'Torrent')
 5 APPPATH/Controllers/BaseController.php(131): config('Torrent')
 6 SYSTEMPATH/CodeIgniter.php(904): App\Controllers\BaseController->initController(Object(CodeIgniter\HTTP\IncomingRequest), Object(CodeIgniter\HTTP\Response), Object(CodeIgniter\Log\Logger))
 7 SYSTEMPATH/CodeIgniter.php(498): CodeIgniter\CodeIgniter->createController()
 8 SYSTEMPATH/CodeIgniter.php(354): CodeIgniter\CodeIgniter->handleRequest(null, Object(Config\Cache), false)
 9 SYSTEMPATH/Boot.php(363): CodeIgniter\CodeIgniter->run()
10 SYSTEMPATH/Boot.php(68): CodeIgniter\Boot::runCodeIgniter(Object(CodeIgniter\CodeIgniter))
11 FCPATH/index.php(59): CodeIgniter\Boot::bootWeb(Object(Config\Paths))
WARNING - 2026-01-26 12:29:25 --> [DEPRECATED] Creation of dynamic property Config\Torrent::$catImageDir is deprecated in APPPATH/Config/Torrent.php on line 115.
 1 SYSTEMPATH/Config/Factories.php(236): Config\Torrent->__construct()
 2 SYSTEMPATH/Config/Factories.php(170): CodeIgniter\Config\Factories::createInstance('config', 'Config\\Torrent', [])
 3 SYSTEMPATH/Config/Factories.php(189): CodeIgniter\Config\Factories::__callStatic('config', [])
 4 SYSTEMPATH/Common.php(208): CodeIgniter\Config\Factories::get('config', 'Torrent')
 5 APPPATH/Controllers/BaseController.php(131): config('Torrent')
 6 SYSTEMPATH/CodeIgniter.php(904): App\Controllers\BaseController->initController(Object(CodeIgniter\HTTP\IncomingRequest), Object(CodeIgniter\HTTP\Response), Object(CodeIgniter\Log\Logger))
 7 SYSTEMPATH/CodeIgniter.php(498): CodeIgniter\CodeIgniter->createController()
 8 SYSTEMPATH/CodeIgniter.php(354): CodeIgniter\CodeIgniter->handleRequest(null, Object(Config\Cache), false)
 9 SYSTEMPATH/Boot.php(363): CodeIgniter\CodeIgniter->run()
10 SYSTEMPATH/Boot.php(68): CodeIgniter\Boot::runCodeIgniter(Object(CodeIgniter\CodeIgniter))
11 FCPATH/index.php(59): CodeIgniter\Boot::bootWeb(Object(Config\Paths))
DEBUG - 2026-01-26 12:29:25 --> Session: Class initialized using 'CodeIgniter\Session\Handlers\DatabaseHandler' driver.
WARNING - 2026-01-26 12:29:25 --> [DEPRECATED] Creation of dynamic property Config\Torrent::$imageDir is deprecated in APPPATH/Config/Torrent.php on line 114.
 1 APPPATH/Helpers/avatar_helper.php(11): Config\Torrent->__construct()
 2 FCPATH/themes/front/widget/login.php(9): avatar('1.png', 200)
 3 FCPATH/themes/front/footer.php(4): include('/srv/http/torr.ws/public/themes/front/widget/login.php')
 4 SYSTEMPATH/View/View.php(226): include('/srv/http/torr.ws/public/themes/front/footer.php')
 5 SYSTEMPATH/View/View.php(229): CodeIgniter\View\View->{closure:CodeIgniter\View\View::render():223}()
 6 APPPATH/ThirdParty/templates/Themes.php(468): CodeIgniter\View\View->render('footer')
 7 APPPATH/Controllers/Home.php(51): Arifrh\Themes\Themes::render('home', [...])
 8 SYSTEMPATH/CodeIgniter.php(933): App\Controllers\Home->index()
 9 SYSTEMPATH/CodeIgniter.php(507): CodeIgniter\CodeIgniter->runController(Object(App\Controllers\Home))
10 SYSTEMPATH/CodeIgniter.php(354): CodeIgniter\CodeIgniter->handleRequest(null, Object(Config\Cache), false)
11 SYSTEMPATH/Boot.php(363): CodeIgniter\CodeIgniter->run()
12 SYSTEMPATH/Boot.php(68): CodeIgniter\Boot::runCodeIgniter(Object(CodeIgniter\CodeIgniter))
13 FCPATH/index.php(59): CodeIgniter\Boot::bootWeb(Object(Config\Paths))
WARNING - 2026-01-26 12:29:25 --> [DEPRECATED] Creation of dynamic property Config\Torrent::$catImageDir is deprecated in APPPATH/Config/Torrent.php on line 115.
 1 APPPATH/Helpers/avatar_helper.php(11): Config\Torrent->__construct()
 2 FCPATH/themes/front/widget/login.php(9): avatar('1.png', 200)
 3 FCPATH/themes/front/footer.php(4): include('/srv/http/torr.ws/public/themes/front/widget/login.php')
 4 SYSTEMPATH/View/View.php(226): include('/srv/http/torr.ws/public/themes/front/footer.php')
 5 SYSTEMPATH/View/View.php(229): CodeIgniter\View\View->{closure:CodeIgniter\View\View::render():223}()
 6 APPPATH/ThirdParty/templates/Themes.php(468): CodeIgniter\View\View->render('footer')
 7 APPPATH/Controllers/Home.php(51): Arifrh\Themes\Themes::render('home', [...])
 8 SYSTEMPATH/CodeIgniter.php(933): App\Controllers\Home->index()
 9 SYSTEMPATH/CodeIgniter.php(507): CodeIgniter\CodeIgniter->runController(Object(App\Controllers\Home))
10 SYSTEMPATH/CodeIgniter.php(354): CodeIgniter\CodeIgniter->handleRequest(null, Object(Config\Cache), false)
11 SYSTEMPATH/Boot.php(363): CodeIgniter\CodeIgniter->run()
12 SYSTEMPATH/Boot.php(68): CodeIgniter\Boot::runCodeIgniter(Object(CodeIgniter\CodeIgniter))
13 FCPATH/index.php(59): CodeIgniter\Boot::bootWeb(Object(Config\Paths))
WARNING - 2026-01-26 12:30:04 --> [DEPRECATED] Creation of dynamic property Config\Torrent::$imageDir is deprecated in APPPATH/Config/Torrent.php on line 114.
 1 SYSTEMPATH/Config/Factories.php(236): Config\Torrent->__construct()
 2 SYSTEMPATH/Config/Factories.php(170): CodeIgniter\Config\Factories::createInstance('config', 'Config\\Torrent', [])
 3 SYSTEMPATH/Config/Factories.php(189): CodeIgniter\Config\Factories::__callStatic('config', [])
 4 SYSTEMPATH/Common.php(208): CodeIgniter\Config\Factories::get('config', 'Torrent')
 5 APPPATH/Controllers/BaseController.php(131): config('Torrent')
 6 SYSTEMPATH/CodeIgniter.php(904): App\Controllers\BaseController->initController(Object(CodeIgniter\HTTP\IncomingRequest), Object(CodeIgniter\HTTP\Response), Object(CodeIgniter\Log\Logger))
 7 SYSTEMPATH/CodeIgniter.php(498): CodeIgniter\CodeIgniter->createController()
 8 SYSTEMPATH/CodeIgniter.php(354): CodeIgniter\CodeIgniter->handleRequest(null, Object(Config\Cache), false)
 9 SYSTEMPATH/Boot.php(363): CodeIgniter\CodeIgniter->run()
10 SYSTEMPATH/Boot.php(68): CodeIgniter\Boot::runCodeIgniter(Object(CodeIgniter\CodeIgniter))
11 FCPATH/index.php(59): CodeIgniter\Boot::bootWeb(Object(Config\Paths))
WARNING - 2026-01-26 12:30:04 --> [DEPRECATED] Creation of dynamic property Config\Torrent::$catImageDir is deprecated in APPPATH/Config/Torrent.php on line 115.
 1 SYSTEMPATH/Config/Factories.php(236): Config\Torrent->__construct()
 2 SYSTEMPATH/Config/Factories.php(170): CodeIgniter\Config\Factories::createInstance('config', 'Config\\Torrent', [])
 3 SYSTEMPATH/Config/Factories.php(189): CodeIgniter\Config\Factories::__callStatic('config', [])
 4 SYSTEMPATH/Common.php(208): CodeIgniter\Config\Factories::get('config', 'Torrent')
 5 APPPATH/Controllers/BaseController.php(131): config('Torrent')
 6 SYSTEMPATH/CodeIgniter.php(904): App\Controllers\BaseController->initController(Object(CodeIgniter\HTTP\IncomingRequest), Object(CodeIgniter\HTTP\Response), Object(CodeIgniter\Log\Logger))
 7 SYSTEMPATH/CodeIgniter.php(498): CodeIgniter\CodeIgniter->createController()
 8 SYSTEMPATH/CodeIgniter.php(354): CodeIgniter\CodeIgniter->handleRequest(null, Object(Config\Cache), false)
 9 SYSTEMPATH/Boot.php(363): CodeIgniter\CodeIgniter->run()
10 SYSTEMPATH/Boot.php(68): CodeIgniter\Boot::runCodeIgniter(Object(CodeIgniter\CodeIgniter))
11 FCPATH/index.php(59): CodeIgniter\Boot::bootWeb(Object(Config\Paths))
DEBUG - 2026-01-26 12:30:04 --> Session: Class initialized using 'CodeIgniter\Session\Handlers\DatabaseHandler' driver.
WARNING - 2026-01-26 12:30:04 --> [DEPRECATED] Creation of dynamic property Config\Torrent::$imageDir is deprecated in APPPATH/Config/Torrent.php on line 114.
 1 APPPATH/Helpers/avatar_helper.php(11): Config\Torrent->__construct()
 2 FCPATH/themes/front/widget/login.php(9): avatar('1.png', 200)
 3 FCPATH/themes/front/footer.php(4): include('/srv/http/torr.ws/public/themes/front/widget/login.php')
 4 SYSTEMPATH/View/View.php(226): include('/srv/http/torr.ws/public/themes/front/footer.php')
 5 SYSTEMPATH/View/View.php(229): CodeIgniter\View\View->{closure:CodeIgniter\View\View::render():223}()
 6 APPPATH/ThirdParty/templates/Themes.php(468): CodeIgniter\View\View->render('footer')
 7 APPPATH/Controllers/Home.php(51): Arifrh\Themes\Themes::render('home', [...])
 8 SYSTEMPATH/CodeIgniter.php(933): App\Controllers\Home->index()
 9 SYSTEMPATH/CodeIgniter.php(507): CodeIgniter\CodeIgniter->runController(Object(App\Controllers\Home))
10 SYSTEMPATH/CodeIgniter.php(354): CodeIgniter\CodeIgniter->handleRequest(null, Object(Config\Cache), false)
11 SYSTEMPATH/Boot.php(363): CodeIgniter\CodeIgniter->run()
12 SYSTEMPATH/Boot.php(68): CodeIgniter\Boot::runCodeIgniter(Object(CodeIgniter\CodeIgniter))
13 FCPATH/index.php(59): CodeIgniter\Boot::bootWeb(Object(Config\Paths))
WARNING - 2026-01-26 12:30:04 --> [DEPRECATED] Creation of dynamic property Config\Torrent::$catImageDir is deprecated in APPPATH/Config/Torrent.php on line 115.
 1 APPPATH/Helpers/avatar_helper.php(11): Config\Torrent->__construct()
 2 FCPATH/themes/front/widget/login.php(9): avatar('1.png', 200)
 3 FCPATH/themes/front/footer.php(4): include('/srv/http/torr.ws/public/themes/front/widget/login.php')
 4 SYSTEMPATH/View/View.php(226): include('/srv/http/torr.ws/public/themes/front/footer.php')
 5 SYSTEMPATH/View/View.php(229): CodeIgniter\View\View->{closure:CodeIgniter\View\View::render():223}()
 6 APPPATH/ThirdParty/templates/Themes.php(468): CodeIgniter\View\View->render('footer')
 7 APPPATH/Controllers/Home.php(51): Arifrh\Themes\Themes::render('home', [...])
 8 SYSTEMPATH/CodeIgniter.php(933): App\Controllers\Home->index()
 9 SYSTEMPATH/CodeIgniter.php(507): CodeIgniter\CodeIgniter->runController(Object(App\Controllers\Home))
10 SYSTEMPATH/CodeIgniter.php(354): CodeIgniter\CodeIgniter->handleRequest(null, Object(Config\Cache), false)
11 SYSTEMPATH/Boot.php(363): CodeIgniter\CodeIgniter->run()
12 SYSTEMPATH/Boot.php(68): CodeIgniter\Boot::runCodeIgniter(Object(CodeIgniter\CodeIgniter))
13 FCPATH/index.php(59): CodeIgniter\Boot::bootWeb(Object(Config\Paths))
WARNING - 2026-01-26 12:31:18 --> [DEPRECATED] Creation of dynamic property Config\Torrent::$imageDir is deprecated in APPPATH/Config/Torrent.php on line 114.
 1 SYSTEMPATH/Config/Factories.php(236): Config\Torrent->__construct()
 2 SYSTEMPATH/Config/Factories.php(170): CodeIgniter\Config\Factories::createInstance('config', 'Config\\Torrent', [])
 3 SYSTEMPATH/Config/Factories.php(189): CodeIgniter\Config\Factories::__callStatic('config', [])
 4 SYSTEMPATH/Common.php(208): CodeIgniter\Config\Factories::get('config', 'Torrent')
 5 APPPATH/Controllers/BaseController.php(131): config('Torrent')
 6 SYSTEMPATH/CodeIgniter.php(904): App\Controllers\BaseController->initController(Object(CodeIgniter\HTTP\IncomingRequest), Object(CodeIgniter\HTTP\Response), Object(CodeIgniter\Log\Logger))
 7 SYSTEMPATH/CodeIgniter.php(498): CodeIgniter\CodeIgniter->createController()
 8 SYSTEMPATH/CodeIgniter.php(354): CodeIgniter\CodeIgniter->handleRequest(null, Object(Config\Cache), false)
 9 SYSTEMPATH/Boot.php(363): CodeIgniter\CodeIgniter->run()
10 SYSTEMPATH/Boot.php(68): CodeIgniter\Boot::runCodeIgniter(Object(CodeIgniter\CodeIgniter))
11 FCPATH/index.php(59): CodeIgniter\Boot::bootWeb(Object(Config\Paths))
WARNING - 2026-01-26 12:31:18 --> [DEPRECATED] Creation of dynamic property Config\Torrent::$catImageDir is deprecated in APPPATH/Config/Torrent.php on line 115.
 1 SYSTEMPATH/Config/Factories.php(236): Config\Torrent->__construct()
 2 SYSTEMPATH/Config/Factories.php(170): CodeIgniter\Config\Factories::createInstance('config', 'Config\\Torrent', [])
 3 SYSTEMPATH/Config/Factories.php(189): CodeIgniter\Config\Factories::__callStatic('config', [])
 4 SYSTEMPATH/Common.php(208): CodeIgniter\Config\Factories::get('config', 'Torrent')
 5 APPPATH/Controllers/BaseController.php(131): config('Torrent')
 6 SYSTEMPATH/CodeIgniter.php(904): App\Controllers\BaseController->initController(Object(CodeIgniter\HTTP\IncomingRequest), Object(CodeIgniter\HTTP\Response), Object(CodeIgniter\Log\Logger))
 7 SYSTEMPATH/CodeIgniter.php(498): CodeIgniter\CodeIgniter->createController()
 8 SYSTEMPATH/CodeIgniter.php(354): CodeIgniter\CodeIgniter->handleRequest(null, Object(Config\Cache), false)
 9 SYSTEMPATH/Boot.php(363): CodeIgniter\CodeIgniter->run()
10 SYSTEMPATH/Boot.php(68): CodeIgniter\Boot::runCodeIgniter(Object(CodeIgniter\CodeIgniter))
11 FCPATH/index.php(59): CodeIgniter\Boot::bootWeb(Object(Config\Paths))
DEBUG - 2026-01-26 12:31:18 --> Session: Class initialized using 'CodeIgniter\Session\Handlers\DatabaseHandler' driver.
WARNING - 2026-01-26 12:31:18 --> [DEPRECATED] Creation of dynamic property Config\Torrent::$imageDir is deprecated in APPPATH/Config/Torrent.php on line 114.
 1 APPPATH/Helpers/avatar_helper.php(11): Config\Torrent->__construct()
 2 FCPATH/themes/front/widget/login.php(9): avatar('1.png', 200)
 3 FCPATH/themes/front/footer.php(4): include('/srv/http/torr.ws/public/themes/front/widget/login.php')
 4 SYSTEMPATH/View/View.php(226): include('/srv/http/torr.ws/public/themes/front/footer.php')
 5 SYSTEMPATH/View/View.php(229): CodeIgniter\View\View->{closure:CodeIgniter\View\View::render():223}()
 6 APPPATH/ThirdParty/templates/Themes.php(468): CodeIgniter\View\View->render('footer')
 7 APPPATH/Controllers/Home.php(51): Arifrh\Themes\Themes::render('home', [...])
 8 SYSTEMPATH/CodeIgniter.php(933): App\Controllers\Home->index()
 9 SYSTEMPATH/CodeIgniter.php(507): CodeIgniter\CodeIgniter->runController(Object(App\Controllers\Home))
10 SYSTEMPATH/CodeIgniter.php(354): CodeIgniter\CodeIgniter->handleRequest(null, Object(Config\Cache), false)
11 SYSTEMPATH/Boot.php(363): CodeIgniter\CodeIgniter->run()
12 SYSTEMPATH/Boot.php(68): CodeIgniter\Boot::runCodeIgniter(Object(CodeIgniter\CodeIgniter))
13 FCPATH/index.php(59): CodeIgniter\Boot::bootWeb(Object(Config\Paths))
WARNING - 2026-01-26 12:31:18 --> [DEPRECATED] Creation of dynamic property Config\Torrent::$catImageDir is deprecated in APPPATH/Config/Torrent.php on line 115.
 1 APPPATH/Helpers/avatar_helper.php(11): Config\Torrent->__construct()
 2 FCPATH/themes/front/widget/login.php(9): avatar('1.png', 200)
 3 FCPATH/themes/front/footer.php(4): include('/srv/http/torr.ws/public/themes/front/widget/login.php')
 4 SYSTEMPATH/View/View.php(226): include('/srv/http/torr.ws/public/themes/front/footer.php')
 5 SYSTEMPATH/View/View.php(229): CodeIgniter\View\View->{closure:CodeIgniter\View\View::render():223}()
 6 APPPATH/ThirdParty/templates/Themes.php(468): CodeIgniter\View\View->render('footer')
 7 APPPATH/Controllers/Home.php(51): Arifrh\Themes\Themes::render('home', [...])
 8 SYSTEMPATH/CodeIgniter.php(933): App\Controllers\Home->index()
 9 SYSTEMPATH/CodeIgniter.php(507): CodeIgniter\CodeIgniter->runController(Object(App\Controllers\Home))
10 SYSTEMPATH/CodeIgniter.php(354): CodeIgniter\CodeIgniter->handleRequest(null, Object(Config\Cache), false)
11 SYSTEMPATH/Boot.php(363): CodeIgniter\CodeIgniter->run()
12 SYSTEMPATH/Boot.php(68): CodeIgniter\Boot::runCodeIgniter(Object(CodeIgniter\CodeIgniter))
13 FCPATH/index.php(59): CodeIgniter\Boot::bootWeb(Object(Config\Paths))
                                                                                                                                                                                                                                                                                                                                                                                                         WARNING - 2026-01-26 12:38:58 --> [DEPRECATED] Creation of dynamic property Config\Torrent::$imageDir is deprecated in APPPATH/Config/Torrent.php on line 114.
 1 SYSTEMPATH/Config/Factories.php(236): Config\Torrent->__construct()
 2 SYSTEMPATH/Config/Factories.php(170): CodeIgniter\Config\Factories::createInstance('config', 'Config\\Torrent', [])
 3 SYSTEMPATH/Config/Factories.php(189): CodeIgniter\Config\Factories::__callStatic('config', [])
 4 SYSTEMPATH/Common.php(208): CodeIgniter\Config\Factories::get('config', 'Torrent')
 5 APPPATH/Controllers/BaseController.php(131): config('Torrent')
 6 SYSTEMPATH/CodeIgniter.php(904): App\Controllers\BaseController->initController(Object(CodeIgniter\HTTP\IncomingRequest), Object(CodeIgniter\HTTP\Response), Object(CodeIgniter\Log\Logger))
 7 SYSTEMPATH/CodeIgniter.php(498): CodeIgniter\CodeIgniter->createController()
 8 SYSTEMPATH/CodeIgniter.php(354): CodeIgniter\CodeIgniter->handleRequest(null, Object(Config\Cache), false)
 9 SYSTEMPATH/Boot.php(363): CodeIgniter\CodeIgniter->run()
10 SYSTEMPATH/Boot.php(68): CodeIgniter\Boot::runCodeIgniter(Object(CodeIgniter\CodeIgniter))
11 FCPATH/index.php(59): CodeIgniter\Boot::bootWeb(Object(Config\Paths))
WARNING - 2026-01-26 12:38:58 --> [DEPRECATED] Creation of dynamic property Config\Torrent::$catImageDir is deprecated in APPPATH/Config/Torrent.php on line 115.
 1 SYSTEMPATH/Config/Factories.php(236): Config\Torrent->__construct()
 2 SYSTEMPATH/Config/Factories.php(170): CodeIgniter\Config\Factories::createInstance('config', 'Config\\Torrent', [])
 3 SYSTEMPATH/Config/Factories.php(189): CodeIgniter\Config\Factories::__callStatic('config', [])
 4 SYSTEMPATH/Common.php(208): CodeIgniter\Config\Factories::get('config', 'Torrent')
 5 APPPATH/Controllers/BaseController.php(131): config('Torrent')
 6 SYSTEMPATH/CodeIgniter.php(904): App\Controllers\BaseController->initController(Object(CodeIgniter\HTTP\IncomingRequest), Object(CodeIgniter\HTTP\Response), Object(CodeIgniter\Log\Logger))
 7 SYSTEMPATH/CodeIgniter.php(498): CodeIgniter\CodeIgniter->createController()
 8 SYSTEMPATH/CodeIgniter.php(354): CodeIgniter\CodeIgniter->handleRequest(null, Object(Config\Cache), false)
 9 SYSTEMPATH/Boot.php(363): CodeIgniter\CodeIgniter->run()
10 SYSTEMPATH/Boot.php(68): CodeIgniter\Boot::runCodeIgniter(Object(CodeIgniter\CodeIgniter))
11 FCPATH/index.php(59): CodeIgniter\Boot::bootWeb(Object(Config\Paths))
DEBUG - 2026-01-26 12:38:58 --> Session: Class initialized using 'CodeIgniter\Session\Handlers\DatabaseHandler' driver.
WARNING - 2026-01-26 12:38:58 --> [DEPRECATED] Creation of dynamic property Config\Torrent::$imageDir is deprecated in APPPATH/Config/Torrent.php on line 114.
 1 APPPATH/Helpers/avatar_helper.php(11): Config\Torrent->__construct()
 2 FCPATH/themes/front/widget/login.php(9): avatar('1.png', 200)
 3 FCPATH/themes/front/footer.php(4): include('/srv/http/torr.ws/public/themes/front/widget/login.php')
 4 SYSTEMPATH/View/View.php(226): include('/srv/http/torr.ws/public/themes/front/footer.php')
 5 SYSTEMPATH/View/View.php(229): CodeIgniter\View\View->{closure:CodeIgniter\View\View::render():223}()
 6 APPPATH/ThirdParty/templates/Themes.php(468): CodeIgniter\View\View->render('footer')
 7 APPPATH/Controllers/Home.php(51): Arifrh\Themes\Themes::render('home', [...])
 8 SYSTEMPATH/CodeIgniter.php(933): App\Controllers\Home->index()
 9 SYSTEMPATH/CodeIgniter.php(507): CodeIgniter\CodeIgniter->runController(Object(App\Controllers\Home))
10 SYSTEMPATH/CodeIgniter.php(354): CodeIgniter\CodeIgniter->handleRequest(null, Object(Config\Cache), false)
11 SYSTEMPATH/Boot.php(363): CodeIgniter\CodeIgniter->run()
12 SYSTEMPATH/Boot.php(68): CodeIgniter\Boot::runCodeIgniter(Object(CodeIgniter\CodeIgniter))
13 FCPATH/index.php(59): CodeIgniter\Boot::bootWeb(Object(Config\Paths))
WARNING - 2026-01-26 12:38:58 --> [DEPRECATED] Creation of dynamic property Config\Torrent::$catImageDir is deprecated in APPPATH/Config/Torrent.php on line 115.
 1 APPPATH/Helpers/avatar_helper.php(11): Config\Torrent->__construct()
 2 FCPATH/themes/front/widget/login.php(9): avatar('1.png', 200)
 3 FCPATH/themes/front/footer.php(4): include('/srv/http/torr.ws/public/themes/front/widget/login.php')
 4 SYSTEMPATH/View/View.php(226): include('/srv/http/torr.ws/public/themes/front/footer.php')
 5 SYSTEMPATH/View/View.php(229): CodeIgniter\View\View->{closure:CodeIgniter\View\View::render():223}()
 6 APPPATH/ThirdParty/templates/Themes.php(468): CodeIgniter\View\View->render('footer')
 7 APPPATH/Controllers/Home.php(51): Arifrh\Themes\Themes::render('home', [...])
 8 SYSTEMPATH/CodeIgniter.php(933): App\Controllers\Home->index()
 9 SYSTEMPATH/CodeIgniter.php(507): CodeIgniter\CodeIgniter->runController(Object(App\Controllers\Home))
10 SYSTEMPATH/CodeIgniter.php(354): CodeIgniter\CodeIgniter->handleRequest(null, Object(Config\Cache), false)
11 SYSTEMPATH/Boot.php(363): CodeIgniter\CodeIgniter->run()
12 SYSTEMPATH/Boot.php(68): CodeIgniter\Boot::runCodeIgniter(Object(CodeIgniter\CodeIgniter))
13 FCPATH/index.php(59): CodeIgniter\Boot::bootWeb(Object(Config\Paths))
WARNING - 2026-01-26 12:39:05 --> [DEPRECATED] Creation of dynamic property Config\Torrent::$imageDir is deprecated in APPPATH/Config/Torrent.php on line 114.
 1 SYSTEMPATH/Config/Factories.php(236): Config\Torrent->__construct()
 2 SYSTEMPATH/Config/Factories.php(170): CodeIgniter\Config\Factories::createInstance('config', 'Config\\Torrent', [])
 3 SYSTEMPATH/Config/Factories.php(189): CodeIgniter\Config\Factories::__callStatic('config', [])
 4 SYSTEMPATH/Common.php(208): CodeIgniter\Config\Factories::get('config', 'Torrent')
 5 APPPATH/Controllers/AdminController.php(105): config('Torrent')
 6 SYSTEMPATH/CodeIgniter.php(904): App\Controllers\AdminController->initController(Object(CodeIgniter\HTTP\IncomingRequest), Object(CodeIgniter\HTTP\Response), Object(CodeIgniter\Log\Logger))
 7 SYSTEMPATH/CodeIgniter.php(498): CodeIgniter\CodeIgniter->createController()
 8 SYSTEMPATH/CodeIgniter.php(354): CodeIgniter\CodeIgniter->handleRequest(null, Object(Config\Cache), false)
 9 SYSTEMPATH/Boot.php(363): CodeIgniter\CodeIgniter->run()
10 SYSTEMPATH/Boot.php(68): CodeIgniter\Boot::runCodeIgniter(Object(CodeIgniter\CodeIgniter))
11 FCPATH/index.php(59): CodeIgniter\Boot::bootWeb(Object(Config\Paths))
WARNING - 2026-01-26 12:39:05 --> [DEPRECATED] Creation of dynamic property Config\Torrent::$catImageDir is deprecated in APPPATH/Config/Torrent.php on line 115.
 1 SYSTEMPATH/Config/Factories.php(236): Config\Torrent->__construct()
 2 SYSTEMPATH/Config/Factories.php(170): CodeIgniter\Config\Factories::createInstance('config', 'Config\\Torrent', [])
 3 SYSTEMPATH/Config/Factories.php(189): CodeIgniter\Config\Factories::__callStatic('config', [])
 4 SYSTEMPATH/Common.php(208): CodeIgniter\Config\Factories::get('config', 'Torrent')
 5 APPPATH/Controllers/AdminController.php(105): config('Torrent')
 6 SYSTEMPATH/CodeIgniter.php(904): App\Controllers\AdminController->initController(Object(CodeIgniter\HTTP\IncomingRequest), Object(CodeIgniter\HTTP\Response), Object(CodeIgniter\Log\Logger))
 7 SYSTEMPATH/CodeIgniter.php(498): CodeIgniter\CodeIgniter->createController()
 8 SYSTEMPATH/CodeIgniter.php(354): CodeIgniter\CodeIgniter->handleRequest(null, Object(Config\Cache), false)
 9 SYSTEMPATH/Boot.php(363): CodeIgniter\CodeIgniter->run()
10 SYSTEMPATH/Boot.php(68): CodeIgniter\Boot::runCodeIgniter(Object(CodeIgniter\CodeIgniter))
11 FCPATH/index.php(59): CodeIgniter\Boot::bootWeb(Object(Config\Paths))
DEBUG - 2026-01-26 12:39:05 --> Session: Class initialized using 'CodeIgniter\Session\Handlers\DatabaseHandler' driver.
WARNING - 2026-01-26 12:39:05 --> [DEPRECATED] Creation of dynamic property App\Controllers\Admin\CategoryController::$Cat is deprecated in APPPATH/Controllers/Admin/CategoryController.php on line 83.
 1 SYSTEMPATH/CodeIgniter.php(933): App\Controllers\Admin\CategoryController->CatEditShow(1)
 2 SYSTEMPATH/CodeIgniter.php(507): CodeIgniter\CodeIgniter->runController(Object(App\Controllers\Admin\CategoryController))
 3 SYSTEMPATH/CodeIgniter.php(354): CodeIgniter\CodeIgniter->handleRequest(null, Object(Config\Cache), false)
 4 SYSTEMPATH/Boot.php(363): CodeIgniter\CodeIgniter->run()
 5 SYSTEMPATH/Boot.php(68): CodeIgniter\Boot::runCodeIgniter(Object(CodeIgniter\CodeIgniter))
 6 FCPATH/index.php(59): CodeIgniter\Boot::bootWeb(Object(Config\Paths))
WARNING - 2026-01-26 12:41:15 --> [DEPRECATED] Creation of dynamic property Config\Torrent::$imageDir is deprecated in APPPATH/Config/Torrent.php on line 114.
 1 SYSTEMPATH/Config/Factories.php(236): Config\Torrent->__construct()
 2 SYSTEMPATH/Config/Factories.php(170): CodeIgniter\Config\Factories::createInstance('config', 'Config\\Torrent', [])
 3 SYSTEMPATH/Config/Factories.php(189): CodeIgniter\Config\Factories::__callStatic('config', [])
 4 SYSTEMPATH/Common.php(208): CodeIgniter\Config\Factories::get('config', 'Torrent')
 5 APPPATH/Controllers/BaseController.php(131): config('Torrent')
 6 SYSTEMPATH/CodeIgniter.php(904): App\Controllers\BaseController->initController(Object(CodeIgniter\HTTP\IncomingRequest), Object(CodeIgniter\HTTP\Response), Object(CodeIgniter\Log\Logger))
 7 SYSTEMPATH/CodeIgniter.php(498): CodeIgniter\CodeIgniter->createController()
 8 SYSTEMPATH/CodeIgniter.php(354): CodeIgniter\CodeIgniter->handleRequest(null, Object(Config\Cache), false)
 9 SYSTEMPATH/Boot.php(363): CodeIgniter\CodeIgniter->run()
10 SYSTEMPATH/Boot.php(68): CodeIgniter\Boot::runCodeIgniter(Object(CodeIgniter\CodeIgniter))
11 FCPATH/index.php(59): CodeIgniter\Boot::bootWeb(Object(Config\Paths))
WARNING - 2026-01-26 12:41:15 --> [DEPRECATED] Creation of dynamic property Config\Torrent::$catImageDir is deprecated in APPPATH/Config/Torrent.php on line 115.
 1 SYSTEMPATH/Config/Factories.php(236): Config\Torrent->__construct()
 2 SYSTEMPATH/Config/Factories.php(170): CodeIgniter\Config\Factories::createInstance('config', 'Config\\Torrent', [])
 3 SYSTEMPATH/Config/Factories.php(189): CodeIgniter\Config\Factories::__callStatic('config', [])
 4 SYSTEMPATH/Common.php(208): CodeIgniter\Config\Factories::get('config', 'Torrent')
 5 APPPATH/Controllers/BaseController.php(131): config('Torrent')
 6 SYSTEMPATH/CodeIgniter.php(904): App\Controllers\BaseController->initController(Object(CodeIgniter\HTTP\IncomingRequest), Object(CodeIgniter\HTTP\Response), Object(CodeIgniter\Log\Logger))
 7 SYSTEMPATH/CodeIgniter.php(498): CodeIgniter\CodeIgniter->createController()
 8 SYSTEMPATH/CodeIgniter.php(354): CodeIgniter\CodeIgniter->handleRequest(null, Object(Config\Cache), false)
 9 SYSTEMPATH/Boot.php(363): CodeIgniter\CodeIgniter->run()
10 SYSTEMPATH/Boot.php(68): CodeIgniter\Boot::runCodeIgniter(Object(CodeIgniter\CodeIgniter))
11 FCPATH/index.php(59): CodeIgniter\Boot::bootWeb(Object(Config\Paths))
DEBUG - 2026-01-26 12:41:15 --> Session: Class initialized using 'CodeIgniter\Session\Handlers\DatabaseHandler' driver.
WARNING - 2026-01-26 12:41:15 --> [DEPRECATED] Creation of dynamic property Config\Torrent::$imageDir is deprecated in APPPATH/Config/Torrent.php on line 114.
 1 APPPATH/Helpers/avatar_helper.php(11): Config\Torrent->__construct()
 2 FCPATH/themes/front/widget/login.php(9): avatar('1.png', 200)
 3 FCPATH/themes/front/footer.php(4): include('/srv/http/torr.ws/public/themes/front/widget/login.php')
 4 SYSTEMPATH/View/View.php(226): include('/srv/http/torr.ws/public/themes/front/footer.php')
 5 SYSTEMPATH/View/View.php(229): CodeIgniter\View\View->{closure:CodeIgniter\View\View::render():223}()
 6 APPPATH/ThirdParty/templates/Themes.php(468): CodeIgniter\View\View->render('footer')
 7 APPPATH/Controllers/Home.php(51): Arifrh\Themes\Themes::render('home', [...])
 8 SYSTEMPATH/CodeIgniter.php(933): App\Controllers\Home->index()
 9 SYSTEMPATH/CodeIgniter.php(507): CodeIgniter\CodeIgniter->runController(Object(App\Controllers\Home))
10 SYSTEMPATH/CodeIgniter.php(354): CodeIgniter\CodeIgniter->handleRequest(null, Object(Config\Cache), false)
11 SYSTEMPATH/Boot.php(363): CodeIgniter\CodeIgniter->run()
12 SYSTEMPATH/Boot.php(68): CodeIgniter\Boot::runCodeIgniter(Object(CodeIgniter\CodeIgniter))
13 FCPATH/index.php(59): CodeIgniter\Boot::bootWeb(Object(Config\Paths))
WARNING - 2026-01-26 12:41:15 --> [DEPRECATED] Creation of dynamic property Config\Torrent::$catImageDir is deprecated in APPPATH/Config/Torrent.php on line 115.
 1 APPPATH/Helpers/avatar_helper.php(11): Config\Torrent->__construct()
 2 FCPATH/themes/front/widget/login.php(9): avatar('1.png', 200)
 3 FCPATH/themes/front/footer.php(4): include('/srv/http/torr.ws/public/themes/front/widget/login.php')
 4 SYSTEMPATH/View/View.php(226): include('/srv/http/torr.ws/public/themes/front/footer.php')
 5 SYSTEMPATH/View/View.php(229): CodeIgniter\View\View->{closure:CodeIgniter\View\View::render():223}()
 6 APPPATH/ThirdParty/templates/Themes.php(468): CodeIgniter\View\View->render('footer')
 7 APPPATH/Controllers/Home.php(51): Arifrh\Themes\Themes::render('home', [...])
 8 SYSTEMPATH/CodeIgniter.php(933): App\Controllers\Home->index()
 9 SYSTEMPATH/CodeIgniter.php(507): CodeIgniter\CodeIgniter->runController(Object(App\Controllers\Home))
10 SYSTEMPATH/CodeIgniter.php(354): CodeIgniter\CodeIgniter->handleRequest(null, Object(Config\Cache), false)
11 SYSTEMPATH/Boot.php(363): CodeIgniter\CodeIgniter->run()
12 SYSTEMPATH/Boot.php(68): CodeIgniter\Boot::runCodeIgniter(Object(CodeIgniter\CodeIgniter))
13 FCPATH/index.php(59): CodeIgniter\Boot::bootWeb(Object(Config\Paths))
WARNING - 2026-01-26 12:44:52 --> [DEPRECATED] Creation of dynamic property Config\Torrent::$imageDir is deprecated in APPPATH/Config/Torrent.php on line 114.
 1 SYSTEMPATH/Config/Factories.php(236): Config\Torrent->__construct()
 2 SYSTEMPATH/Config/Factories.php(170): CodeIgniter\Config\Factories::createInstance('config', 'Config\\Torrent', [])
 3 SYSTEMPATH/Config/Factories.php(189): CodeIgniter\Config\Factories::__callStatic('config', [])
 4 SYSTEMPATH/Common.php(208): CodeIgniter\Config\Factories::get('config', 'Torrent')
 5 APPPATH/Controllers/BaseController.php(131): config('Torrent')
 6 SYSTEMPATH/CodeIgniter.php(904): App\Controllers\BaseController->initController(Object(CodeIgniter\HTTP\IncomingRequest), Object(CodeIgniter\HTTP\Response), Object(CodeIgniter\Log\Logger))
 7 SYSTEMPATH/CodeIgniter.php(498): CodeIgniter\CodeIgniter->createController()
 8 SYSTEMPATH/CodeIgniter.php(354): CodeIgniter\CodeIgniter->handleRequest(null, Object(Config\Cache), false)
 9 SYSTEMPATH/Boot.php(363): CodeIgniter\CodeIgniter->run()
10 SYSTEMPATH/Boot.php(68): CodeIgniter\Boot::runCodeIgniter(Object(CodeIgniter\CodeIgniter))
11 FCPATH/index.php(59): CodeIgniter\Boot::bootWeb(Object(Config\Paths))
WARNING - 2026-01-26 12:44:52 --> [DEPRECATED] Creation of dynamic property Config\Torrent::$catImageDir is deprecated in APPPATH/Config/Torrent.php on line 115.
 1 SYSTEMPATH/Config/Factories.php(236): Config\Torrent->__construct()
 2 SYSTEMPATH/Config/Factories.php(170): CodeIgniter\Config\Factories::createInstance('config', 'Config\\Torrent', [])
 3 SYSTEMPATH/Config/Factories.php(189): CodeIgniter\Config\Factories::__callStatic('config', [])
 4 SYSTEMPATH/Common.php(208): CodeIgniter\Config\Factories::get('config', 'Torrent')
 5 APPPATH/Controllers/BaseController.php(131): config('Torrent')
 6 SYSTEMPATH/CodeIgniter.php(904): App\Controllers\BaseController->initController(Object(CodeIgniter\HTTP\IncomingRequest), Object(CodeIgniter\HTTP\Response), Object(CodeIgniter\Log\Logger))
 7 SYSTEMPATH/CodeIgniter.php(498): CodeIgniter\CodeIgniter->createController()
 8 SYSTEMPATH/CodeIgniter.php(354): CodeIgniter\CodeIgniter->handleRequest(null, Object(Config\Cache), false)
 9 SYSTEMPATH/Boot.php(363): CodeIgniter\CodeIgniter->run()
10 SYSTEMPATH/Boot.php(68): CodeIgniter\Boot::runCodeIgniter(Object(CodeIgniter\CodeIgniter))
11 FCPATH/index.php(59): CodeIgniter\Boot::bootWeb(Object(Config\Paths))
DEBUG - 2026-01-26 12:44:52 --> Session: Class initialized using 'CodeIgniter\Session\Handlers\DatabaseHandler' driver.
WARNING - 2026-01-26 12:44:52 --> [DEPRECATED] Creation of dynamic property Config\Torrent::$imageDir is deprecated in APPPATH/Config/Torrent.php on line 114.
 1 APPPATH/Helpers/avatar_helper.php(11): Config\Torrent->__construct()
 2 FCPATH/themes/front/widget/login.php(9): avatar('1.png', 200)
 3 FCPATH/themes/front/footer.php(4): include('/srv/http/torr.ws/public/themes/front/widget/login.php')
 4 SYSTEMPATH/View/View.php(226): include('/srv/http/torr.ws/public/themes/front/footer.php')
 5 SYSTEMPATH/View/View.php(229): CodeIgniter\View\View->{closure:CodeIgniter\View\View::render():223}()
 6 APPPATH/ThirdParty/templates/Themes.php(468): CodeIgniter\View\View->render('footer')
 7 APPPATH/Controllers/Home.php(51): Arifrh\Themes\Themes::render('home', [...])
 8 SYSTEMPATH/CodeIgniter.php(933): App\Controllers\Home->index()
 9 SYSTEMPATH/CodeIgniter.php(507): CodeIgniter\CodeIgniter->runController(Object(App\Controllers\Home))
10 SYSTEMPATH/CodeIgniter.php(354): CodeIgniter\CodeIgniter->handleRequest(null, Object(Config\Cache), false)
11 SYSTEMPATH/Boot.php(363): CodeIgniter\CodeIgniter->run()
12 SYSTEMPATH/Boot.php(68): CodeIgniter\Boot::runCodeIgniter(Object(CodeIgniter\CodeIgniter))
13 FCPATH/index.php(59): CodeIgniter\Boot::bootWeb(Object(Config\Paths))
WARNING - 2026-01-26 12:44:52 --> [DEPRECATED] Creation of dynamic property Config\Torrent::$catImageDir is deprecated in APPPATH/Config/Torrent.php on line 115.
 1 APPPATH/Helpers/avatar_helper.php(11): Config\Torrent->__construct()
 2 FCPATH/themes/front/widget/login.php(9): avatar('1.png', 200)
 3 FCPATH/themes/front/footer.php(4): include('/srv/http/torr.ws/public/themes/front/widget/login.php')
 4 SYSTEMPATH/View/View.php(226): include('/srv/http/torr.ws/public/themes/front/footer.php')
 5 SYSTEMPATH/View/View.php(229): CodeIgniter\View\View->{closure:CodeIgniter\View\View::render():223}()
 6 APPPATH/ThirdParty/templates/Themes.php(468): CodeIgniter\View\View->render('footer')
 7 APPPATH/Controllers/Home.php(51): Arifrh\Themes\Themes::render('home', [...])
 8 SYSTEMPATH/CodeIgniter.php(933): App\Controllers\Home->index()
 9 SYSTEMPATH/CodeIgniter.php(507): CodeIgniter\CodeIgniter->runController(Object(App\Controllers\Home))
10 SYSTEMPATH/CodeIgniter.php(354): CodeIgniter\CodeIgniter->handleRequest(null, Object(Config\Cache), false)
11 SYSTEMPATH/Boot.php(363): CodeIgniter\CodeIgniter->run()
12 SYSTEMPATH/Boot.php(68): CodeIgniter\Boot::runCodeIgniter(Object(CodeIgniter\CodeIgniter))
13 FCPATH/index.php(59): CodeIgniter\Boot::bootWeb(Object(Config\Paths))
WARNING - 2026-01-26 12:46:14 --> [DEPRECATED] Creation of dynamic property Config\Torrent::$imageDir is deprecated in APPPATH/Config/Torrent.php on line 114.
 1 SYSTEMPATH/Config/Factories.php(236): Config\Torrent->__construct()
 2 SYSTEMPATH/Config/Factories.php(170): CodeIgniter\Config\Factories::createInstance('config', 'Config\\Torrent', [])
 3 SYSTEMPATH/Config/Factories.php(189): CodeIgniter\Config\Factories::__callStatic('config', [])
 4 SYSTEMPATH/Common.php(208): CodeIgniter\Config\Factories::get('config', 'Torrent')
 5 APPPATH/Controllers/BaseController.php(131): config('Torrent')
 6 SYSTEMPATH/CodeIgniter.php(904): App\Controllers\BaseController->initController(Object(CodeIgniter\HTTP\IncomingRequest), Object(CodeIgniter\HTTP\Response), Object(CodeIgniter\Log\Logger))
 7 SYSTEMPATH/CodeIgniter.php(498): CodeIgniter\CodeIgniter->createController()
 8 SYSTEMPATH/CodeIgniter.php(354): CodeIgniter\CodeIgniter->handleRequest(null, Object(Config\Cache), false)
 9 SYSTEMPATH/Boot.php(363): CodeIgniter\CodeIgniter->run()
10 SYSTEMPATH/Boot.php(68): CodeIgniter\Boot::runCodeIgniter(Object(CodeIgniter\CodeIgniter))
11 FCPATH/index.php(59): CodeIgniter\Boot::bootWeb(Object(Config\Paths))
WARNING - 2026-01-26 12:46:14 --> [DEPRECATED] Creation of dynamic property Config\Torrent::$catImageDir is deprecated in APPPATH/Config/Torrent.php on line 115.
 1 SYSTEMPATH/Config/Factories.php(236): Config\Torrent->__construct()
 2 SYSTEMPATH/Config/Factories.php(170): CodeIgniter\Config\Factories::createInstance('config', 'Config\\Torrent', [])
 3 SYSTEMPATH/Config/Factories.php(189): CodeIgniter\Config\Factories::__callStatic('config', [])
 4 SYSTEMPATH/Common.php(208): CodeIgniter\Config\Factories::get('config', 'Torrent')
 5 APPPATH/Controllers/BaseController.php(131): config('Torrent')
 6 SYSTEMPATH/CodeIgniter.php(904): App\Controllers\BaseController->initController(Object(CodeIgniter\HTTP\IncomingRequest), Object(CodeIgniter\HTTP\Response), Object(CodeIgniter\Log\Logger))
 7 SYSTEMPATH/CodeIgniter.php(498): CodeIgniter\CodeIgniter->createController()
 8 SYSTEMPATH/CodeIgniter.php(354): CodeIgniter\CodeIgniter->handleRequest(null, Object(Config\Cache), false)
 9 SYSTEMPATH/Boot.php(363): CodeIgniter\CodeIgniter->run()
10 SYSTEMPATH/Boot.php(68): CodeIgniter\Boot::runCodeIgniter(Object(CodeIgniter\CodeIgniter))
11 FCPATH/index.php(59): CodeIgniter\Boot::bootWeb(Object(Config\Paths))
DEBUG - 2026-01-26 12:46:14 --> Session: Class initialized using 'CodeIgniter\Session\Handlers\DatabaseHandler' driver.
WARNING - 2026-01-26 12:46:14 --> [DEPRECATED] Creation of dynamic property Config\Torrent::$imageDir is deprecated in APPPATH/Config/Torrent.php on line 114.
 1 APPPATH/Helpers/avatar_helper.php(11): Config\Torrent->__construct()
 2 FCPATH/themes/front/widget/login.php(9): avatar('1.png', 200)
 3 FCPATH/themes/front/footer.php(4): include('/srv/http/torr.ws/public/themes/front/widget/login.php')
 4 SYSTEMPATH/View/View.php(226): include('/srv/http/torr.ws/public/themes/front/footer.php')
 5 SYSTEMPATH/View/View.php(229): CodeIgniter\View\View->{closure:CodeIgniter\View\View::render():223}()
 6 APPPATH/ThirdParty/templates/Themes.php(468): CodeIgniter\View\View->render('footer')
 7 APPPATH/Controllers/Home.php(51): Arifrh\Themes\Themes::render('home', [...])
 8 SYSTEMPATH/CodeIgniter.php(933): App\Controllers\Home->index()
 9 SYSTEMPATH/CodeIgniter.php(507): CodeIgniter\CodeIgniter->runController(Object(App\Controllers\Home))
10 SYSTEMPATH/CodeIgniter.php(354): CodeIgniter\CodeIgniter->handleRequest(null, Object(Config\Cache), false)
11 SYSTEMPATH/Boot.php(363): CodeIgniter\CodeIgniter->run()
12 SYSTEMPATH/Boot.php(68): CodeIgniter\Boot::runCodeIgniter(Object(CodeIgniter\CodeIgniter))
13 FCPATH/index.php(59): CodeIgniter\Boot::bootWeb(Object(Config\Paths))
WARNING - 2026-01-26 12:46:14 --> [DEPRECATED] Creation of dynamic property Config\Torrent::$catImageDir is deprecated in APPPATH/Config/Torrent.php on line 115.
 1 APPPATH/Helpers/avatar_helper.php(11): Config\Torrent->__construct()
 2 FCPATH/themes/front/widget/login.php(9): avatar('1.png', 200)
 3 FCPATH/themes/front/footer.php(4): include('/srv/http/torr.ws/public/themes/front/widget/login.php')
 4 SYSTEMPATH/View/View.php(226): include('/srv/http/torr.ws/public/themes/front/footer.php')
 5 SYSTEMPATH/View/View.php(229): CodeIgniter\View\View->{closure:CodeIgniter\View\View::render():223}()
 6 APPPATH/ThirdParty/templates/Themes.php(468): CodeIgniter\View\View->render('footer')
 7 APPPATH/Controllers/Home.php(51): Arifrh\Themes\Themes::render('home', [...])
 8 SYSTEMPATH/CodeIgniter.php(933): App\Controllers\Home->index()
 9 SYSTEMPATH/CodeIgniter.php(507): CodeIgniter\CodeIgniter->runController(Object(App\Controllers\Home))
10 SYSTEMPATH/CodeIgniter.php(354): CodeIgniter\CodeIgniter->handleRequest(null, Object(Config\Cache), false)
11 SYSTEMPATH/Boot.php(363): CodeIgniter\CodeIgniter->run()
12 SYSTEMPATH/Boot.php(68): CodeIgniter\Boot::runCodeIgniter(Object(CodeIgniter\CodeIgniter))
13 FCPATH/index.php(59): CodeIgniter\Boot::bootWeb(Object(Config\Paths))
WARNING - 2026-01-26 12:47:04 --> [DEPRECATED] Creation of dynamic property Config\Torrent::$imageDir is deprecated in APPPATH/Config/Torrent.php on line 114.
 1 SYSTEMPATH/Config/Factories.php(236): Config\Torrent->__construct()
 2 SYSTEMPATH/Config/Factories.php(170): CodeIgniter\Config\Factories::createInstance('config', 'Config\\Torrent', [])
 3 SYSTEMPATH/Config/Factories.php(189): CodeIgniter\Config\Factories::__callStatic('config', [])
 4 SYSTEMPATH/Common.php(208): CodeIgniter\Config\Factories::get('config', 'Torrent')
 5 APPPATH/Controllers/BaseController.php(131): config('Torrent')
 6 SYSTEMPATH/CodeIgniter.php(904): App\Controllers\BaseController->initController(Object(CodeIgniter\HTTP\IncomingRequest), Object(CodeIgniter\HTTP\Response), Object(CodeIgniter\Log\Logger))
 7 SYSTEMPATH/CodeIgniter.php(498): CodeIgniter\CodeIgniter->createController()
 8 SYSTEMPATH/CodeIgniter.php(354): CodeIgniter\CodeIgniter->handleRequest(null, Object(Config\Cache), false)
 9 SYSTEMPATH/Boot.php(363): CodeIgniter\CodeIgniter->run()
10 SYSTEMPATH/Boot.php(68): CodeIgniter\Boot::runCodeIgniter(Object(CodeIgniter\CodeIgniter))
11 FCPATH/index.php(59): CodeIgniter\Boot::bootWeb(Object(Config\Paths))
WARNING - 2026-01-26 12:47:04 --> [DEPRECATED] Creation of dynamic property Config\Torrent::$catImageDir is deprecated in APPPATH/Config/Torrent.php on line 115.
 1 SYSTEMPATH/Config/Factories.php(236): Config\Torrent->__construct()
 2 SYSTEMPATH/Config/Factories.php(170): CodeIgniter\Config\Factories::createInstance('config', 'Config\\Torrent', [])
 3 SYSTEMPATH/Config/Factories.php(189): CodeIgniter\Config\Factories::__callStatic('config', [])
 4 SYSTEMPATH/Common.php(208): CodeIgniter\Config\Factories::get('config', 'Torrent')
 5 APPPATH/Controllers/BaseController.php(131): config('Torrent')
 6 SYSTEMPATH/CodeIgniter.php(904): App\Controllers\BaseController->initController(Object(CodeIgniter\HTTP\IncomingRequest), Object(CodeIgniter\HTTP\Response), Object(CodeIgniter\Log\Logger))
 7 SYSTEMPATH/CodeIgniter.php(498): CodeIgniter\CodeIgniter->createController()
 8 SYSTEMPATH/CodeIgniter.php(354): CodeIgniter\CodeIgniter->handleRequest(null, Object(Config\Cache), false)
 9 SYSTEMPATH/Boot.php(363): CodeIgniter\CodeIgniter->run()
10 SYSTEMPATH/Boot.php(68): CodeIgniter\Boot::runCodeIgniter(Object(CodeIgniter\CodeIgniter))
11 FCPATH/index.php(59): CodeIgniter\Boot::bootWeb(Object(Config\Paths))
DEBUG - 2026-01-26 12:47:04 --> Session: Class initialized using 'CodeIgniter\Session\Handlers\DatabaseHandler' driver.
WARNING - 2026-01-26 12:47:04 --> [DEPRECATED] Creation of dynamic property Config\Torrent::$imageDir is deprecated in APPPATH/Config/Torrent.php on line 114.
 1 APPPATH/Helpers/avatar_helper.php(11): Config\Torrent->__construct()
 2 FCPATH/themes/front/widget/login.php(9): avatar('1.png', 200)
 3 FCPATH/themes/front/footer.php(4): include('/srv/http/torr.ws/public/themes/front/widget/login.php')
 4 SYSTEMPATH/View/View.php(226): include('/srv/http/torr.ws/public/themes/front/footer.php')
 5 SYSTEMPATH/View/View.php(229): CodeIgniter\View\View->{closure:CodeIgniter\View\View::render():223}()
 6 APPPATH/ThirdParty/templates/Themes.php(468): CodeIgniter\View\View->render('footer')
 7 APPPATH/Controllers/Home.php(51): Arifrh\Themes\Themes::render('home', [...])
 8 SYSTEMPATH/CodeIgniter.php(933): App\Controllers\Home->index()
 9 SYSTEMPATH/CodeIgniter.php(507): CodeIgniter\CodeIgniter->runController(Object(App\Controllers\Home))
10 SYSTEMPATH/CodeIgniter.php(354): CodeIgniter\CodeIgniter->handleRequest(null, Object(Config\Cache), false)
11 SYSTEMPATH/Boot.php(363): CodeIgniter\CodeIgniter->run()
12 SYSTEMPATH/Boot.php(68): CodeIgniter\Boot::runCodeIgniter(Object(CodeIgniter\CodeIgniter))
13 FCPATH/index.php(59): CodeIgniter\Boot::bootWeb(Object(Config\Paths))
WARNING - 2026-01-26 12:47:04 --> [DEPRECATED] Creation of dynamic property Config\Torrent::$catImageDir is deprecated in APPPATH/Config/Torrent.php on line 115.
 1 APPPATH/Helpers/avatar_helper.php(11): Config\Torrent->__construct()
 2 FCPATH/themes/front/widget/login.php(9): avatar('1.png', 200)
 3 FCPATH/themes/front/footer.php(4): include('/srv/http/torr.ws/public/themes/front/widget/login.php')
 4 SYSTEMPATH/View/View.php(226): include('/srv/http/torr.ws/public/themes/front/footer.php')
 5 SYSTEMPATH/View/View.php(229): CodeIgniter\View\View->{closure:CodeIgniter\View\View::render():223}()
 6 APPPATH/ThirdParty/templates/Themes.php(468): CodeIgniter\View\View->render('footer')
 7 APPPATH/Controllers/Home.php(51): Arifrh\Themes\Themes::render('home', [...])
 8 SYSTEMPATH/CodeIgniter.php(933): App\Controllers\Home->index()
 9 SYSTEMPATH/CodeIgniter.php(507): CodeIgniter\CodeIgniter->runController(Object(App\Controllers\Home))
10 SYSTEMPATH/CodeIgniter.php(354): CodeIgniter\CodeIgniter->handleRequest(null, Object(Config\Cache), false)
11 SYSTEMPATH/Boot.php(363): CodeIgniter\CodeIgniter->run()
12 SYSTEMPATH/Boot.php(68): CodeIgniter\Boot::runCodeIgniter(Object(CodeIgniter\CodeIgniter))
13 FCPATH/index.php(59): CodeIgniter\Boot::bootWeb(Object(Config\Paths))
WARNING - 2026-01-26 12:47:40 --> [DEPRECATED] Creation of dynamic property Config\Torrent::$imageDir is deprecated in APPPATH/Config/Torrent.php on line 114.
 1 SYSTEMPATH/Config/Factories.php(236): Config\Torrent->__construct()
 2 SYSTEMPATH/Config/Factories.php(170): CodeIgniter\Config\Factories::createInstance('config', 'Config\\Torrent', [])
 3 SYSTEMPATH/Config/Factories.php(189): CodeIgniter\Config\Factories::__callStatic('config', [])
 4 SYSTEMPATH/Common.php(208): CodeIgniter\Config\Factories::get('config', 'Torrent')
 5 APPPATH/Controllers/BaseController.php(131): config('Torrent')
 6 SYSTEMPATH/CodeIgniter.php(904): App\Controllers\BaseController->initController(Object(CodeIgniter\HTTP\IncomingRequest), Object(CodeIgniter\HTTP\Response), Object(CodeIgniter\Log\Logger))
 7 SYSTEMPATH/CodeIgniter.php(498): CodeIgniter\CodeIgniter->createController()
 8 SYSTEMPATH/CodeIgniter.php(354): CodeIgniter\CodeIgniter->handleRequest(null, Object(Config\Cache), false)
 9 SYSTEMPATH/Boot.php(363): CodeIgniter\CodeIgniter->run()
10 SYSTEMPATH/Boot.php(68): CodeIgniter\Boot::runCodeIgniter(Object(CodeIgniter\CodeIgniter))
11 FCPATH/index.php(59): CodeIgniter\Boot::bootWeb(Object(Config\Paths))
WARNING - 2026-01-26 12:47:40 --> [DEPRECATED] Creation of dynamic property Config\Torrent::$catImageDir is deprecated in APPPATH/Config/Torrent.php on line 115.
 1 SYSTEMPATH/Config/Factories.php(236): Config\Torrent->__construct()
 2 SYSTEMPATH/Config/Factories.php(170): CodeIgniter\Config\Factories::createInstance('config', 'Config\\Torrent', [])
 3 SYSTEMPATH/Config/Factories.php(189): CodeIgniter\Config\Factories::__callStatic('config', [])
 4 SYSTEMPATH/Common.php(208): CodeIgniter\Config\Factories::get('config', 'Torrent')
 5 APPPATH/Controllers/BaseController.php(131): config('Torrent')
 6 SYSTEMPATH/CodeIgniter.php(904): App\Controllers\BaseController->initController(Object(CodeIgniter\HTTP\IncomingRequest), Object(CodeIgniter\HTTP\Response), Object(CodeIgniter\Log\Logger))
 7 SYSTEMPATH/CodeIgniter.php(498): CodeIgniter\CodeIgniter->createController()
 8 SYSTEMPATH/CodeIgniter.php(354): CodeIgniter\CodeIgniter->handleRequest(null, Object(Config\Cache), false)
 9 SYSTEMPATH/Boot.php(363): CodeIgniter\CodeIgniter->run()
10 SYSTEMPATH/Boot.php(68): CodeIgniter\Boot::runCodeIgniter(Object(CodeIgniter\CodeIgniter))
11 FCPATH/index.php(59): CodeIgniter\Boot::bootWeb(Object(Config\Paths))
DEBUG - 2026-01-26 12:47:41 --> Session: Class initialized using 'CodeIgniter\Session\Handlers\DatabaseHandler' driver.
WARNING - 2026-01-26 12:47:41 --> [DEPRECATED] Creation of dynamic property Config\Torrent::$imageDir is deprecated in APPPATH/Config/Torrent.php on line 114.
 1 APPPATH/Helpers/avatar_helper.php(11): Config\Torrent->__construct()
 2 FCPATH/themes/front/widget/login.php(9): avatar('1.png', 200)
 3 FCPATH/themes/front/footer.php(4): include('/srv/http/torr.ws/public/themes/front/widget/login.php')
 4 SYSTEMPATH/View/View.php(226): include('/srv/http/torr.ws/public/themes/front/footer.php')
 5 SYSTEMPATH/View/View.php(229): CodeIgniter\View\View->{closure:CodeIgniter\View\View::render():223}()
 6 APPPATH/ThirdParty/templates/Themes.php(468): CodeIgniter\View\View->render('footer')
 7 APPPATH/Controllers/Home.php(51): Arifrh\Themes\Themes::render('home', [...])
 8 SYSTEMPATH/CodeIgniter.php(933): App\Controllers\Home->index()
 9 SYSTEMPATH/CodeIgniter.php(507): CodeIgniter\CodeIgniter->runController(Object(App\Controllers\Home))
10 SYSTEMPATH/CodeIgniter.php(354): CodeIgniter\CodeIgniter->handleRequest(null, Object(Config\Cache), false)
11 SYSTEMPATH/Boot.php(363): CodeIgniter\CodeIgniter->run()
12 SYSTEMPATH/Boot.php(68): CodeIgniter\Boot::runCodeIgniter(Object(CodeIgniter\CodeIgniter))
13 FCPATH/index.php(59): CodeIgniter\Boot::bootWeb(Object(Config\Paths))
WARNING - 2026-01-26 12:47:41 --> [DEPRECATED] Creation of dynamic property Config\Torrent::$catImageDir is deprecated in APPPATH/Config/Torrent.php on line 115.
 1 APPPATH/Helpers/avatar_helper.php(11): Config\Torrent->__construct()
 2 FCPATH/themes/front/widget/login.php(9): avatar('1.png', 200)
 3 FCPATH/themes/front/footer.php(4): include('/srv/http/torr.ws/public/themes/front/widget/login.php')
 4 SYSTEMPATH/View/View.php(226): include('/srv/http/torr.ws/public/themes/front/footer.php')
 5 SYSTEMPATH/View/View.php(229): CodeIgniter\View\View->{closure:CodeIgniter\View\View::render():223}()
 6 APPPATH/ThirdParty/templates/Themes.php(468): CodeIgniter\View\View->render('footer')
 7 APPPATH/Controllers/Home.php(51): Arifrh\Themes\Themes::render('home', [...])
 8 SYSTEMPATH/CodeIgniter.php(933): App\Controllers\Home->index()
 9 SYSTEMPATH/CodeIgniter.php(507): CodeIgniter\CodeIgniter->runController(Object(App\Controllers\Home))
10 SYSTEMPATH/CodeIgniter.php(354): CodeIgniter\CodeIgniter->handleRequest(null, Object(Config\Cache), false)
11 SYSTEMPATH/Boot.php(363): CodeIgniter\CodeIgniter->run()
12 SYSTEMPATH/Boot.php(68): CodeIgniter\Boot::runCodeIgniter(Object(CodeIgniter\CodeIgniter))
13 FCPATH/index.php(59): CodeIgniter\Boot::bootWeb(Object(Config\Paths))
WARNING - 2026-01-26 16:05:07 --> [DEPRECATED] Creation of dynamic property Config\Torrent::$imageDir is deprecated in APPPATH/Config/Torrent.php on line 114.
 1 SYSTEMPATH/Config/Factories.php(236): Config\Torrent->__construct()
 2 SYSTEMPATH/Config/Factories.php(170): CodeIgniter\Config\Factories::createInstance('config', 'Config\\Torrent', [])
 3 SYSTEMPATH/Config/Factories.php(189): CodeIgniter\Config\Factories::__callStatic('config', [])
 4 SYSTEMPATH/Common.php(208): CodeIgniter\Config\Factories::get('config', 'Torrent')
 5 APPPATH/Controllers/BaseController.php(131): config('Torrent')
 6 SYSTEMPATH/CodeIgniter.php(904): App\Controllers\BaseController->initController(Object(CodeIgniter\HTTP\IncomingRequest), Object(CodeIgniter\HTTP\Response), Object(CodeIgniter\Log\Logger))
 7 SYSTEMPATH/CodeIgniter.php(498): CodeIgniter\CodeIgniter->createController()
 8 SYSTEMPATH/CodeIgniter.php(354): CodeIgniter\CodeIgniter->handleRequest(null, Object(Config\Cache), false)
 9 SYSTEMPATH/Boot.php(363): CodeIgniter\CodeIgniter->run()
10 SYSTEMPATH/Boot.php(68): CodeIgniter\Boot::runCodeIgniter(Object(CodeIgniter\CodeIgniter))
11 FCPATH/index.php(59): CodeIgniter\Boot::bootWeb(Object(Config\Paths))
WARNING - 2026-01-26 16:05:07 --> [DEPRECATED] Creation of dynamic property Config\Torrent::$catImageDir is deprecated in APPPATH/Config/Torrent.php on line 115.
 1 SYSTEMPATH/Config/Factories.php(236): Config\Torrent->__construct()
 2 SYSTEMPATH/Config/Factories.php(170): CodeIgniter\Config\Factories::createInstance('config', 'Config\\Torrent', [])
 3 SYSTEMPATH/Config/Factories.php(189): CodeIgniter\Config\Factories::__callStatic('config', [])
 4 SYSTEMPATH/Common.php(208): CodeIgniter\Config\Factories::get('config', 'Torrent')
 5 APPPATH/Controllers/BaseController.php(131): config('Torrent')
 6 SYSTEMPATH/CodeIgniter.php(904): App\Controllers\BaseController->initController(Object(CodeIgniter\HTTP\IncomingRequest), Object(CodeIgniter\HTTP\Response), Object(CodeIgniter\Log\Logger))
 7 SYSTEMPATH/CodeIgniter.php(498): CodeIgniter\CodeIgniter->createController()
 8 SYSTEMPATH/CodeIgniter.php(354): CodeIgniter\CodeIgniter->handleRequest(null, Object(Config\Cache), false)
 9 SYSTEMPATH/Boot.php(363): CodeIgniter\CodeIgniter->run()
10 SYSTEMPATH/Boot.php(68): CodeIgniter\Boot::runCodeIgniter(Object(CodeIgniter\CodeIgniter))
11 FCPATH/index.php(59): CodeIgniter\Boot::bootWeb(Object(Config\Paths))
DEBUG - 2026-01-26 16:05:07 --> Session: Class initialized using 'CodeIgniter\Session\Handlers\DatabaseHandler' driver.
WARNING - 2026-01-26 16:05:07 --> [DEPRECATED] Creation of dynamic property Config\Torrent::$imageDir is deprecated in APPPATH/Config/Torrent.php on line 114.
 1 APPPATH/Helpers/avatar_helper.php(11): Config\Torrent->__construct()
 2 FCPATH/themes/front/widget/login.php(9): avatar('1.png', 200)
 3 FCPATH/themes/front/footer.php(4): include('/srv/http/torr.ws/public/themes/front/widget/login.php')
 4 SYSTEMPATH/View/View.php(226): include('/srv/http/torr.ws/public/themes/front/footer.php')
 5 SYSTEMPATH/View/View.php(229): CodeIgniter\View\View->{closure:CodeIgniter\View\View::render():223}()
 6 APPPATH/ThirdParty/templates/Themes.php(468): CodeIgniter\View\View->render('footer')
 7 APPPATH/Controllers/Home.php(51): Arifrh\Themes\Themes::render('home', [...])
 8 SYSTEMPATH/CodeIgniter.php(933): App\Controllers\Home->index()
 9 SYSTEMPATH/CodeIgniter.php(507): CodeIgniter\CodeIgniter->runController(Object(App\Controllers\Home))
10 SYSTEMPATH/CodeIgniter.php(354): CodeIgniter\CodeIgniter->handleRequest(null, Object(Config\Cache), false)
11 SYSTEMPATH/Boot.php(363): CodeIgniter\CodeIgniter->run()
12 SYSTEMPATH/Boot.php(68): CodeIgniter\Boot::runCodeIgniter(Object(CodeIgniter\CodeIgniter))
13 FCPATH/index.php(59): CodeIgniter\Boot::bootWeb(Object(Config\Paths))
WARNING - 2026-01-26 16:05:07 --> [DEPRECATED] Creation of dynamic property Config\Torrent::$catImageDir is deprecated in APPPATH/Config/Torrent.php on line 115.
 1 APPPATH/Helpers/avatar_helper.php(11): Config\Torrent->__construct()
 2 FCPATH/themes/front/widget/login.php(9): avatar('1.png', 200)
 3 FCPATH/themes/front/footer.php(4): include('/srv/http/torr.ws/public/themes/front/widget/login.php')
 4 SYSTEMPATH/View/View.php(226): include('/srv/http/torr.ws/public/themes/front/footer.php')
 5 SYSTEMPATH/View/View.php(229): CodeIgniter\View\View->{closure:CodeIgniter\View\View::render():223}()
 6 APPPATH/ThirdParty/templates/Themes.php(468): CodeIgniter\View\View->render('footer')
 7 APPPATH/Controllers/Home.php(51): Arifrh\Themes\Themes::render('home', [...])
 8 SYSTEMPATH/CodeIgniter.php(933): App\Controllers\Home->index()
 9 SYSTEMPATH/CodeIgniter.php(507): CodeIgniter\CodeIgniter->runController(Object(App\Controllers\Home))
10 SYSTEMPATH/CodeIgniter.php(354): CodeIgniter\CodeIgniter->handleRequest(null, Object(Config\Cache), false)
11 SYSTEMPATH/Boot.php(363): CodeIgniter\CodeIgniter->run()
12 SYSTEMPATH/Boot.php(68): CodeIgniter\Boot::runCodeIgniter(Object(CodeIgniter\CodeIgniter))
13 FCPATH/index.php(59): CodeIgniter\Boot::bootWeb(Object(Config\Paths))
WARNING - 2026-01-26 16:05:53 --> [DEPRECATED] Creation of dynamic property Config\Torrent::$imageDir is deprecated in APPPATH/Config/Torrent.php on line 114.
 1 SYSTEMPATH/Config/Factories.php(236): Config\Torrent->__construct()
 2 SYSTEMPATH/Config/Factories.php(170): CodeIgniter\Config\Factories::createInstance('config', 'Config\\Torrent', [])
 3 SYSTEMPATH/Config/Factories.php(189): CodeIgniter\Config\Factories::__callStatic('config', [])
 4 SYSTEMPATH/Common.php(208): CodeIgniter\Config\Factories::get('config', 'Torrent')
 5 APPPATH/Controllers/BaseController.php(131): config('Torrent')
 6 SYSTEMPATH/CodeIgniter.php(904): App\Controllers\BaseController->initController(Object(CodeIgniter\HTTP\IncomingRequest), Object(CodeIgniter\HTTP\Response), Object(CodeIgniter\Log\Logger))
 7 SYSTEMPATH/CodeIgniter.php(498): CodeIgniter\CodeIgniter->createController()
 8 SYSTEMPATH/CodeIgniter.php(354): CodeIgniter\CodeIgniter->handleRequest(null, Object(Config\Cache), false)
 9 SYSTEMPATH/Boot.php(363): CodeIgniter\CodeIgniter->run()
10 SYSTEMPATH/Boot.php(68): CodeIgniter\Boot::runCodeIgniter(Object(CodeIgniter\CodeIgniter))
11 FCPATH/index.php(59): CodeIgniter\Boot::bootWeb(Object(Config\Paths))
WARNING - 2026-01-26 16:05:53 --> [DEPRECATED] Creation of dynamic property Config\Torrent::$catImageDir is deprecated in APPPATH/Config/Torrent.php on line 115.
 1 SYSTEMPATH/Config/Factories.php(236): Config\Torrent->__construct()
 2 SYSTEMPATH/Config/Factories.php(170): CodeIgniter\Config\Factories::createInstance('config', 'Config\\Torrent', [])
 3 SYSTEMPATH/Config/Factories.php(189): CodeIgniter\Config\Factories::__callStatic('config', [])
 4 SYSTEMPATH/Common.php(208): CodeIgniter\Config\Factories::get('config', 'Torrent')
 5 APPPATH/Controllers/BaseController.php(131): config('Torrent')
 6 SYSTEMPATH/CodeIgniter.php(904): App\Controllers\BaseController->initController(Object(CodeIgniter\HTTP\IncomingRequest), Object(CodeIgniter\HTTP\Response), Object(CodeIgniter\Log\Logger))
 7 SYSTEMPATH/CodeIgniter.php(498): CodeIgniter\CodeIgniter->createController()
 8 SYSTEMPATH/CodeIgniter.php(354): CodeIgniter\CodeIgniter->handleRequest(null, Object(Config\Cache), false)
 9 SYSTEMPATH/Boot.php(363): CodeIgniter\CodeIgniter->run()
10 SYSTEMPATH/Boot.php(68): CodeIgniter\Boot::runCodeIgniter(Object(CodeIgniter\CodeIgniter))
11 FCPATH/index.php(59): CodeIgniter\Boot::bootWeb(Object(Config\Paths))
DEBUG - 2026-01-26 16:05:53 --> Session: Class initialized using 'CodeIgniter\Session\Handlers\DatabaseHandler' driver.
WARNING - 2026-01-26 16:05:53 --> [DEPRECATED] Creation of dynamic property Config\Torrent::$imageDir is deprecated in APPPATH/Config/Torrent.php on line 114.
 1 APPPATH/Helpers/avatar_helper.php(11): Config\Torrent->__construct()
 2 FCPATH/themes/front/widget/login.php(9): avatar('1.png', 200)
 3 FCPATH/themes/front/footer.php(4): include('/srv/http/torr.ws/public/themes/front/widget/login.php')
 4 SYSTEMPATH/View/View.php(226): include('/srv/http/torr.ws/public/themes/front/footer.php')
 5 SYSTEMPATH/View/View.php(229): CodeIgniter\View\View->{closure:CodeIgniter\View\View::render():223}()
 6 APPPATH/ThirdParty/templates/Themes.php(468): CodeIgniter\View\View->render('footer')
 7 APPPATH/Controllers/Home.php(51): Arifrh\Themes\Themes::render('home', [...])
 8 SYSTEMPATH/CodeIgniter.php(933): App\Controllers\Home->index()
 9 SYSTEMPATH/CodeIgniter.php(507): CodeIgniter\CodeIgniter->runController(Object(App\Controllers\Home))
10 SYSTEMPATH/CodeIgniter.php(354): CodeIgniter\CodeIgniter->handleRequest(null, Object(Config\Cache), false)
11 SYSTEMPATH/Boot.php(363): CodeIgniter\CodeIgniter->run()
12 SYSTEMPATH/Boot.php(68): CodeIgniter\Boot::runCodeIgniter(Object(CodeIgniter\CodeIgniter))
13 FCPATH/index.php(59): CodeIgniter\Boot::bootWeb(Object(Config\Paths))
WARNING - 2026-01-26 16:05:53 --> [DEPRECATED] Creation of dynamic property Config\Torrent::$catImageDir is deprecated in APPPATH/Config/Torrent.php on line 115.
 1 APPPATH/Helpers/avatar_helper.php(11): Config\Torrent->__construct()
 2 FCPATH/themes/front/widget/login.php(9): avatar('1.png', 200)
 3 FCPATH/themes/front/footer.php(4): include('/srv/http/torr.ws/public/themes/front/widget/login.php')
 4 SYSTEMPATH/View/View.php(226): include('/srv/http/torr.ws/public/themes/front/footer.php')
 5 SYSTEMPATH/View/View.php(229): CodeIgniter\View\View->{closure:CodeIgniter\View\View::render():223}()
 6 APPPATH/ThirdParty/templates/Themes.php(468): CodeIgniter\View\View->render('footer')
 7 APPPATH/Controllers/Home.php(51): Arifrh\Themes\Themes::render('home', [...])
 8 SYSTEMPATH/CodeIgniter.php(933): App\Controllers\Home->index()
 9 SYSTEMPATH/CodeIgniter.php(507): CodeIgniter\CodeIgniter->runController(Object(App\Controllers\Home))
10 SYSTEMPATH/CodeIgniter.php(354): CodeIgniter\CodeIgniter->handleRequest(null, Object(Config\Cache), false)
11 SYSTEMPATH/Boot.php(363): CodeIgniter\CodeIgniter->run()
12 SYSTEMPATH/Boot.php(68): CodeIgniter\Boot::runCodeIgniter(Object(CodeIgniter\CodeIgniter))
13 FCPATH/index.php(59): CodeIgniter\Boot::bootWeb(Object(Config\Paths))
WARNING - 2026-01-26 16:06:48 --> [DEPRECATED] Creation of dynamic property Config\Torrent::$imageDir is deprecated in APPPATH/Config/Torrent.php on line 114.
 1 SYSTEMPATH/Config/Factories.php(236): Config\Torrent->__construct()
 2 SYSTEMPATH/Config/Factories.php(170): CodeIgniter\Config\Factories::createInstance('config', 'Config\\Torrent', [])
 3 SYSTEMPATH/Config/Factories.php(189): CodeIgniter\Config\Factories::__callStatic('config', [])
 4 SYSTEMPATH/Common.php(208): CodeIgniter\Config\Factories::get('config', 'Torrent')
 5 APPPATH/Controllers/BaseController.php(131): config('Torrent')
 6 SYSTEMPATH/CodeIgniter.php(904): App\Controllers\BaseController->initController(Object(CodeIgniter\HTTP\IncomingRequest), Object(CodeIgniter\HTTP\Response), Object(CodeIgniter\Log\Logger))
 7 SYSTEMPATH/CodeIgniter.php(498): CodeIgniter\CodeIgniter->createController()
 8 SYSTEMPATH/CodeIgniter.php(354): CodeIgniter\CodeIgniter->handleRequest(null, Object(Config\Cache), false)
 9 SYSTEMPATH/Boot.php(363): CodeIgniter\CodeIgniter->run()
10 SYSTEMPATH/Boot.php(68): CodeIgniter\Boot::runCodeIgniter(Object(CodeIgniter\CodeIgniter))
11 FCPATH/index.php(59): CodeIgniter\Boot::bootWeb(Object(Config\Paths))
WARNING - 2026-01-26 16:06:48 --> [DEPRECATED] Creation of dynamic property Config\Torrent::$catImageDir is deprecated in APPPATH/Config/Torrent.php on line 115.
 1 SYSTEMPATH/Config/Factories.php(236): Config\Torrent->__construct()
 2 SYSTEMPATH/Config/Factories.php(170): CodeIgniter\Config\Factories::createInstance('config', 'Config\\Torrent', [])
 3 SYSTEMPATH/Config/Factories.php(189): CodeIgniter\Config\Factories::__callStatic('config', [])
 4 SYSTEMPATH/Common.php(208): CodeIgniter\Config\Factories::get('config', 'Torrent')
 5 APPPATH/Controllers/BaseController.php(131): config('Torrent')
 6 SYSTEMPATH/CodeIgniter.php(904): App\Controllers\BaseController->initController(Object(CodeIgniter\HTTP\IncomingRequest), Object(CodeIgniter\HTTP\Response), Object(CodeIgniter\Log\Logger))
 7 SYSTEMPATH/CodeIgniter.php(498): CodeIgniter\CodeIgniter->createController()
 8 SYSTEMPATH/CodeIgniter.php(354): CodeIgniter\CodeIgniter->handleRequest(null, Object(Config\Cache), false)
 9 SYSTEMPATH/Boot.php(363): CodeIgniter\CodeIgniter->run()
10 SYSTEMPATH/Boot.php(68): CodeIgniter\Boot::runCodeIgniter(Object(CodeIgniter\CodeIgniter))
11 FCPATH/index.php(59): CodeIgniter\Boot::bootWeb(Object(Config\Paths))
DEBUG - 2026-01-26 16:06:48 --> Session: Class initialized using 'CodeIgniter\Session\Handlers\DatabaseHandler' driver.
WARNING - 2026-01-26 16:06:48 --> [DEPRECATED] Creation of dynamic property Config\Torrent::$imageDir is deprecated in APPPATH/Config/Torrent.php on line 114.
 1 APPPATH/Helpers/avatar_helper.php(11): Config\Torrent->__construct()
 2 FCPATH/themes/front/widget/login.php(9): avatar('1.png', 200)
 3 FCPATH/themes/front/footer.php(4): include('/srv/http/torr.ws/public/themes/front/widget/login.php')
 4 SYSTEMPATH/View/View.php(226): include('/srv/http/torr.ws/public/themes/front/footer.php')
 5 SYSTEMPATH/View/View.php(229): CodeIgniter\View\View->{closure:CodeIgniter\View\View::render():223}()
 6 APPPATH/ThirdParty/templates/Themes.php(468): CodeIgniter\View\View->render('footer')
 7 APPPATH/Controllers/Home.php(51): Arifrh\Themes\Themes::render('home', [...])
 8 SYSTEMPATH/CodeIgniter.php(933): App\Controllers\Home->index()
 9 SYSTEMPATH/CodeIgniter.php(507): CodeIgniter\CodeIgniter->runController(Object(App\Controllers\Home))
10 SYSTEMPATH/CodeIgniter.php(354): CodeIgniter\CodeIgniter->handleRequest(null, Object(Config\Cache), false)
11 SYSTEMPATH/Boot.php(363): CodeIgniter\CodeIgniter->run()
12 SYSTEMPATH/Boot.php(68): CodeIgniter\Boot::runCodeIgniter(Object(CodeIgniter\CodeIgniter))
13 FCPATH/index.php(59): CodeIgniter\Boot::bootWeb(Object(Config\Paths))
WARNING - 2026-01-26 16:06:48 --> [DEPRECATED] Creation of dynamic property Config\Torrent::$catImageDir is deprecated in APPPATH/Config/Torrent.php on line 115.
 1 APPPATH/Helpers/avatar_helper.php(11): Config\Torrent->__construct()
 2 FCPATH/themes/front/widget/login.php(9): avatar('1.png', 200)
 3 FCPATH/themes/front/footer.php(4): include('/srv/http/torr.ws/public/themes/front/widget/login.php')
 4 SYSTEMPATH/View/View.php(226): include('/srv/http/torr.ws/public/themes/front/footer.php')
 5 SYSTEMPATH/View/View.php(229): CodeIgniter\View\View->{closure:CodeIgniter\View\View::render():223}()
 6 APPPATH/ThirdParty/templates/Themes.php(468): CodeIgniter\View\View->render('footer')
 7 APPPATH/Controllers/Home.php(51): Arifrh\Themes\Themes::render('home', [...])
 8 SYSTEMPATH/CodeIgniter.php(933): App\Controllers\Home->index()
 9 SYSTEMPATH/CodeIgniter.php(507): CodeIgniter\CodeIgniter->runController(Object(App\Controllers\Home))
10 SYSTEMPATH/CodeIgniter.php(354): CodeIgniter\CodeIgniter->handleRequest(null, Object(Config\Cache), false)
11 SYSTEMPATH/Boot.php(363): CodeIgniter\CodeIgniter->run()
12 SYSTEMPATH/Boot.php(68): CodeIgniter\Boot::runCodeIgniter(Object(CodeIgniter\CodeIgniter))
13 FCPATH/index.php(59): CodeIgniter\Boot::bootWeb(Object(Config\Paths))
WARNING - 2026-01-26 16:07:28 --> [DEPRECATED] Creation of dynamic property Config\Torrent::$imageDir is deprecated in APPPATH/Config/Torrent.php on line 114.
 1 SYSTEMPATH/Config/Factories.php(236): Config\Torrent->__construct()
 2 SYSTEMPATH/Config/Factories.php(170): CodeIgniter\Config\Factories::createInstance('config', 'Config\\Torrent', [])
 3 SYSTEMPATH/Config/Factories.php(189): CodeIgniter\Config\Factories::__callStatic('config', [])
 4 SYSTEMPATH/Common.php(208): CodeIgniter\Config\Factories::get('config', 'Torrent')
 5 APPPATH/Controllers/BaseController.php(131): config('Torrent')
 6 SYSTEMPATH/CodeIgniter.php(904): App\Controllers\BaseController->initController(Object(CodeIgniter\HTTP\IncomingRequest), Object(CodeIgniter\HTTP\Response), Object(CodeIgniter\Log\Logger))
 7 SYSTEMPATH/CodeIgniter.php(498): CodeIgniter\CodeIgniter->createController()
 8 SYSTEMPATH/CodeIgniter.php(354): CodeIgniter\CodeIgniter->handleRequest(null, Object(Config\Cache), false)
 9 SYSTEMPATH/Boot.php(363): CodeIgniter\CodeIgniter->run()
10 SYSTEMPATH/Boot.php(68): CodeIgniter\Boot::runCodeIgniter(Object(CodeIgniter\CodeIgniter))
11 FCPATH/index.php(59): CodeIgniter\Boot::bootWeb(Object(Config\Paths))
WARNING - 2026-01-26 16:07:28 --> [DEPRECATED] Creation of dynamic property Config\Torrent::$catImageDir is deprecated in APPPATH/Config/Torrent.php on line 115.
 1 SYSTEMPATH/Config/Factories.php(236): Config\Torrent->__construct()
 2 SYSTEMPATH/Config/Factories.php(170): CodeIgniter\Config\Factories::createInstance('config', 'Config\\Torrent', [])
 3 SYSTEMPATH/Config/Factories.php(189): CodeIgniter\Config\Factories::__callStatic('config', [])
 4 SYSTEMPATH/Common.php(208): CodeIgniter\Config\Factories::get('config', 'Torrent')
 5 APPPATH/Controllers/BaseController.php(131): config('Torrent')
 6 SYSTEMPATH/CodeIgniter.php(904): App\Controllers\BaseController->initController(Object(CodeIgniter\HTTP\IncomingRequest), Object(CodeIgniter\HTTP\Response), Object(CodeIgniter\Log\Logger))
 7 SYSTEMPATH/CodeIgniter.php(498): CodeIgniter\CodeIgniter->createController()
 8 SYSTEMPATH/CodeIgniter.php(354): CodeIgniter\CodeIgniter->handleRequest(null, Object(Config\Cache), false)
 9 SYSTEMPATH/Boot.php(363): CodeIgniter\CodeIgniter->run()
10 SYSTEMPATH/Boot.php(68): CodeIgniter\Boot::runCodeIgniter(Object(CodeIgniter\CodeIgniter))
11 FCPATH/index.php(59): CodeIgniter\Boot::bootWeb(Object(Config\Paths))
DEBUG - 2026-01-26 16:07:28 --> Session: Class initialized using 'CodeIgniter\Session\Handlers\DatabaseHandler' driver.
WARNING - 2026-01-26 16:07:28 --> [DEPRECATED] Creation of dynamic property Config\Torrent::$imageDir is deprecated in APPPATH/Config/Torrent.php on line 114.
 1 APPPATH/Helpers/avatar_helper.php(11): Config\Torrent->__construct()
 2 FCPATH/themes/front/widget/login.php(9): avatar('1.png', 200)
 3 FCPATH/themes/front/footer.php(4): include('/srv/http/torr.ws/public/themes/front/widget/login.php')
 4 SYSTEMPATH/View/View.php(226): include('/srv/http/torr.ws/public/themes/front/footer.php')
 5 SYSTEMPATH/View/View.php(229): CodeIgniter\View\View->{closure:CodeIgniter\View\View::render():223}()
 6 APPPATH/ThirdParty/templates/Themes.php(468): CodeIgniter\View\View->render('footer')
 7 APPPATH/Controllers/Home.php(51): Arifrh\Themes\Themes::render('home', [...])
 8 SYSTEMPATH/CodeIgniter.php(933): App\Controllers\Home->index()
 9 SYSTEMPATH/CodeIgniter.php(507): CodeIgniter\CodeIgniter->runController(Object(App\Controllers\Home))
10 SYSTEMPATH/CodeIgniter.php(354): CodeIgniter\CodeIgniter->handleRequest(null, Object(Config\Cache), false)
11 SYSTEMPATH/Boot.php(363): CodeIgniter\CodeIgniter->run()
12 SYSTEMPATH/Boot.php(68): CodeIgniter\Boot::runCodeIgniter(Object(CodeIgniter\CodeIgniter))
13 FCPATH/index.php(59): CodeIgniter\Boot::bootWeb(Object(Config\Paths))
WARNING - 2026-01-26 16:07:28 --> [DEPRECATED] Creation of dynamic property Config\Torrent::$catImageDir is deprecated in APPPATH/Config/Torrent.php on line 115.
 1 APPPATH/Helpers/avatar_helper.php(11): Config\Torrent->__construct()
 2 FCPATH/themes/front/widget/login.php(9): avatar('1.png', 200)
 3 FCPATH/themes/front/footer.php(4): include('/srv/http/torr.ws/public/themes/front/widget/login.php')
 4 SYSTEMPATH/View/View.php(226): include('/srv/http/torr.ws/public/themes/front/footer.php')
 5 SYSTEMPATH/View/View.php(229): CodeIgniter\View\View->{closure:CodeIgniter\View\View::render():223}()
 6 APPPATH/ThirdParty/templates/Themes.php(468): CodeIgniter\View\View->render('footer')
 7 APPPATH/Controllers/Home.php(51): Arifrh\Themes\Themes::render('home', [...])
 8 SYSTEMPATH/CodeIgniter.php(933): App\Controllers\Home->index()
 9 SYSTEMPATH/CodeIgniter.php(507): CodeIgniter\CodeIgniter->runController(Object(App\Controllers\Home))
10 SYSTEMPATH/CodeIgniter.php(354): CodeIgniter\CodeIgniter->handleRequest(null, Object(Config\Cache), false)
11 SYSTEMPATH/Boot.php(363): CodeIgniter\CodeIgniter->run()
12 SYSTEMPATH/Boot.php(68): CodeIgniter\Boot::runCodeIgniter(Object(CodeIgniter\CodeIgniter))
13 FCPATH/index.php(59): CodeIgniter\Boot::bootWeb(Object(Config\Paths))
WARNING - 2026-01-26 16:08:15 --> [DEPRECATED] Creation of dynamic property Config\Torrent::$imageDir is deprecated in APPPATH/Config/Torrent.php on line 114.
 1 SYSTEMPATH/Config/Factories.php(236): Config\Torrent->__construct()
 2 SYSTEMPATH/Config/Factories.php(170): CodeIgniter\Config\Factories::createInstance('config', 'Config\\Torrent', [])
 3 SYSTEMPATH/Config/Factories.php(189): CodeIgniter\Config\Factories::__callStatic('config', [])
 4 SYSTEMPATH/Common.php(208): CodeIgniter\Config\Factories::get('config', 'Torrent')
 5 APPPATH/Controllers/BaseController.php(131): config('Torrent')
 6 SYSTEMPATH/CodeIgniter.php(904): App\Controllers\BaseController->initController(Object(CodeIgniter\HTTP\IncomingRequest), Object(CodeIgniter\HTTP\Response), Object(CodeIgniter\Log\Logger))
 7 SYSTEMPATH/CodeIgniter.php(498): CodeIgniter\CodeIgniter->createController()
 8 SYSTEMPATH/CodeIgniter.php(354): CodeIgniter\CodeIgniter->handleRequest(null, Object(Config\Cache), false)
 9 SYSTEMPATH/Boot.php(363): CodeIgniter\CodeIgniter->run()
10 SYSTEMPATH/Boot.php(68): CodeIgniter\Boot::runCodeIgniter(Object(CodeIgniter\CodeIgniter))
11 FCPATH/index.php(59): CodeIgniter\Boot::bootWeb(Object(Config\Paths))
WARNING - 2026-01-26 16:08:15 --> [DEPRECATED] Creation of dynamic property Config\Torrent::$catImageDir is deprecated in APPPATH/Config/Torrent.php on line 115.
 1 SYSTEMPATH/Config/Factories.php(236): Config\Torrent->__construct()
 2 SYSTEMPATH/Config/Factories.php(170): CodeIgniter\Config\Factories::createInstance('config', 'Config\\Torrent', [])
 3 SYSTEMPATH/Config/Factories.php(189): CodeIgniter\Config\Factories::__callStatic('config', [])
 4 SYSTEMPATH/Common.php(208): CodeIgniter\Config\Factories::get('config', 'Torrent')
 5 APPPATH/Controllers/BaseController.php(131): config('Torrent')
 6 SYSTEMPATH/CodeIgniter.php(904): App\Controllers\BaseController->initController(Object(CodeIgniter\HTTP\IncomingRequest), Object(CodeIgniter\HTTP\Response), Object(CodeIgniter\Log\Logger))
 7 SYSTEMPATH/CodeIgniter.php(498): CodeIgniter\CodeIgniter->createController()
 8 SYSTEMPATH/CodeIgniter.php(354): CodeIgniter\CodeIgniter->handleRequest(null, Object(Config\Cache), false)
 9 SYSTEMPATH/Boot.php(363): CodeIgniter\CodeIgniter->run()
10 SYSTEMPATH/Boot.php(68): CodeIgniter\Boot::runCodeIgniter(Object(CodeIgniter\CodeIgniter))
11 FCPATH/index.php(59): CodeIgniter\Boot::bootWeb(Object(Config\Paths))
DEBUG - 2026-01-26 16:08:15 --> Session: Class initialized using 'CodeIgniter\Session\Handlers\DatabaseHandler' driver.
WARNING - 2026-01-26 16:08:15 --> [DEPRECATED] Creation of dynamic property Config\Torrent::$imageDir is deprecated in APPPATH/Config/Torrent.php on line 114.
 1 APPPATH/Helpers/avatar_helper.php(11): Config\Torrent->__construct()
 2 FCPATH/themes/front/widget/login.php(9): avatar('1.png', 200)
 3 FCPATH/themes/front/footer.php(4): include('/srv/http/torr.ws/public/themes/front/widget/login.php')
 4 SYSTEMPATH/View/View.php(226): include('/srv/http/torr.ws/public/themes/front/footer.php')
 5 SYSTEMPATH/View/View.php(229): CodeIgniter\View\View->{closure:CodeIgniter\View\View::render():223}()
 6 APPPATH/ThirdParty/templates/Themes.php(468): CodeIgniter\View\View->render('footer')
 7 APPPATH/Controllers/Home.php(51): Arifrh\Themes\Themes::render('home', [...])
 8 SYSTEMPATH/CodeIgniter.php(933): App\Controllers\Home->index()
 9 SYSTEMPATH/CodeIgniter.php(507): CodeIgniter\CodeIgniter->runController(Object(App\Controllers\Home))
10 SYSTEMPATH/CodeIgniter.php(354): CodeIgniter\CodeIgniter->handleRequest(null, Object(Config\Cache), false)
11 SYSTEMPATH/Boot.php(363): CodeIgniter\CodeIgniter->run()
12 SYSTEMPATH/Boot.php(68): CodeIgniter\Boot::runCodeIgniter(Object(CodeIgniter\CodeIgniter))
13 FCPATH/index.php(59): CodeIgniter\Boot::bootWeb(Object(Config\Paths))
WARNING - 2026-01-26 16:08:15 --> [DEPRECATED] Creation of dynamic property Config\Torrent::$catImageDir is deprecated in APPPATH/Config/Torrent.php on line 115.
 1 APPPATH/Helpers/avatar_helper.php(11): Config\Torrent->__construct()
 2 FCPATH/themes/front/widget/login.php(9): avatar('1.png', 200)
 3 FCPATH/themes/front/footer.php(4): include('/srv/http/torr.ws/public/themes/front/widget/login.php')
 4 SYSTEMPATH/View/View.php(226): include('/srv/http/torr.ws/public/themes/front/footer.php')
 5 SYSTEMPATH/View/View.php(229): CodeIgniter\View\View->{closure:CodeIgniter\View\View::render():223}()
 6 APPPATH/ThirdParty/templates/Themes.php(468): CodeIgniter\View\View->render('footer')
 7 APPPATH/Controllers/Home.php(51): Arifrh\Themes\Themes::render('home', [...])
 8 SYSTEMPATH/CodeIgniter.php(933): App\Controllers\Home->index()
 9 SYSTEMPATH/CodeIgniter.php(507): CodeIgniter\CodeIgniter->runController(Object(App\Controllers\Home))
10 SYSTEMPATH/CodeIgniter.php(354): CodeIgniter\CodeIgniter->handleRequest(null, Object(Config\Cache), false)
11 SYSTEMPATH/Boot.php(363): CodeIgniter\CodeIgniter->run()
12 SYSTEMPATH/Boot.php(68): CodeIgniter\Boot::runCodeIgniter(Object(CodeIgniter\CodeIgniter))
13 FCPATH/index.php(59): CodeIgniter\Boot::bootWeb(Object(Config\Paths))
WARNING - 2026-01-26 16:15:01 --> [DEPRECATED] Creation of dynamic property Config\Torrent::$imageDir is deprecated in APPPATH/Config/Torrent.php on line 114.
 1 SYSTEMPATH/Config/Factories.php(236): Config\Torrent->__construct()
 2 SYSTEMPATH/Config/Factories.php(170): CodeIgniter\Config\Factories::createInstance('config', 'Config\\Torrent', [])
 3 SYSTEMPATH/Config/Factories.php(189): CodeIgniter\Config\Factories::__callStatic('config', [])
 4 SYSTEMPATH/Common.php(208): CodeIgniter\Config\Factories::get('config', 'Torrent')
 5 APPPATH/Controllers/BaseController.php(131): config('Torrent')
 6 SYSTEMPATH/CodeIgniter.php(904): App\Controllers\BaseController->initController(Object(CodeIgniter\HTTP\IncomingRequest), Object(CodeIgniter\HTTP\Response), Object(CodeIgniter\Log\Logger))
 7 SYSTEMPATH/CodeIgniter.php(498): CodeIgniter\CodeIgniter->createController()
 8 SYSTEMPATH/CodeIgniter.php(354): CodeIgniter\CodeIgniter->handleRequest(null, Object(Config\Cache), false)
 9 SYSTEMPATH/Boot.php(363): CodeIgniter\CodeIgniter->run()
10 SYSTEMPATH/Boot.php(68): CodeIgniter\Boot::runCodeIgniter(Object(CodeIgniter\CodeIgniter))
11 FCPATH/index.php(59): CodeIgniter\Boot::bootWeb(Object(Config\Paths))
WARNING - 2026-01-26 16:15:01 --> [DEPRECATED] Creation of dynamic property Config\Torrent::$catImageDir is deprecated in APPPATH/Config/Torrent.php on line 115.
 1 SYSTEMPATH/Config/Factories.php(236): Config\Torrent->__construct()
 2 SYSTEMPATH/Config/Factories.php(170): CodeIgniter\Config\Factories::createInstance('config', 'Config\\Torrent', [])
 3 SYSTEMPATH/Config/Factories.php(189): CodeIgniter\Config\Factories::__callStatic('config', [])
 4 SYSTEMPATH/Common.php(208): CodeIgniter\Config\Factories::get('config', 'Torrent')
 5 APPPATH/Controllers/BaseController.php(131): config('Torrent')
 6 SYSTEMPATH/CodeIgniter.php(904): App\Controllers\BaseController->initController(Object(CodeIgniter\HTTP\IncomingRequest), Object(CodeIgniter\HTTP\Response), Object(CodeIgniter\Log\Logger))
 7 SYSTEMPATH/CodeIgniter.php(498): CodeIgniter\CodeIgniter->createController()
 8 SYSTEMPATH/CodeIgniter.php(354): CodeIgniter\CodeIgniter->handleRequest(null, Object(Config\Cache), false)
 9 SYSTEMPATH/Boot.php(363): CodeIgniter\CodeIgniter->run()
10 SYSTEMPATH/Boot.php(68): CodeIgniter\Boot::runCodeIgniter(Object(CodeIgniter\CodeIgniter))
11 FCPATH/index.php(59): CodeIgniter\Boot::bootWeb(Object(Config\Paths))
DEBUG - 2026-01-26 16:15:01 --> Session: Class initialized using 'CodeIgniter\Session\Handlers\DatabaseHandler' driver.
WARNING - 2026-01-26 16:46:29 --> [DEPRECATED] Creation of dynamic property Config\Torrent::$imageDir is deprecated in APPPATH/Config/Torrent.php on line 114.
 1 SYSTEMPATH/Config/Factories.php(236): Config\Torrent->__construct()
 2 SYSTEMPATH/Config/Factories.php(170): CodeIgniter\Config\Factories::createInstance('config', 'Config\\Torrent', [])
 3 SYSTEMPATH/Config/Factories.php(189): CodeIgniter\Config\Factories::__callStatic('config', [])
 4 SYSTEMPATH/Common.php(208): CodeIgniter\Config\Factories::get('config', 'Torrent')
 5 APPPATH/Controllers/BaseController.php(131): config('Torrent')
 6 SYSTEMPATH/CodeIgniter.php(904): App\Controllers\BaseController->initController(Object(CodeIgniter\HTTP\IncomingRequest), Object(CodeIgniter\HTTP\Response), Object(CodeIgniter\Log\Logger))
 7 SYSTEMPATH/CodeIgniter.php(498): CodeIgniter\CodeIgniter->createController()
 8 SYSTEMPATH/CodeIgniter.php(354): CodeIgniter\CodeIgniter->handleRequest(null, Object(Config\Cache), false)
 9 SYSTEMPATH/Boot.php(363): CodeIgniter\CodeIgniter->run()
10 SYSTEMPATH/Boot.php(68): CodeIgniter\Boot::runCodeIgniter(Object(CodeIgniter\CodeIgniter))
11 FCPATH/index.php(59): CodeIgniter\Boot::bootWeb(Object(Config\Paths))
WARNING - 2026-01-26 16:46:29 --> [DEPRECATED] Creation of dynamic property Config\Torrent::$catImageDir is deprecated in APPPATH/Config/Torrent.php on line 115.
 1 SYSTEMPATH/Config/Factories.php(236): Config\Torrent->__construct()
 2 SYSTEMPATH/Config/Factories.php(170): CodeIgniter\Config\Factories::createInstance('config', 'Config\\Torrent', [])
 3 SYSTEMPATH/Config/Factories.php(189): CodeIgniter\Config\Factories::__callStatic('config', [])
 4 SYSTEMPATH/Common.php(208): CodeIgniter\Config\Factories::get('config', 'Torrent')
 5 APPPATH/Controllers/BaseController.php(131): config('Torrent')
 6 SYSTEMPATH/CodeIgniter.php(904): App\Controllers\BaseController->initController(Object(CodeIgniter\HTTP\IncomingRequest), Object(CodeIgniter\HTTP\Response), Object(CodeIgniter\Log\Logger))
 7 SYSTEMPATH/CodeIgniter.php(498): CodeIgniter\CodeIgniter->createController()
 8 SYSTEMPATH/CodeIgniter.php(354): CodeIgniter\CodeIgniter->handleRequest(null, Object(Config\Cache), false)
 9 SYSTEMPATH/Boot.php(363): CodeIgniter\CodeIgniter->run()
10 SYSTEMPATH/Boot.php(68): CodeIgniter\Boot::runCodeIgniter(Object(CodeIgniter\CodeIgniter))
11 FCPATH/index.php(59): CodeIgniter\Boot::bootWeb(Object(Config\Paths))
DEBUG - 2026-01-26 16:46:29 --> Session: Class initialized using 'CodeIgniter\Session\Handlers\DatabaseHandler' driver.
WARNING - 2026-01-26 16:46:29 --> [DEPRECATED] Creation of dynamic property Config\Torrent::$imageDir is deprecated in APPPATH/Config/Torrent.php on line 114.
 1 APPPATH/Helpers/avatar_helper.php(11): Config\Torrent->__construct()
 2 FCPATH/themes/front/torrent_view.php(56): avatar('1.png', 70, 'img-rounded img-responsive border border-dark border-3')
 3 SYSTEMPATH/View/View.php(226): include('/srv/http/torr.ws/public/themes/front/torrent_view.php')
 4 SYSTEMPATH/View/View.php(229): CodeIgniter\View\View->{closure:CodeIgniter\View\View::render():223}()
 5 APPPATH/ThirdParty/templates/Themes.php(464): CodeIgniter\View\View->render('torrent_view')
 6 APPPATH/Controllers/TorrentController.php(143): Arifrh\Themes\Themes::render('torrent_view', [...])
 7 SYSTEMPATH/CodeIgniter.php(933): App\Controllers\TorrentController->TorrentView(2)
 8 SYSTEMPATH/CodeIgniter.php(507): CodeIgniter\CodeIgniter->runController(Object(App\Controllers\TorrentController))
 9 SYSTEMPATH/CodeIgniter.php(354): CodeIgniter\CodeIgniter->handleRequest(null, Object(Config\Cache), false)
10 SYSTEMPATH/Boot.php(363): CodeIgniter\CodeIgniter->run()
11 SYSTEMPATH/Boot.php(68): CodeIgniter\Boot::runCodeIgniter(Object(CodeIgniter\CodeIgniter))
12 FCPATH/index.php(59): CodeIgniter\Boot::bootWeb(Object(Config\Paths))
WARNING - 2026-01-26 16:46:29 --> [DEPRECATED] Creation of dynamic property Config\Torrent::$catImageDir is deprecated in APPPATH/Config/Torrent.php on line 115.
 1 APPPATH/Helpers/avatar_helper.php(11): Config\Torrent->__construct()
 2 FCPATH/themes/front/torrent_view.php(56): avatar('1.png', 70, 'img-rounded img-responsive border border-dark border-3')
 3 SYSTEMPATH/View/View.php(226): include('/srv/http/torr.ws/public/themes/front/torrent_view.php')
 4 SYSTEMPATH/View/View.php(229): CodeIgniter\View\View->{closure:CodeIgniter\View\View::render():223}()
 5 APPPATH/ThirdParty/templates/Themes.php(464): CodeIgniter\View\View->render('torrent_view')
 6 APPPATH/Controllers/TorrentController.php(143): Arifrh\Themes\Themes::render('torrent_view', [...])
 7 SYSTEMPATH/CodeIgniter.php(933): App\Controllers\TorrentController->TorrentView(2)
 8 SYSTEMPATH/CodeIgniter.php(507): CodeIgniter\CodeIgniter->runController(Object(App\Controllers\TorrentController))
 9 SYSTEMPATH/CodeIgniter.php(354): CodeIgniter\CodeIgniter->handleRequest(null, Object(Config\Cache), false)
10 SYSTEMPATH/Boot.php(363): CodeIgniter\CodeIgniter->run()
11 SYSTEMPATH/Boot.php(68): CodeIgniter\Boot::runCodeIgniter(Object(CodeIgniter\CodeIgniter))
12 FCPATH/index.php(59): CodeIgniter\Boot::bootWeb(Object(Config\Paths))
WARNING - 2026-01-26 16:46:29 --> [DEPRECATED] Creation of dynamic property Config\Torrent::$imageDir is deprecated in APPPATH/Config/Torrent.php on line 114.
 1 APPPATH/Helpers/avatar_helper.php(11): Config\Torrent->__construct()
 2 FCPATH/themes/front/widget/login.php(9): avatar('1.png', 200)
 3 FCPATH/themes/front/footer.php(4): include('/srv/http/torr.ws/public/themes/front/widget/login.php')
 4 SYSTEMPATH/View/View.php(226): include('/srv/http/torr.ws/public/themes/front/footer.php')
 5 SYSTEMPATH/View/View.php(229): CodeIgniter\View\View->{closure:CodeIgniter\View\View::render():223}()
 6 APPPATH/ThirdParty/templates/Themes.php(468): CodeIgniter\View\View->render('footer')
 7 APPPATH/Controllers/TorrentController.php(143): Arifrh\Themes\Themes::render('torrent_view', [...])
 8 SYSTEMPATH/CodeIgniter.php(933): App\Controllers\TorrentController->TorrentView(2)
 9 SYSTEMPATH/CodeIgniter.php(507): CodeIgniter\CodeIgniter->runController(Object(App\Controllers\TorrentController))
10 SYSTEMPATH/CodeIgniter.php(354): CodeIgniter\CodeIgniter->handleRequest(null, Object(Config\Cache), false)
11 SYSTEMPATH/Boot.php(363): CodeIgniter\CodeIgniter->run()
12 SYSTEMPATH/Boot.php(68): CodeIgniter\Boot::runCodeIgniter(Object(CodeIgniter\CodeIgniter))
13 FCPATH/index.php(59): CodeIgniter\Boot::bootWeb(Object(Config\Paths))
WARNING - 2026-01-26 16:46:29 --> [DEPRECATED] Creation of dynamic property Config\Torrent::$catImageDir is deprecated in APPPATH/Config/Torrent.php on line 115.
 1 APPPATH/Helpers/avatar_helper.php(11): Config\Torrent->__construct()
 2 FCPATH/themes/front/widget/login.php(9): avatar('1.png', 200)
 3 FCPATH/themes/front/footer.php(4): include('/srv/http/torr.ws/public/themes/front/widget/login.php')
 4 SYSTEMPATH/View/View.php(226): include('/srv/http/torr.ws/public/themes/front/footer.php')
 5 SYSTEMPATH/View/View.php(229): CodeIgniter\View\View->{closure:CodeIgniter\View\View::render():223}()
 6 APPPATH/ThirdParty/templates/Themes.php(468): CodeIgniter\View\View->render('footer')
 7 APPPATH/Controllers/TorrentController.php(143): Arifrh\Themes\Themes::render('torrent_view', [...])
 8 SYSTEMPATH/CodeIgniter.php(933): App\Controllers\TorrentController->TorrentView(2)
 9 SYSTEMPATH/CodeIgniter.php(507): CodeIgniter\CodeIgniter->runController(Object(App\Controllers\TorrentController))
10 SYSTEMPATH/CodeIgniter.php(354): CodeIgniter\CodeIgniter->handleRequest(null, Object(Config\Cache), false)
11 SYSTEMPATH/Boot.php(363): CodeIgniter\CodeIgniter->run()
12 SYSTEMPATH/Boot.php(68): CodeIgniter\Boot::runCodeIgniter(Object(CodeIgniter\CodeIgniter))
13 FCPATH/index.php(59): CodeIgniter\Boot::bootWeb(Object(Config\Paths))
WARNING - 2026-01-26 18:01:26 --> [DEPRECATED] Creation of dynamic property Config\Torrent::$imageDir is deprecated in APPPATH/Config/Torrent.php on line 114.
 1 SYSTEMPATH/Config/Factories.php(236): Config\Torrent->__construct()
 2 SYSTEMPATH/Config/Factories.php(170): CodeIgniter\Config\Factories::createInstance('config', 'Config\\Torrent', [])
 3 SYSTEMPATH/Config/Factories.php(189): CodeIgniter\Config\Factories::__callStatic('config', [])
 4 SYSTEMPATH/Common.php(208): CodeIgniter\Config\Factories::get('config', 'Torrent')
 5 APPPATH/Controllers/BaseController.php(131): config('Torrent')
 6 SYSTEMPATH/CodeIgniter.php(904): App\Controllers\BaseController->initController(Object(CodeIgniter\HTTP\IncomingRequest), Object(CodeIgniter\HTTP\Response), Object(CodeIgniter\Log\Logger))
 7 SYSTEMPATH/CodeIgniter.php(498): CodeIgniter\CodeIgniter->createController()
 8 SYSTEMPATH/CodeIgniter.php(354): CodeIgniter\CodeIgniter->handleRequest(null, Object(Config\Cache), false)
 9 SYSTEMPATH/Boot.php(363): CodeIgniter\CodeIgniter->run()
10 SYSTEMPATH/Boot.php(68): CodeIgniter\Boot::runCodeIgniter(Object(CodeIgniter\CodeIgniter))
11 FCPATH/index.php(59): CodeIgniter\Boot::bootWeb(Object(Config\Paths))
WARNING - 2026-01-26 18:01:26 --> [DEPRECATED] Creation of dynamic property Config\Torrent::$catImageDir is deprecated in APPPATH/Config/Torrent.php on line 115.
 1 SYSTEMPATH/Config/Factories.php(236): Config\Torrent->__construct()
 2 SYSTEMPATH/Config/Factories.php(170): CodeIgniter\Config\Factories::createInstance('config', 'Config\\Torrent', [])
 3 SYSTEMPATH/Config/Factories.php(189): CodeIgniter\Config\Factories::__callStatic('config', [])
 4 SYSTEMPATH/Common.php(208): CodeIgniter\Config\Factories::get('config', 'Torrent')
 5 APPPATH/Controllers/BaseController.php(131): config('Torrent')
 6 SYSTEMPATH/CodeIgniter.php(904): App\Controllers\BaseController->initController(Object(CodeIgniter\HTTP\IncomingRequest), Object(CodeIgniter\HTTP\Response), Object(CodeIgniter\Log\Logger))
 7 SYSTEMPATH/CodeIgniter.php(498): CodeIgniter\CodeIgniter->createController()
 8 SYSTEMPATH/CodeIgniter.php(354): CodeIgniter\CodeIgniter->handleRequest(null, Object(Config\Cache), false)
 9 SYSTEMPATH/Boot.php(363): CodeIgniter\CodeIgniter->run()
10 SYSTEMPATH/Boot.php(68): CodeIgniter\Boot::runCodeIgniter(Object(CodeIgniter\CodeIgniter))
11 FCPATH/index.php(59): CodeIgniter\Boot::bootWeb(Object(Config\Paths))
DEBUG - 2026-01-26 18:01:26 --> Session: Class initialized using 'CodeIgniter\Session\Handlers\DatabaseHandler' driver.
WARNING - 2026-01-26 18:01:26 --> [DEPRECATED] Creation of dynamic property Config\Torrent::$imageDir is deprecated in APPPATH/Config/Torrent.php on line 114.
 1 APPPATH/Helpers/avatar_helper.php(11): Config\Torrent->__construct()
 2 FCPATH/themes/front/torrent_view.php(56): avatar('1.png', 70, 'img-rounded img-responsive border border-dark border-3')
 3 SYSTEMPATH/View/View.php(226): include('/srv/http/torr.ws/public/themes/front/torrent_view.php')
 4 SYSTEMPATH/View/View.php(229): CodeIgniter\View\View->{closure:CodeIgniter\View\View::render():223}()
 5 APPPATH/ThirdParty/templates/Themes.php(464): CodeIgniter\View\View->render('torrent_view')
 6 APPPATH/Controllers/TorrentController.php(143): Arifrh\Themes\Themes::render('torrent_view', [...])
 7 SYSTEMPATH/CodeIgniter.php(933): App\Controllers\TorrentController->TorrentView(2)
 8 SYSTEMPATH/CodeIgniter.php(507): CodeIgniter\CodeIgniter->runController(Object(App\Controllers\TorrentController))
 9 SYSTEMPATH/CodeIgniter.php(354): CodeIgniter\CodeIgniter->handleRequest(null, Object(Config\Cache), false)
10 SYSTEMPATH/Boot.php(363): CodeIgniter\CodeIgniter->run()
11 SYSTEMPATH/Boot.php(68): CodeIgniter\Boot::runCodeIgniter(Object(CodeIgniter\CodeIgniter))
12 FCPATH/index.php(59): CodeIgniter\Boot::bootWeb(Object(Config\Paths))
WARNING - 2026-01-26 18:01:26 --> [DEPRECATED] Creation of dynamic property Config\Torrent::$catImageDir is deprecated in APPPATH/Config/Torrent.php on line 115.
 1 APPPATH/Helpers/avatar_helper.php(11): Config\Torrent->__construct()
 2 FCPATH/themes/front/torrent_view.php(56): avatar('1.png', 70, 'img-rounded img-responsive border border-dark border-3')
 3 SYSTEMPATH/View/View.php(226): include('/srv/http/torr.ws/public/themes/front/torrent_view.php')
 4 SYSTEMPATH/View/View.php(229): CodeIgniter\View\View->{closure:CodeIgniter\View\View::render():223}()
 5 APPPATH/ThirdParty/templates/Themes.php(464): CodeIgniter\View\View->render('torrent_view')
 6 APPPATH/Controllers/TorrentController.php(143): Arifrh\Themes\Themes::render('torrent_view', [...])
 7 SYSTEMPATH/CodeIgniter.php(933): App\Controllers\TorrentController->TorrentView(2)
 8 SYSTEMPATH/CodeIgniter.php(507): CodeIgniter\CodeIgniter->runController(Object(App\Controllers\TorrentController))
 9 SYSTEMPATH/CodeIgniter.php(354): CodeIgniter\CodeIgniter->handleRequest(null, Object(Config\Cache), false)
10 SYSTEMPATH/Boot.php(363): CodeIgniter\CodeIgniter->run()
11 SYSTEMPATH/Boot.php(68): CodeIgniter\Boot::runCodeIgniter(Object(CodeIgniter\CodeIgniter))
12 FCPATH/index.php(59): CodeIgniter\Boot::bootWeb(Object(Config\Paths))
WARNING - 2026-01-26 18:01:26 --> [DEPRECATED] Creation of dynamic property Config\Torrent::$imageDir is deprecated in APPPATH/Config/Torrent.php on line 114.
 1 APPPATH/Helpers/avatar_helper.php(11): Config\Torrent->__construct()
 2 FCPATH/themes/front/widget/login.php(9): avatar('1.png', 200)
 3 FCPATH/themes/front/footer.php(4): include('/srv/http/torr.ws/public/themes/front/widget/login.php')
 4 SYSTEMPATH/View/View.php(226): include('/srv/http/torr.ws/public/themes/front/footer.php')
 5 SYSTEMPATH/View/View.php(229): CodeIgniter\View\View->{closure:CodeIgniter\View\View::render():223}()
 6 APPPATH/ThirdParty/templates/Themes.php(468): CodeIgniter\View\View->render('footer')
 7 APPPATH/Controllers/TorrentController.php(143): Arifrh\Themes\Themes::render('torrent_view', [...])
 8 SYSTEMPATH/CodeIgniter.php(933): App\Controllers\TorrentController->TorrentView(2)
 9 SYSTEMPATH/CodeIgniter.php(507): CodeIgniter\CodeIgniter->runController(Object(App\Controllers\TorrentController))
10 SYSTEMPATH/CodeIgniter.php(354): CodeIgniter\CodeIgniter->handleRequest(null, Object(Config\Cache), false)
11 SYSTEMPATH/Boot.php(363): CodeIgniter\CodeIgniter->run()
12 SYSTEMPATH/Boot.php(68): CodeIgniter\Boot::runCodeIgniter(Object(CodeIgniter\CodeIgniter))
13 FCPATH/index.php(59): CodeIgniter\Boot::bootWeb(Object(Config\Paths))
WARNING - 2026-01-26 18:01:26 --> [DEPRECATED] Creation of dynamic property Config\Torrent::$catImageDir is deprecated in APPPATH/Config/Torrent.php on line 115.
 1 APPPATH/Helpers/avatar_helper.php(11): Config\Torrent->__construct()
 2 FCPATH/themes/front/widget/login.php(9): avatar('1.png', 200)
 3 FCPATH/themes/front/footer.php(4): include('/srv/http/torr.ws/public/themes/front/widget/login.php')
 4 SYSTEMPATH/View/View.php(226): include('/srv/http/torr.ws/public/themes/front/footer.php')
 5 SYSTEMPATH/View/View.php(229): CodeIgniter\View\View->{closure:CodeIgniter\View\View::render():223}()
 6 APPPATH/ThirdParty/templates/Themes.php(468): CodeIgniter\View\View->render('footer')
 7 APPPATH/Controllers/TorrentController.php(143): Arifrh\Themes\Themes::render('torrent_view', [...])
 8 SYSTEMPATH/CodeIgniter.php(933): App\Controllers\TorrentController->TorrentView(2)
 9 SYSTEMPATH/CodeIgniter.php(507): CodeIgniter\CodeIgniter->runController(Object(App\Controllers\TorrentController))
10 SYSTEMPATH/CodeIgniter.php(354): CodeIgniter\CodeIgniter->handleRequest(null, Object(Config\Cache), false)
11 SYSTEMPATH/Boot.php(363): CodeIgniter\CodeIgniter->run()
12 SYSTEMPATH/Boot.php(68): CodeIgniter\Boot::runCodeIgniter(Object(CodeIgniter\CodeIgniter))
13 FCPATH/index.php(59): CodeIgniter\Boot::bootWeb(Object(Config\Paths))
WARNING - 2026-01-26 18:30:29 --> [DEPRECATED] Creation of dynamic property Config\Torrent::$imageDir is deprecated in APPPATH/Config/Torrent.php on line 114.
 1 SYSTEMPATH/Config/Factories.php(236): Config\Torrent->__construct()
 2 SYSTEMPATH/Config/Factories.php(170): CodeIgniter\Config\Factories::createInstance('config', 'Config\\Torrent', [])
 3 SYSTEMPATH/Config/Factories.php(189): CodeIgniter\Config\Factories::__callStatic('config', [])
 4 SYSTEMPATH/Common.php(208): CodeIgniter\Config\Factories::get('config', 'Torrent')
 5 APPPATH/Controllers/BaseController.php(131): config('Torrent')
 6 SYSTEMPATH/CodeIgniter.php(904): App\Controllers\BaseController->initController(Object(CodeIgniter\HTTP\IncomingRequest), Object(CodeIgniter\HTTP\Response), Object(CodeIgniter\Log\Logger))
 7 SYSTEMPATH/CodeIgniter.php(498): CodeIgniter\CodeIgniter->createController()
 8 SYSTEMPATH/CodeIgniter.php(354): CodeIgniter\CodeIgniter->handleRequest(null, Object(Config\Cache), false)
 9 SYSTEMPATH/Boot.php(363): CodeIgniter\CodeIgniter->run()
10 SYSTEMPATH/Boot.php(68): CodeIgniter\Boot::runCodeIgniter(Object(CodeIgniter\CodeIgniter))
11 FCPATH/index.php(59): CodeIgniter\Boot::bootWeb(Object(Config\Paths))
WARNING - 2026-01-26 18:30:29 --> [DEPRECATED] Creation of dynamic property Config\Torrent::$catImageDir is deprecated in APPPATH/Config/Torrent.php on line 115.
 1 SYSTEMPATH/Config/Factories.php(236): Config\Torrent->__construct()
 2 SYSTEMPATH/Config/Factories.php(170): CodeIgniter\Config\Factories::createInstance('config', 'Config\\Torrent', [])
 3 SYSTEMPATH/Config/Factories.php(189): CodeIgniter\Config\Factories::__callStatic('config', [])
 4 SYSTEMPATH/Common.php(208): CodeIgniter\Config\Factories::get('config', 'Torrent')
 5 APPPATH/Controllers/BaseController.php(131): config('Torrent')
 6 SYSTEMPATH/CodeIgniter.php(904): App\Controllers\BaseController->initController(Object(CodeIgniter\HTTP\IncomingRequest), Object(CodeIgniter\HTTP\Response), Object(CodeIgniter\Log\Logger))
 7 SYSTEMPATH/CodeIgniter.php(498): CodeIgniter\CodeIgniter->createController()
 8 SYSTEMPATH/CodeIgniter.php(354): CodeIgniter\CodeIgniter->handleRequest(null, Object(Config\Cache), false)
 9 SYSTEMPATH/Boot.php(363): CodeIgniter\CodeIgniter->run()
10 SYSTEMPATH/Boot.php(68): CodeIgniter\Boot::runCodeIgniter(Object(CodeIgniter\CodeIgniter))
11 FCPATH/index.php(59): CodeIgniter\Boot::bootWeb(Object(Config\Paths))
DEBUG - 2026-01-26 18:30:29 --> Session: Class initialized using 'CodeIgniter\Session\Handlers\DatabaseHandler' driver.
WARNING - 2026-01-26 18:30:29 --> [DEPRECATED] Creation of dynamic property Config\Torrent::$imageDir is deprecated in APPPATH/Config/Torrent.php on line 114.
 1 APPPATH/Helpers/avatar_helper.php(11): Config\Torrent->__construct()
 2 FCPATH/themes/front/torrent_view.php(56): avatar('1.png', 70, 'img-rounded img-responsive border border-dark border-3')
 3 SYSTEMPATH/View/View.php(226): include('/srv/http/torr.ws/public/themes/front/torrent_view.php')
 4 SYSTEMPATH/View/View.php(229): CodeIgniter\View\View->{closure:CodeIgniter\View\View::render():223}()
 5 APPPATH/ThirdParty/templates/Themes.php(464): CodeIgniter\View\View->render('torrent_view')
 6 APPPATH/Controllers/TorrentController.php(143): Arifrh\Themes\Themes::render('torrent_view', [...])
 7 SYSTEMPATH/CodeIgniter.php(933): App\Controllers\TorrentController->TorrentView(2)
 8 SYSTEMPATH/CodeIgniter.php(507): CodeIgniter\CodeIgniter->runController(Object(App\Controllers\TorrentController))
 9 SYSTEMPATH/CodeIgniter.php(354): CodeIgniter\CodeIgniter->handleRequest(null, Object(Config\Cache), false)
10 SYSTEMPATH/Boot.php(363): CodeIgniter\CodeIgniter->run()
11 SYSTEMPATH/Boot.php(68): CodeIgniter\Boot::runCodeIgniter(Object(CodeIgniter\CodeIgniter))
12 FCPATH/index.php(59): CodeIgniter\Boot::bootWeb(Object(Config\Paths))
WARNING - 2026-01-26 18:30:29 --> [DEPRECATED] Creation of dynamic property Config\Torrent::$catImageDir is deprecated in APPPATH/Config/Torrent.php on line 115.
 1 APPPATH/Helpers/avatar_helper.php(11): Config\Torrent->__construct()
 2 FCPATH/themes/front/torrent_view.php(56): avatar('1.png', 70, 'img-rounded img-responsive border border-dark border-3')
 3 SYSTEMPATH/View/View.php(226): include('/srv/http/torr.ws/public/themes/front/torrent_view.php')
 4 SYSTEMPATH/View/View.php(229): CodeIgniter\View\View->{closure:CodeIgniter\View\View::render():223}()
 5 APPPATH/ThirdParty/templates/Themes.php(464): CodeIgniter\View\View->render('torrent_view')
 6 APPPATH/Controllers/TorrentController.php(143): Arifrh\Themes\Themes::render('torrent_view', [...])
 7 SYSTEMPATH/CodeIgniter.php(933): App\Controllers\TorrentController->TorrentView(2)
 8 SYSTEMPATH/CodeIgniter.php(507): CodeIgniter\CodeIgniter->runController(Object(App\Controllers\TorrentController))
 9 SYSTEMPATH/CodeIgniter.php(354): CodeIgniter\CodeIgniter->handleRequest(null, Object(Config\Cache), false)
10 SYSTEMPATH/Boot.php(363): CodeIgniter\CodeIgniter->run()
11 SYSTEMPATH/Boot.php(68): CodeIgniter\Boot::runCodeIgniter(Object(CodeIgniter\CodeIgniter))
12 FCPATH/index.php(59): CodeIgniter\Boot::bootWeb(Object(Config\Paths))
WARNING - 2026-01-26 18:30:29 --> [DEPRECATED] Creation of dynamic property Config\Torrent::$imageDir is deprecated in APPPATH/Config/Torrent.php on line 114.
 1 APPPATH/Helpers/avatar_helper.php(11): Config\Torrent->__construct()
 2 FCPATH/themes/front/widget/login.php(9): avatar('1.png', 200)
 3 FCPATH/themes/front/footer.php(4): include('/srv/http/torr.ws/public/themes/front/widget/login.php')
 4 SYSTEMPATH/View/View.php(226): include('/srv/http/torr.ws/public/themes/front/footer.php')
 5 SYSTEMPATH/View/View.php(229): CodeIgniter\View\View->{closure:CodeIgniter\View\View::render():223}()
 6 APPPATH/ThirdParty/templates/Themes.php(468): CodeIgniter\View\View->render('footer')
 7 APPPATH/Controllers/TorrentController.php(143): Arifrh\Themes\Themes::render('torrent_view', [...])
 8 SYSTEMPATH/CodeIgniter.php(933): App\Controllers\TorrentController->TorrentView(2)
 9 SYSTEMPATH/CodeIgniter.php(507): CodeIgniter\CodeIgniter->runController(Object(App\Controllers\TorrentController))
10 SYSTEMPATH/CodeIgniter.php(354): CodeIgniter\CodeIgniter->handleRequest(null, Object(Config\Cache), false)
11 SYSTEMPATH/Boot.php(363): CodeIgniter\CodeIgniter->run()
12 SYSTEMPATH/Boot.php(68): CodeIgniter\Boot::runCodeIgniter(Object(CodeIgniter\CodeIgniter))
13 FCPATH/index.php(59): CodeIgniter\Boot::bootWeb(Object(Config\Paths))
WARNING - 2026-01-26 18:30:29 --> [DEPRECATED] Creation of dynamic property Config\Torrent::$catImageDir is deprecated in APPPATH/Config/Torrent.php on line 115.
 1 APPPATH/Helpers/avatar_helper.php(11): Config\Torrent->__construct()
 2 FCPATH/themes/front/widget/login.php(9): avatar('1.png', 200)
 3 FCPATH/themes/front/footer.php(4): include('/srv/http/torr.ws/public/themes/front/widget/login.php')
 4 SYSTEMPATH/View/View.php(226): include('/srv/http/torr.ws/public/themes/front/footer.php')
 5 SYSTEMPATH/View/View.php(229): CodeIgniter\View\View->{closure:CodeIgniter\View\View::render():223}()
 6 APPPATH/ThirdParty/templates/Themes.php(468): CodeIgniter\View\View->render('footer')
 7 APPPATH/Controllers/TorrentController.php(143): Arifrh\Themes\Themes::render('torrent_view', [...])
 8 SYSTEMPATH/CodeIgniter.php(933): App\Controllers\TorrentController->TorrentView(2)
 9 SYSTEMPATH/CodeIgniter.php(507): CodeIgniter\CodeIgniter->runController(Object(App\Controllers\TorrentController))
10 SYSTEMPATH/CodeIgniter.php(354): CodeIgniter\CodeIgniter->handleRequest(null, Object(Config\Cache), false)
11 SYSTEMPATH/Boot.php(363): CodeIgniter\CodeIgniter->run()
12 SYSTEMPATH/Boot.php(68): CodeIgniter\Boot::runCodeIgniter(Object(CodeIgniter\CodeIgniter))
13 FCPATH/index.php(59): CodeIgniter\Boot::bootWeb(Object(Config\Paths))
WARNING - 2026-01-26 19:03:49 --> [DEPRECATED] Creation of dynamic property Config\Torrent::$imageDir is deprecated in APPPATH/Config/Torrent.php on line 114.
 1 SYSTEMPATH/Config/Factories.php(236): Config\Torrent->__construct()
 2 SYSTEMPATH/Config/Factories.php(170): CodeIgniter\Config\Factories::createInstance('config', 'Config\\Torrent', [])
 3 SYSTEMPATH/Config/Factories.php(189): CodeIgniter\Config\Factories::__callStatic('config', [])
 4 SYSTEMPATH/Common.php(208): CodeIgniter\Config\Factories::get('config', 'Torrent')
 5 APPPATH/Controllers/BaseController.php(131): config('Torrent')
 6 SYSTEMPATH/CodeIgniter.php(904): App\Controllers\BaseController->initController(Object(CodeIgniter\HTTP\IncomingRequest), Object(CodeIgniter\HTTP\Response), Object(CodeIgniter\Log\Logger))
 7 SYSTEMPATH/CodeIgniter.php(498): CodeIgniter\CodeIgniter->createController()
 8 SYSTEMPATH/CodeIgniter.php(354): CodeIgniter\CodeIgniter->handleRequest(null, Object(Config\Cache), false)
 9 SYSTEMPATH/Boot.php(363): CodeIgniter\CodeIgniter->run()
10 SYSTEMPATH/Boot.php(68): CodeIgniter\Boot::runCodeIgniter(Object(CodeIgniter\CodeIgniter))
11 FCPATH/index.php(59): CodeIgniter\Boot::bootWeb(Object(Config\Paths))
WARNING - 2026-01-26 19:03:49 --> [DEPRECATED] Creation of dynamic property Config\Torrent::$catImageDir is deprecated in APPPATH/Config/Torrent.php on line 115.
 1 SYSTEMPATH/Config/Factories.php(236): Config\Torrent->__construct()
 2 SYSTEMPATH/Config/Factories.php(170): CodeIgniter\Config\Factories::createInstance('config', 'Config\\Torrent', [])
 3 SYSTEMPATH/Config/Factories.php(189): CodeIgniter\Config\Factories::__callStatic('config', [])
 4 SYSTEMPATH/Common.php(208): CodeIgniter\Config\Factories::get('config', 'Torrent')
 5 APPPATH/Controllers/BaseController.php(131): config('Torrent')
 6 SYSTEMPATH/CodeIgniter.php(904): App\Controllers\BaseController->initController(Object(CodeIgniter\HTTP\IncomingRequest), Object(CodeIgniter\HTTP\Response), Object(CodeIgniter\Log\Logger))
 7 SYSTEMPATH/CodeIgniter.php(498): CodeIgniter\CodeIgniter->createController()
 8 SYSTEMPATH/CodeIgniter.php(354): CodeIgniter\CodeIgniter->handleRequest(null, Object(Config\Cache), false)
 9 SYSTEMPATH/Boot.php(363): CodeIgniter\CodeIgniter->run()
10 SYSTEMPATH/Boot.php(68): CodeIgniter\Boot::runCodeIgniter(Object(CodeIgniter\CodeIgniter))
11 FCPATH/index.php(59): CodeIgniter\Boot::bootWeb(Object(Config\Paths))
DEBUG - 2026-01-26 19:03:49 --> Session: Class initialized using 'CodeIgniter\Session\Handlers\DatabaseHandler' driver.
WARNING - 2026-01-26 19:03:49 --> [DEPRECATED] Creation of dynamic property Config\Torrent::$imageDir is deprecated in APPPATH/Config/Torrent.php on line 114.
 1 APPPATH/Helpers/avatar_helper.php(11): Config\Torrent->__construct()
 2 FCPATH/themes/front/torrent_view.php(56): avatar('1.png', 70, 'img-rounded img-responsive border border-dark border-3')
 3 SYSTEMPATH/View/View.php(226): include('/srv/http/torr.ws/public/themes/front/torrent_view.php')
 4 SYSTEMPATH/View/View.php(229): CodeIgniter\View\View->{closure:CodeIgniter\View\View::render():223}()
 5 APPPATH/ThirdParty/templates/Themes.php(464): CodeIgniter\View\View->render('torrent_view')
 6 APPPATH/Controllers/TorrentController.php(143): Arifrh\Themes\Themes::render('torrent_view', [...])
 7 SYSTEMPATH/CodeIgniter.php(933): App\Controllers\TorrentController->TorrentView(2)
 8 SYSTEMPATH/CodeIgniter.php(507): CodeIgniter\CodeIgniter->runController(Object(App\Controllers\TorrentController))
 9 SYSTEMPATH/CodeIgniter.php(354): CodeIgniter\CodeIgniter->handleRequest(null, Object(Config\Cache), false)
10 SYSTEMPATH/Boot.php(363): CodeIgniter\CodeIgniter->run()
11 SYSTEMPATH/Boot.php(68): CodeIgniter\Boot::runCodeIgniter(Object(CodeIgniter\CodeIgniter))
12 FCPATH/index.php(59): CodeIgniter\Boot::bootWeb(Object(Config\Paths))
WARNING - 2026-01-26 19:03:49 --> [DEPRECATED] Creation of dynamic property Config\Torrent::$catImageDir is deprecated in APPPATH/Config/Torrent.php on line 115.
 1 APPPATH/Helpers/avatar_helper.php(11): Config\Torrent->__construct()
 2 FCPATH/themes/front/torrent_view.php(56): avatar('1.png', 70, 'img-rounded img-responsive border border-dark border-3')
 3 SYSTEMPATH/View/View.php(226): include('/srv/http/torr.ws/public/themes/front/torrent_view.php')
 4 SYSTEMPATH/View/View.php(229): CodeIgniter\View\View->{closure:CodeIgniter\View\View::render():223}()
 5 APPPATH/ThirdParty/templates/Themes.php(464): CodeIgniter\View\View->render('torrent_view')
 6 APPPATH/Controllers/TorrentController.php(143): Arifrh\Themes\Themes::render('torrent_view', [...])
 7 SYSTEMPATH/CodeIgniter.php(933): App\Controllers\TorrentController->TorrentView(2)
 8 SYSTEMPATH/CodeIgniter.php(507): CodeIgniter\CodeIgniter->runController(Object(App\Controllers\TorrentController))
 9 SYSTEMPATH/CodeIgniter.php(354): CodeIgniter\CodeIgniter->handleRequest(null, Object(Config\Cache), false)
10 SYSTEMPATH/Boot.php(363): CodeIgniter\CodeIgniter->run()
11 SYSTEMPATH/Boot.php(68): CodeIgniter\Boot::runCodeIgniter(Object(CodeIgniter\CodeIgniter))
12 FCPATH/index.php(59): CodeIgniter\Boot::bootWeb(Object(Config\Paths))
WARNING - 2026-01-26 19:03:49 --> [DEPRECATED] Creation of dynamic property Config\Torrent::$imageDir is deprecated in APPPATH/Config/Torrent.php on line 114.
 1 APPPATH/Helpers/avatar_helper.php(11): Config\Torrent->__construct()
 2 FCPATH/themes/front/widget/login.php(9): avatar('1.png', 200)
 3 FCPATH/themes/front/footer.php(4): include('/srv/http/torr.ws/public/themes/front/widget/login.php')
 4 SYSTEMPATH/View/View.php(226): include('/srv/http/torr.ws/public/themes/front/footer.php')
 5 SYSTEMPATH/View/View.php(229): CodeIgniter\View\View->{closure:CodeIgniter\View\View::render():223}()
 6 APPPATH/ThirdParty/templates/Themes.php(468): CodeIgniter\View\View->render('footer')
 7 APPPATH/Controllers/TorrentController.php(143): Arifrh\Themes\Themes::render('torrent_view', [...])
 8 SYSTEMPATH/CodeIgniter.php(933): App\Controllers\TorrentController->TorrentView(2)
 9 SYSTEMPATH/CodeIgniter.php(507): CodeIgniter\CodeIgniter->runController(Object(App\Controllers\TorrentController))
10 SYSTEMPATH/CodeIgniter.php(354): CodeIgniter\CodeIgniter->handleRequest(null, Object(Config\Cache), false)
11 SYSTEMPATH/Boot.php(363): CodeIgniter\CodeIgniter->run()
12 SYSTEMPATH/Boot.php(68): CodeIgniter\Boot::runCodeIgniter(Object(CodeIgniter\CodeIgniter))
13 FCPATH/index.php(59): CodeIgniter\Boot::bootWeb(Object(Config\Paths))
WARNING - 2026-01-26 19:03:49 --> [DEPRECATED] Creation of dynamic property Config\Torrent::$catImageDir is deprecated in APPPATH/Config/Torrent.php on line 115.
 1 APPPATH/Helpers/avatar_helper.php(11): Config\Torrent->__construct()
 2 FCPATH/themes/front/widget/login.php(9): avatar('1.png', 200)
 3 FCPATH/themes/front/footer.php(4): include('/srv/http/torr.ws/public/themes/front/widget/login.php')
 4 SYSTEMPATH/View/View.php(226): include('/srv/http/torr.ws/public/themes/front/footer.php')
 5 SYSTEMPATH/View/View.php(229): CodeIgniter\View\View->{closure:CodeIgniter\View\View::render():223}()
 6 APPPATH/ThirdParty/templates/Themes.php(468): CodeIgniter\View\View->render('footer')
 7 APPPATH/Controllers/TorrentController.php(143): Arifrh\Themes\Themes::render('torrent_view', [...])
 8 SYSTEMPATH/CodeIgniter.php(933): App\Controllers\TorrentController->TorrentView(2)
 9 SYSTEMPATH/CodeIgniter.php(507): CodeIgniter\CodeIgniter->runController(Object(App\Controllers\TorrentController))
10 SYSTEMPATH/CodeIgniter.php(354): CodeIgniter\CodeIgniter->handleRequest(null, Object(Config\Cache), false)
11 SYSTEMPATH/Boot.php(363): CodeIgniter\CodeIgniter->run()
12 SYSTEMPATH/Boot.php(68): CodeIgniter\Boot::runCodeIgniter(Object(CodeIgniter\CodeIgniter))
13 FCPATH/index.php(59): CodeIgniter\Boot::bootWeb(Object(Config\Paths))
WARNING - 2026-01-26 20:50:23 --> [DEPRECATED] Creation of dynamic property Config\Torrent::$imageDir is deprecated in APPPATH/Config/Torrent.php on line 114.
 1 SYSTEMPATH/Config/Factories.php(236): Config\Torrent->__construct()
 2 SYSTEMPATH/Config/Factories.php(170): CodeIgniter\Config\Factories::createInstance('config', 'Config\\Torrent', [])
 3 SYSTEMPATH/Config/Factories.php(189): CodeIgniter\Config\Factories::__callStatic('config', [])
 4 SYSTEMPATH/Common.php(208): CodeIgniter\Config\Factories::get('config', 'Torrent')
 5 APPPATH/Controllers/BaseController.php(131): config('Torrent')
 6 SYSTEMPATH/CodeIgniter.php(904): App\Controllers\BaseController->initController(Object(CodeIgniter\HTTP\IncomingRequest), Object(CodeIgniter\HTTP\Response), Object(CodeIgniter\Log\Logger))
 7 SYSTEMPATH/CodeIgniter.php(498): CodeIgniter\CodeIgniter->createController()
 8 SYSTEMPATH/CodeIgniter.php(354): CodeIgniter\CodeIgniter->handleRequest(null, Object(Config\Cache), false)
 9 SYSTEMPATH/Boot.php(363): CodeIgniter\CodeIgniter->run()
10 SYSTEMPATH/Boot.php(68): CodeIgniter\Boot::runCodeIgniter(Object(CodeIgniter\CodeIgniter))
11 FCPATH/index.php(59): CodeIgniter\Boot::bootWeb(Object(Config\Paths))
WARNING - 2026-01-26 20:50:23 --> [DEPRECATED] Creation of dynamic property Config\Torrent::$catImageDir is deprecated in APPPATH/Config/Torrent.php on line 115.
 1 SYSTEMPATH/Config/Factories.php(236): Config\Torrent->__construct()
 2 SYSTEMPATH/Config/Factories.php(170): CodeIgniter\Config\Factories::createInstance('config', 'Config\\Torrent', [])
 3 SYSTEMPATH/Config/Factories.php(189): CodeIgniter\Config\Factories::__callStatic('config', [])
 4 SYSTEMPATH/Common.php(208): CodeIgniter\Config\Factories::get('config', 'Torrent')
 5 APPPATH/Controllers/BaseController.php(131): config('Torrent')
 6 SYSTEMPATH/CodeIgniter.php(904): App\Controllers\BaseController->initController(Object(CodeIgniter\HTTP\IncomingRequest), Object(CodeIgniter\HTTP\Response), Object(CodeIgniter\Log\Logger))
 7 SYSTEMPATH/CodeIgniter.php(498): CodeIgniter\CodeIgniter->createController()
 8 SYSTEMPATH/CodeIgniter.php(354): CodeIgniter\CodeIgniter->handleRequest(null, Object(Config\Cache), false)
 9 SYSTEMPATH/Boot.php(363): CodeIgniter\CodeIgniter->run()
10 SYSTEMPATH/Boot.php(68): CodeIgniter\Boot::runCodeIgniter(Object(CodeIgniter\CodeIgniter))
11 FCPATH/index.php(59): CodeIgniter\Boot::bootWeb(Object(Config\Paths))
DEBUG - 2026-01-26 20:50:23 --> Session: Class initialized using 'CodeIgniter\Session\Handlers\DatabaseHandler' driver.
WARNING - 2026-01-26 20:50:23 --> [DEPRECATED] Creation of dynamic property Config\Torrent::$imageDir is deprecated in APPPATH/Config/Torrent.php on line 114.
 1 APPPATH/Helpers/avatar_helper.php(11): Config\Torrent->__construct()
 2 FCPATH/themes/front/torrent_view.php(56): avatar('1.png', 70, 'img-rounded img-responsive border border-dark border-3')
 3 SYSTEMPATH/View/View.php(226): include('/srv/http/torr.ws/public/themes/front/torrent_view.php')
 4 SYSTEMPATH/View/View.php(229): CodeIgniter\View\View->{closure:CodeIgniter\View\View::render():223}()
 5 APPPATH/ThirdParty/templates/Themes.php(464): CodeIgniter\View\View->render('torrent_view')
 6 APPPATH/Controllers/TorrentController.php(143): Arifrh\Themes\Themes::render('torrent_view', [...])
 7 SYSTEMPATH/CodeIgniter.php(933): App\Controllers\TorrentController->TorrentView(2)
 8 SYSTEMPATH/CodeIgniter.php(507): CodeIgniter\CodeIgniter->runController(Object(App\Controllers\TorrentController))
 9 SYSTEMPATH/CodeIgniter.php(354): CodeIgniter\CodeIgniter->handleRequest(null, Object(Config\Cache), false)
10 SYSTEMPATH/Boot.php(363): CodeIgniter\CodeIgniter->run()
11 SYSTEMPATH/Boot.php(68): CodeIgniter\Boot::runCodeIgniter(Object(CodeIgniter\CodeIgniter))
12 FCPATH/index.php(59): CodeIgniter\Boot::bootWeb(Object(Config\Paths))
WARNING - 2026-01-26 20:50:23 --> [DEPRECATED] Creation of dynamic property Config\Torrent::$catImageDir is deprecated in APPPATH/Config/Torrent.php on line 115.
 1 APPPATH/Helpers/avatar_helper.php(11): Config\Torrent->__construct()
 2 FCPATH/themes/front/torrent_view.php(56): avatar('1.png', 70, 'img-rounded img-responsive border border-dark border-3')
 3 SYSTEMPATH/View/View.php(226): include('/srv/http/torr.ws/public/themes/front/torrent_view.php')
 4 SYSTEMPATH/View/View.php(229): CodeIgniter\View\View->{closure:CodeIgniter\View\View::render():223}()
 5 APPPATH/ThirdParty/templates/Themes.php(464): CodeIgniter\View\View->render('torrent_view')
 6 APPPATH/Controllers/TorrentController.php(143): Arifrh\Themes\Themes::render('torrent_view', [...])
 7 SYSTEMPATH/CodeIgniter.php(933): App\Controllers\TorrentController->TorrentView(2)
 8 SYSTEMPATH/CodeIgniter.php(507): CodeIgniter\CodeIgniter->runController(Object(App\Controllers\TorrentController))
 9 SYSTEMPATH/CodeIgniter.php(354): CodeIgniter\CodeIgniter->handleRequest(null, Object(Config\Cache), false)
10 SYSTEMPATH/Boot.php(363): CodeIgniter\CodeIgniter->run()
11 SYSTEMPATH/Boot.php(68): CodeIgniter\Boot::runCodeIgniter(Object(CodeIgniter\CodeIgniter))
12 FCPATH/index.php(59): CodeIgniter\Boot::bootWeb(Object(Config\Paths))
WARNING - 2026-01-26 20:50:23 --> [DEPRECATED] Creation of dynamic property Config\Torrent::$imageDir is deprecated in APPPATH/Config/Torrent.php on line 114.
 1 APPPATH/Helpers/avatar_helper.php(11): Config\Torrent->__construct()
 2 FCPATH/themes/front/widget/login.php(9): avatar('1.png', 200)
 3 FCPATH/themes/front/footer.php(4): include('/srv/http/torr.ws/public/themes/front/widget/login.php')
 4 SYSTEMPATH/View/View.php(226): include('/srv/http/torr.ws/public/themes/front/footer.php')
 5 SYSTEMPATH/View/View.php(229): CodeIgniter\View\View->{closure:CodeIgniter\View\View::render():223}()
 6 APPPATH/ThirdParty/templates/Themes.php(468): CodeIgniter\View\View->render('footer')
 7 APPPATH/Controllers/TorrentController.php(143): Arifrh\Themes\Themes::render('torrent_view', [...])
 8 SYSTEMPATH/CodeIgniter.php(933): App\Controllers\TorrentController->TorrentView(2)
 9 SYSTEMPATH/CodeIgniter.php(507): CodeIgniter\CodeIgniter->runController(Object(App\Controllers\TorrentController))
10 SYSTEMPATH/CodeIgniter.php(354): CodeIgniter\CodeIgniter->handleRequest(null, Object(Config\Cache), false)
11 SYSTEMPATH/Boot.php(363): CodeIgniter\CodeIgniter->run()
12 SYSTEMPATH/Boot.php(68): CodeIgniter\Boot::runCodeIgniter(Object(CodeIgniter\CodeIgniter))
13 FCPATH/index.php(59): CodeIgniter\Boot::bootWeb(Object(Config\Paths))
WARNING - 2026-01-26 20:50:23 --> [DEPRECATED] Creation of dynamic property Config\Torrent::$catImageDir is deprecated in APPPATH/Config/Torrent.php on line 115.
 1 APPPATH/Helpers/avatar_helper.php(11): Config\Torrent->__construct()
 2 FCPATH/themes/front/widget/login.php(9): avatar('1.png', 200)
 3 FCPATH/themes/front/footer.php(4): include('/srv/http/torr.ws/public/themes/front/widget/login.php')
 4 SYSTEMPATH/View/View.php(226): include('/srv/http/torr.ws/public/themes/front/footer.php')
 5 SYSTEMPATH/View/View.php(229): CodeIgniter\View\View->{closure:CodeIgniter\View\View::render():223}()
 6 APPPATH/ThirdParty/templates/Themes.php(468): CodeIgniter\View\View->render('footer')
 7 APPPATH/Controllers/TorrentController.php(143): Arifrh\Themes\Themes::render('torrent_view', [...])
 8 SYSTEMPATH/CodeIgniter.php(933): App\Controllers\TorrentController->TorrentView(2)
 9 SYSTEMPATH/CodeIgniter.php(507): CodeIgniter\CodeIgniter->runController(Object(App\Controllers\TorrentController))
10 SYSTEMPATH/CodeIgniter.php(354): CodeIgniter\CodeIgniter->handleRequest(null, Object(Config\Cache), false)
11 SYSTEMPATH/Boot.php(363): CodeIgniter\CodeIgniter->run()
12 SYSTEMPATH/Boot.php(68): CodeIgniter\Boot::runCodeIgniter(Object(CodeIgniter\CodeIgniter))
13 FCPATH/index.php(59): CodeIgniter\Boot::bootWeb(Object(Config\Paths))
WARNING - 2026-01-26 20:56:52 --> [DEPRECATED] Creation of dynamic property Config\Torrent::$imageDir is deprecated in APPPATH/Config/Torrent.php on line 114.
 1 SYSTEMPATH/Config/Factories.php(236): Config\Torrent->__construct()
 2 SYSTEMPATH/Config/Factories.php(170): CodeIgniter\Config\Factories::createInstance('config', 'Config\\Torrent', [])
 3 SYSTEMPATH/Config/Factories.php(189): CodeIgniter\Config\Factories::__callStatic('config', [])
 4 SYSTEMPATH/Common.php(208): CodeIgniter\Config\Factories::get('config', 'Torrent')
 5 APPPATH/Controllers/BaseController.php(131): config('Torrent')
 6 SYSTEMPATH/CodeIgniter.php(904): App\Controllers\BaseController->initController(Object(CodeIgniter\HTTP\IncomingRequest), Object(CodeIgniter\HTTP\Response), Object(CodeIgniter\Log\Logger))
 7 SYSTEMPATH/CodeIgniter.php(498): CodeIgniter\CodeIgniter->createController()
 8 SYSTEMPATH/CodeIgniter.php(354): CodeIgniter\CodeIgniter->handleRequest(null, Object(Config\Cache), false)
 9 SYSTEMPATH/Boot.php(363): CodeIgniter\CodeIgniter->run()
10 SYSTEMPATH/Boot.php(68): CodeIgniter\Boot::runCodeIgniter(Object(CodeIgniter\CodeIgniter))
11 FCPATH/index.php(59): CodeIgniter\Boot::bootWeb(Object(Config\Paths))
WARNING - 2026-01-26 20:56:52 --> [DEPRECATED] Creation of dynamic property Config\Torrent::$catImageDir is deprecated in APPPATH/Config/Torrent.php on line 115.
 1 SYSTEMPATH/Config/Factories.php(236): Config\Torrent->__construct()
 2 SYSTEMPATH/Config/Factories.php(170): CodeIgniter\Config\Factories::createInstance('config', 'Config\\Torrent', [])
 3 SYSTEMPATH/Config/Factories.php(189): CodeIgniter\Config\Factories::__callStatic('config', [])
 4 SYSTEMPATH/Common.php(208): CodeIgniter\Config\Factories::get('config', 'Torrent')
 5 APPPATH/Controllers/BaseController.php(131): config('Torrent')
 6 SYSTEMPATH/CodeIgniter.php(904): App\Controllers\BaseController->initController(Object(CodeIgniter\HTTP\IncomingRequest), Object(CodeIgniter\HTTP\Response), Object(CodeIgniter\Log\Logger))
 7 SYSTEMPATH/CodeIgniter.php(498): CodeIgniter\CodeIgniter->createController()
 8 SYSTEMPATH/CodeIgniter.php(354): CodeIgniter\CodeIgniter->handleRequest(null, Object(Config\Cache), false)
 9 SYSTEMPATH/Boot.php(363): CodeIgniter\CodeIgniter->run()
10 SYSTEMPATH/Boot.php(68): CodeIgniter\Boot::runCodeIgniter(Object(CodeIgniter\CodeIgniter))
11 FCPATH/index.php(59): CodeIgniter\Boot::bootWeb(Object(Config\Paths))
DEBUG - 2026-01-26 20:56:52 --> Session: Class initialized using 'CodeIgniter\Session\Handlers\DatabaseHandler' driver.
WARNING - 2026-01-26 20:56:52 --> [DEPRECATED] Creation of dynamic property Config\Torrent::$imageDir is deprecated in APPPATH/Config/Torrent.php on line 114.
 1 APPPATH/Helpers/avatar_helper.php(11): Config\Torrent->__construct()
 2 FCPATH/themes/front/torrent_view.php(56): avatar('1.png', 70, 'img-rounded img-responsive border border-dark border-3')
 3 SYSTEMPATH/View/View.php(226): include('/srv/http/torr.ws/public/themes/front/torrent_view.php')
 4 SYSTEMPATH/View/View.php(229): CodeIgniter\View\View->{closure:CodeIgniter\View\View::render():223}()
 5 APPPATH/ThirdParty/templates/Themes.php(464): CodeIgniter\View\View->render('torrent_view')
 6 APPPATH/Controllers/TorrentController.php(143): Arifrh\Themes\Themes::render('torrent_view', [...])
 7 SYSTEMPATH/CodeIgniter.php(933): App\Controllers\TorrentController->TorrentView(2)
 8 SYSTEMPATH/CodeIgniter.php(507): CodeIgniter\CodeIgniter->runController(Object(App\Controllers\TorrentController))
 9 SYSTEMPATH/CodeIgniter.php(354): CodeIgniter\CodeIgniter->handleRequest(null, Object(Config\Cache), false)
10 SYSTEMPATH/Boot.php(363): CodeIgniter\CodeIgniter->run()
11 SYSTEMPATH/Boot.php(68): CodeIgniter\Boot::runCodeIgniter(Object(CodeIgniter\CodeIgniter))
12 FCPATH/index.php(59): CodeIgniter\Boot::bootWeb(Object(Config\Paths))
WARNING - 2026-01-26 20:56:52 --> [DEPRECATED] Creation of dynamic property Config\Torrent::$catImageDir is deprecated in APPPATH/Config/Torrent.php on line 115.
 1 APPPATH/Helpers/avatar_helper.php(11): Config\Torrent->__construct()
 2 FCPATH/themes/front/torrent_view.php(56): avatar('1.png', 70, 'img-rounded img-responsive border border-dark border-3')
 3 SYSTEMPATH/View/View.php(226): include('/srv/http/torr.ws/public/themes/front/torrent_view.php')
 4 SYSTEMPATH/View/View.php(229): CodeIgniter\View\View->{closure:CodeIgniter\View\View::render():223}()
 5 APPPATH/ThirdParty/templates/Themes.php(464): CodeIgniter\View\View->render('torrent_view')
 6 APPPATH/Controllers/TorrentController.php(143): Arifrh\Themes\Themes::render('torrent_view', [...])
 7 SYSTEMPATH/CodeIgniter.php(933): App\Controllers\TorrentController->TorrentView(2)
 8 SYSTEMPATH/CodeIgniter.php(507): CodeIgniter\CodeIgniter->runController(Object(App\Controllers\TorrentController))
 9 SYSTEMPATH/CodeIgniter.php(354): CodeIgniter\CodeIgniter->handleRequest(null, Object(Config\Cache), false)
10 SYSTEMPATH/Boot.php(363): CodeIgniter\CodeIgniter->run()
11 SYSTEMPATH/Boot.php(68): CodeIgniter\Boot::runCodeIgniter(Object(CodeIgniter\CodeIgniter))
12 FCPATH/index.php(59): CodeIgniter\Boot::bootWeb(Object(Config\Paths))
WARNING - 2026-01-26 20:56:52 --> [DEPRECATED] Creation of dynamic property Config\Torrent::$imageDir is deprecated in APPPATH/Config/Torrent.php on line 114.
 1 APPPATH/Helpers/avatar_helper.php(11): Config\Torrent->__construct()
 2 FCPATH/themes/front/widget/login.php(9): avatar('1.png', 200)
 3 FCPATH/themes/front/footer.php(4): include('/srv/http/torr.ws/public/themes/front/widget/login.php')
 4 SYSTEMPATH/View/View.php(226): include('/srv/http/torr.ws/public/themes/front/footer.php')
 5 SYSTEMPATH/View/View.php(229): CodeIgniter\View\View->{closure:CodeIgniter\View\View::render():223}()
 6 APPPATH/ThirdParty/templates/Themes.php(468): CodeIgniter\View\View->render('footer')
 7 APPPATH/Controllers/TorrentController.php(143): Arifrh\Themes\Themes::render('torrent_view', [...])
 8 SYSTEMPATH/CodeIgniter.php(933): App\Controllers\TorrentController->TorrentView(2)
 9 SYSTEMPATH/CodeIgniter.php(507): CodeIgniter\CodeIgniter->runController(Object(App\Controllers\TorrentController))
10 SYSTEMPATH/CodeIgniter.php(354): CodeIgniter\CodeIgniter->handleRequest(null, Object(Config\Cache), false)
11 SYSTEMPATH/Boot.php(363): CodeIgniter\CodeIgniter->run()
12 SYSTEMPATH/Boot.php(68): CodeIgniter\Boot::runCodeIgniter(Object(CodeIgniter\CodeIgniter))
13 FCPATH/index.php(59): CodeIgniter\Boot::bootWeb(Object(Config\Paths))
WARNING - 2026-01-26 20:56:52 --> [DEPRECATED] Creation of dynamic property Config\Torrent::$catImageDir is deprecated in APPPATH/Config/Torrent.php on line 115.
 1 APPPATH/Helpers/avatar_helper.php(11): Config\Torrent->__construct()
 2 FCPATH/themes/front/widget/login.php(9): avatar('1.png', 200)
 3 FCPATH/themes/front/footer.php(4): include('/srv/http/torr.ws/public/themes/front/widget/login.php')
 4 SYSTEMPATH/View/View.php(226): include('/srv/http/torr.ws/public/themes/front/footer.php')
 5 SYSTEMPATH/View/View.php(229): CodeIgniter\View\View->{closure:CodeIgniter\View\View::render():223}()
 6 APPPATH/ThirdParty/templates/Themes.php(468): CodeIgniter\View\View->render('footer')
 7 APPPATH/Controllers/TorrentController.php(143): Arifrh\Themes\Themes::render('torrent_view', [...])
 8 SYSTEMPATH/CodeIgniter.php(933): App\Controllers\TorrentController->TorrentView(2)
 9 SYSTEMPATH/CodeIgniter.php(507): CodeIgniter\CodeIgniter->runController(Object(App\Controllers\TorrentController))
10 SYSTEMPATH/CodeIgniter.php(354): CodeIgniter\CodeIgniter->handleRequest(null, Object(Config\Cache), false)
11 SYSTEMPATH/Boot.php(363): CodeIgniter\CodeIgniter->run()
12 SYSTEMPATH/Boot.php(68): CodeIgniter\Boot::runCodeIgniter(Object(CodeIgniter\CodeIgniter))
13 FCPATH/index.php(59): CodeIgniter\Boot::bootWeb(Object(Config\Paths))
